epoch_block,date,price_tau,tao_usd,stake_before,stake_after,free_tao,owner_emissions,staking_yield,validator_take,take_on_own_stake,take_on_external_stake,total_income,measured,residual
8745562,2026-08-01,0.008179472,192.2648,,,0.0,0.0,0.0,0.0,,,0.0,0.0,0.0
8745922,2026-08-01,0.008179472,192.2648,,,0.0,0.0,0.0,0.0,,,0.0,0.0,0.0
8746282,2026-08-01,0.008179472,192.2648,,,0.0,0.0,0.0,0.0,,,0.0,0.0,0.0
8746642,2026-08-01,0.008179472,192.2648,,,0.0,0.0,0.0,0.0,,,0.0,0.0,0.0
8747002,2026-08-01,0.008179472,192.2648,,,0.0,0.0,0.0,0.0,,,0.0,0.0,0.0
8747362,2026-08-01,0.008179472,192.2648,,,0.0,0.0,0.0,0.0,,,0.0,0.0,0.0
8747722,2026-08-01,0.008179472,192.2648,,,0.0,0.0,0.0,0.0,,,0.0,0.0,0.0
8748082,2026-08-01,0.008179472,192.2648,,,0.0,0.0,0.0,0.0,,,0.0,0.0,0.0
8748442,2026-08-01,0.008179472,192.2648,,,0.0,0.0,0.0,0.0,,,0.0,0.0,0.0
8748802,2026-08-01,0.008179472,192.2648,,,0.0,0.0,0.0,0.0,,,0.0,0.0,0.0
8749162,2026-08-01,0.008179472,192.2648,,,0.0,0.0,0.0,0.0,,,0.0,0.0,0.0
8749522,2026-08-01,0.008179472,192.2648,,,0.0,0.0,0.0,0.0,,,0.0,0.0,0.0
8749882,2026-08-01,0.008179472,192.2648,,,0.0,0.0,0.0,0.0,,,0.0,0.0,0.0
8750242,2026-08-01,0.008179472,192.2648,,,0.0,0.0,0.0,0.0,,,0.0,0.0,0.0
8750602,2026-08-01,0.008179472,192.2648,,,0.0,0.0,0.0,0.0,,,0.0,0.0,0.0
8750962,2026-08-01,0.008179472,192.2648,,,0.0,0.0,0.0,0.0,,,0.0,0.0,0.0
8751322,2026-08-01,0.008179472,192.2648,,,0.0,0.0,0.0,0.0,,,0.0,0.0,0.0
8751682,2026-08-01,0.008179472,192.2648,,,0.0,0.0,0.0,0.0,,,0.0,0.0,0.0
8752042,2026-08-01,0.008179472,192.2648,,,0.0,0.0,0.0,0.0,,,0.0,0.0,0.0
8752402,2026-08-01,0.008179472,192.2648,,,0.0,0.0,0.0,0.0,,,0.0,0.0,0.0
8752762,2026-08-02,0.008591478,192.1828,,,0.0,0.0,0.0,0.0,,,0.0,0.0,0.0
8753122,2026-08-02,0.008591478,192.1828,,,0.0,0.0,0.0,0.0,,,0.0,0.0,0.0
8753482,2026-08-02,0.008591478,192.1828,,,0.0,0.0,0.0,0.0,,,0.0,0.0,0.0
8753842,2026-08-02,0.008591478,192.1828,,,0.0,0.0,0.0,0.0,,,0.0,0.0,0.0
8754202,2026-08-02,0.008591478,192.1828,,,0.0,0.0,0.0,0.0,,,0.0,0.0,0.0
8754562,2026-08-02,0.008591478,192.1828,,,0.0,0.0,0.0,0.0,,,0.0,0.0,0.0
8754922,2026-08-02,0.008591478,192.1828,,,0.0,0.0,0.0,0.0,,,0.0,0.0,0.0
8755282,2026-08-02,0.008591478,192.1828,,,0.0,0.0,0.0,0.0,,,0.0,0.0,0.0
8755642,2026-08-02,0.008591478,192.1828,,,0.0,0.0,0.0,0.0,,,0.0,0.0,0.0
8756002,2026-08-02,0.008591478,192.1828,,,0.0,0.0,0.0,0.0,,,0.0,0.0,0.0
8756362,2026-08-02,0.008591478,192.1828,,,0.0,0.0,0.0,0.0,,,0.0,0.0,0.0
8756722,2026-08-02,0.008591478,192.1828,,,0.0,0.0,0.0,0.0,,,0.0,0.0,0.0
8757082,2026-08-02,0.008591478,192.1828,,,0.0,0.0,0.0,0.0,,,0.0,0.0,0.0
8757442,2026-08-02,0.008591478,192.1828,,,0.0,0.0,0.0,0.0,,,0.0,0.0,0.0
8757802,2026-08-02,0.008591478,192.1828,,,0.0,0.0,0.0,0.0,,,0.0,0.0,0.0
8758162,2026-08-02,0.008591478,192.1828,,,0.0,0.0,0.0,0.0,,,0.0,0.0,0.0
8758522,2026-08-02,0.008591478,192.1828,,,0.0,0.0,0.0,0.0,,,0.0,0.0,0.0
8758882,2026-08-02,0.008591478,192.1828,,,0.0,0.0,0.0,0.0,,,0.0,0.0,0.0
8759242,2026-08-02,0.008591478,192.1828,,,0.0,0.0,0.0,0.0,,,0.0,0.0,0.0
8759602,2026-08-02,0.008591478,192.1828,,,0.0,0.0,0.0,0.0,,,0.0,0.0,0.0
8759962,2026-08-03,0.008667115,191.5684,,,0.0,0.0,0.0,0.0,,,0.0,0.0,0.0
8760322,2026-08-03,0.008667115,191.5684,,,0.0,0.0,0.0,0.0,,,0.0,0.0,0.0
8760682,2026-08-03,0.008667115,191.5684,,,0.0,0.0,0.0,0.0,,,0.0,0.0,0.0
8761042,2026-08-03,0.008667115,191.5684,,,0.0,0.0,0.0,0.0,,,0.0,0.0,0.0
8761402,2026-08-03,0.008667115,191.5684,,,0.0,0.0,0.0,0.0,,,0.0,0.0,0.0
8761762,2026-08-03,0.008667115,191.5684,,,0.0,0.0,0.0,0.0,,,0.0,0.0,0.0
8762122,2026-08-03,0.008667115,191.5684,,,0.0,0.0,0.0,0.0,,,0.0,0.0,0.0
8762482,2026-08-03,0.008667115,191.5684,,,0.0,0.0,0.0,0.0,,,0.0,0.0,0.0
8762842,2026-08-03,0.008667115,191.5684,,,0.0,0.0,0.0,0.0,,,0.0,0.0,0.0
8763202,2026-08-03,0.008667115,191.5684,,,0.0,0.0,0.0,0.0,,,0.0,0.0,0.0
8763562,2026-08-03,0.008667115,191.5684,,,0.0,0.0,0.0,0.0,,,0.0,0.0,0.0
8763922,2026-08-03,0.008667115,191.5684,,,0.0,0.0,0.0,0.0,,,0.0,0.0,0.0
8764282,2026-08-03,0.008667115,191.5684,,,0.0,0.0,0.0,0.0,,,0.0,0.0,0.0
8764642,2026-08-03,0.008667115,191.5684,,,0.0,0.0,0.0,0.0,,,0.0,0.0,0.0
8765002,2026-08-03,0.008667115,191.5684,,,0.0,0.0,0.0,0.0,,,0.0,0.0,0.0
8765362,2026-08-03,0.008667115,191.5684,,,0.0,0.0,0.0,0.0,,,0.0,0.0,0.0
8765722,2026-08-03,0.008667115,191.5684,,,0.0,0.0,0.0,0.0,,,0.0,0.0,0.0
8766082,2026-08-03,0.008667115,191.5684,,,0.0,0.0,0.0,0.0,,,0.0,0.0,0.0
8766442,2026-08-03,0.008667115,191.5684,,,0.0,0.0,0.0,0.0,,,0.0,0.0,0.0
8766802,2026-08-03,0.008667115,191.5684,,,0.0,0.0,0.0,0.0,,,0.0,0.0,0.0
8767162,2026-08-04,0.008472795,195.3836,,,0.0,0.0,0.0,0.0,,,0.0,0.0,0.0
8767522,2026-08-04,0.008472795,195.3836,,,0.0,0.0,0.0,0.0,,,0.0,0.0,0.0
8767882,2026-08-04,0.008472795,195.3836,,,0.0,0.0,0.0,0.0,,,0.0,0.0,0.0
8768242,2026-08-04,0.008472795,195.3836,,,0.0,0.0,0.0,0.0,,,0.0,0.0,0.0
8768602,2026-08-04,0.008472795,195.3836,,,0.0,0.0,0.0,0.0,,,0.0,0.0,0.0
8768962,2026-08-04,0.008472795,195.3836,,,0.0,0.0,0.0,0.0,,,0.0,0.0,0.0
8769322,2026-08-04,0.008472795,195.3836,,,0.0,0.0,0.0,0.0,,,0.0,0.0,0.0
8769682,2026-08-04,0.008472795,195.3836,,,0.0,0.0,0.0,0.0,,,0.0,0.0,0.0
8770042,2026-08-04,0.008472795,195.3836,,,0.0,0.0,0.0,0.0,,,0.0,0.0,0.0
8770402,2026-08-04,0.008472795,195.3836,,,0.0,0.0,0.0,0.0,,,0.0,0.0,0.0
8770762,2026-08-04,0.008472795,195.3836,,,0.0,0.0,0.0,0.0,,,0.0,0.0,0.0
8771122,2026-08-04,0.008472795,195.3836,,,0.0,0.0,0.0,0.0,,,0.0,0.0,0.0
8771482,2026-08-04,0.008472795,195.3836,,,0.0,0.0,0.0,0.0,,,0.0,0.0,0.0
8771842,2026-08-04,0.008472795,195.3836,,,0.0,0.0,0.0,0.0,,,0.0,0.0,0.0
8772202,2026-08-04,0.008472795,195.3836,,,0.0,0.0,0.0,0.0,,,0.0,0.0,0.0
8772562,2026-08-04,0.008472795,195.3836,,,0.0,0.0,0.0,0.0,,,0.0,0.0,0.0
8772922,2026-08-04,0.008472795,195.3836,,,0.0,0.0,0.0,0.0,,,0.0,0.0,0.0
8773282,2026-08-04,0.008472795,195.3836,,,0.0,0.0,0.0,0.0,,,0.0,0.0,0.0
8773642,2026-08-04,0.008472795,195.3836,,,0.0,0.0,0.0,0.0,,,0.0,0.0,0.0
8774002,2026-08-04,0.008472795,195.3836,,,0.0,0.0,0.0,0.0,,,0.0,0.0,0.0
8774362,2026-08-05,0.008149713,197.261,,,0.0,0.0,0.0,0.0,,,0.0,0.0,0.0
8774722,2026-08-05,0.008149713,197.261,,,0.0,0.0,0.0,0.0,,,0.0,0.0,0.0
8775082,2026-08-05,0.008149713,197.261,,,0.0,0.0,0.0,0.0,,,0.0,0.0,0.0
8775442,2026-08-05,0.008149713,197.261,,,0.0,0.0,0.0,0.0,,,0.0,0.0,0.0
8775802,2026-08-05,0.008149713,197.261,,,0.0,0.0,0.0,0.0,,,0.0,0.0,0.0
8776162,2026-08-05,0.008149713,197.261,,,0.0,0.0,0.0,0.0,,,0.0,0.0,0.0
8776522,2026-08-05,0.008149713,197.261,,,0.0,0.0,0.0,0.0,,,0.0,0.0,0.0
8776882,2026-08-05,0.008149713,197.261,,,0.0,0.0,0.0,0.0,,,0.0,0.0,0.0
8777242,2026-08-05,0.008149713,197.261,,,0.0,0.0,0.0,0.0,,,0.0,0.0,0.0
8777602,2026-08-05,0.008149713,197.261,,,0.0,0.0,0.0,0.0,,,0.0,0.0,0.0
8777962,2026-08-05,0.008149713,197.261,,,0.0,0.0,0.0,0.0,,,0.0,0.0,0.0
8778322,2026-08-05,0.008149713,197.261,,,0.0,0.0,0.0,0.0,,,0.0,0.0,0.0
8778682,2026-08-05,0.008149713,197.261,,,0.0,0.0,0.0,0.0,,,0.0,0.0,0.0
8779042,2026-08-05,0.008149713,197.261,,,0.0,0.0,0.0,0.0,,,0.0,0.0,0.0
8779402,2026-08-05,0.008149713,197.261,,,0.0,0.0,0.0,0.0,,,0.0,0.0,0.0
8779762,2026-08-05,0.008149713,197.261,,,0.0,0.0,0.0,0.0,,,0.0,0.0,0.0
8780122,2026-08-05,0.008149713,197.261,,,0.0,0.0,0.0,0.0,,,0.0,0.0,0.0
8780482,2026-08-05,0.008149713,197.261,,,0.0,0.0,0.0,0.0,,,0.0,0.0,0.0
8780842,2026-08-05,0.008149713,197.261,,,0.0,0.0,0.0,0.0,,,0.0,0.0,0.0
8781202,2026-08-05,0.008149713,197.261,,,0.0,0.0,0.0,0.0,,,0.0,0.0,0.0
8781562,2026-08-06,0.008818372,191.9631,,,0.0,0.0,0.0,0.0,,,0.0,0.0,0.0
8781922,2026-08-06,0.008818372,191.9631,,,0.0,0.0,0.0,0.0,,,0.0,0.0,0.0
8782282,2026-08-06,0.008818372,191.9631,,,0.0,0.0,0.0,0.0,,,0.0,0.0,0.0
8782642,2026-08-06,0.008818372,191.9631,,,0.0,0.0,0.0,0.0,,,0.0,0.0,0.0
8783002,2026-08-06,0.008818372,191.9631,,,0.0,0.0,0.0,0.0,,,0.0,0.0,0.0
8783362,2026-08-06,0.008818372,191.9631,,,0.0,0.0,0.0,0.0,,,0.0,0.0,0.0
8783722,2026-08-06,0.008818372,191.9631,,,0.0,0.0,0.0,0.0,,,0.0,0.0,0.0
8784082,2026-08-06,0.008818372,191.9631,,,0.0,0.0,0.0,0.0,,,0.0,0.0,0.0
8784442,2026-08-06,0.008818372,191.9631,,,0.0,0.0,0.0,0.0,,,0.0,0.0,0.0
8784802,2026-08-06,0.008818372,191.9631,,,0.0,0.0,0.0,0.0,,,0.0,0.0,0.0
8785162,2026-08-06,0.008818372,191.9631,,,0.0,0.0,0.0,0.0,,,0.0,0.0,0.0
8785522,2026-08-06,0.008818372,191.9631,,,0.0,0.0,0.0,0.0,,,0.0,0.0,0.0
8785882,2026-08-06,0.008818372,191.9631,,,0.0,0.0,0.0,0.0,,,0.0,0.0,0.0
8786242,2026-08-06,0.008818372,191.9631,,,0.0,0.0,0.0,0.0,,,0.0,0.0,0.0
8786602,2026-08-06,0.008818372,191.9631,,,0.0,0.0,0.0,0.0,,,0.0,0.0,0.0
8786962,2026-08-06,0.008818372,191.9631,,,0.0,0.0,0.0,0.0,,,0.0,0.0,0.0
8787322,2026-08-06,0.008818372,191.9631,,,0.0,0.0,0.0,0.0,,,0.0,0.0,0.0
8787682,2026-08-06,0.008818372,191.9631,,,0.0,0.0,0.0,0.0,,,0.0,0.0,0.0
8788042,2026-08-06,0.008818372,191.9631,,,0.0,0.0,0.0,0.0,,,0.0,0.0,0.0
8788402,2026-08-06,0.008818372,191.9631,,,0.0,0.0,0.0,0.0,,,0.0,0.0,0.0
8788762,2026-08-07,0.010864554,193.3733,,,0.0,0.0,0.0,0.0,,,0.0,0.0,0.0
8789122,2026-08-07,0.010864554,193.3733,,,0.0,0.0,0.0,0.0,,,0.0,0.0,0.0
8789482,2026-08-07,0.010864554,193.3733,,,0.0,0.0,0.0,0.0,,,0.0,0.0,0.0
8789842,2026-08-07,0.010864554,193.3733,,,0.0,0.0,0.0,0.0,,,0.0,0.0,0.0
8790202,2026-08-07,0.010864554,193.3733,,,0.0,0.0,0.0,0.0,,,0.0,0.0,0.0
8790562,2026-08-07,0.010864554,193.3733,,,0.0,0.0,0.0,0.0,,,0.0,0.0,0.0
8790922,2026-08-07,0.010864554,193.3733,,,0.0,0.0,0.0,0.0,,,0.0,0.0,0.0
8791282,2026-08-07,0.010864554,193.3733,,,0.0,0.0,0.0,0.0,,,0.0,0.0,0.0
8791642,2026-08-07,0.010864554,193.3733,,,0.0,0.0,0.0,0.0,,,0.0,0.0,0.0
8792002,2026-08-07,0.010864554,193.3733,,,0.0,0.0,0.0,0.0,,,0.0,0.0,0.0
8792362,2026-08-07,0.010864554,193.3733,,,0.0,0.0,0.0,0.0,,,0.0,0.0,0.0
8792722,2026-08-07,0.010864554,193.3733,,,0.0,0.0,0.0,0.0,,,0.0,0.0,0.0
8793082,2026-08-07,0.010864554,193.3733,,,0.0,0.0,0.0,0.0,,,0.0,0.0,0.0
8793442,2026-08-07,0.010864554,193.3733,,,0.0,0.0,0.0,0.0,,,0.0,0.0,0.0
8793802,2026-08-07,0.010864554,193.3733,,,0.0,0.0,0.0,0.0,,,0.0,0.0,0.0
8794162,2026-08-07,0.010864554,193.3733,,,0.0,0.0,0.0,0.0,,,0.0,0.0,0.0
8794522,2026-08-07,0.010864554,193.3733,,,0.0,0.0,0.0,0.0,,,0.0,0.0,0.0
8794882,2026-08-07,0.010864554,193.3733,,,0.0,0.0,0.0,0.0,,,0.0,0.0,0.0
8795242,2026-08-07,0.010864554,193.3733,,,0.0,0.0,0.0,0.0,,,0.0,0.0,0.0
8795602,2026-08-07,0.010864554,193.3733,,,0.0,0.0,0.0,0.0,,,0.0,0.0,0.0
8795962,2026-08-08,0.010594591,203.8272,,,0.0,0.0,0.0,0.0,,,0.0,0.0,0.0
8796322,2026-08-08,0.010594591,203.8272,,,0.0,0.0,0.0,0.0,,,0.0,0.0,0.0
8796682,2026-08-08,0.010594591,203.8272,,,0.0,0.0,0.0,0.0,,,0.0,0.0,0.0
8797042,2026-08-08,0.010594591,203.8272,,,0.0,0.0,0.0,0.0,,,0.0,0.0,0.0
8797402,2026-08-08,0.010594591,203.8272,,,0.0,0.0,0.0,0.0,,,0.0,0.0,0.0
8797762,2026-08-08,0.010594591,203.8272,,,0.0,0.0,0.0,0.0,,,0.0,0.0,0.0
8798122,2026-08-08,0.010594591,203.8272,,,0.0,0.0,0.0,0.0,,,0.0,0.0,0.0
8798482,2026-08-08,0.010594591,203.8272,,,0.0,0.0,0.0,0.0,,,0.0,0.0,0.0
8798842,2026-08-08,0.010594591,203.8272,,,0.0,0.0,0.0,0.0,,,0.0,0.0,0.0
8799202,2026-08-08,0.010594591,203.8272,,,0.0,0.0,0.0,0.0,,,0.0,0.0,0.0
8799562,2026-08-08,0.010594591,203.8272,,,0.0,0.0,0.0,0.0,,,0.0,0.0,0.0
8799922,2026-08-08,0.010594591,203.8272,,,0.0,0.0,0.0,0.0,,,0.0,0.0,0.0
8800282,2026-08-08,0.010594591,203.8272,,,0.0,0.0,0.0,0.0,,,0.0,0.0,0.0
8800642,2026-08-08,0.010594591,203.8272,,,0.0,0.0,0.0,0.0,,,0.0,0.0,0.0
8801002,2026-08-08,0.010594591,203.8272,,,0.0,0.0,0.0,0.0,,,0.0,0.0,0.0
8801362,2026-08-08,0.010594591,203.8272,,,0.0,0.0,0.0,0.0,,,0.0,0.0,0.0
8801722,2026-08-08,0.010594591,203.8272,,,0.0,0.0,0.0,0.0,,,0.0,0.0,0.0
8802082,2026-08-08,0.010594591,203.8272,,,0.0,0.0,0.0,0.0,,,0.0,0.0,0.0
8802442,2026-08-08,0.010594591,203.8272,,,0.0,0.0,0.0,0.0,,,0.0,0.0,0.0
8802802,2026-08-08,0.010594591,203.8272,,,0.0,0.0,0.0,0.0,,,0.0,0.0,0.0
8803162,2026-08-09,0.010337601,202.0268,,,0.0,0.0,0.0,0.0,,,0.0,0.0,0.0
8803522,2026-08-09,0.010337601,202.0268,,,0.0,0.0,0.0,0.0,,,0.0,0.0,0.0
8803882,2026-08-09,0.010337601,202.0268,,,0.0,0.0,0.0,0.0,,,0.0,0.0,0.0
8804242,2026-08-09,0.010337601,202.0268,,,0.0,0.0,0.0,0.0,,,0.0,0.0,0.0
8804602,2026-08-09,0.010337601,202.0268,,,0.0,0.0,0.0,0.0,,,0.0,0.0,0.0
8804962,2026-08-09,0.010337601,202.0268,,,0.0,0.0,0.0,0.0,,,0.0,0.0,0.0
8805322,2026-08-09,0.010337601,202.0268,,,0.0,0.0,0.0,0.0,,,0.0,0.0,0.0
8805682,2026-08-09,0.010337601,202.0268,,,0.0,0.0,0.0,0.0,,,0.0,0.0,0.0
8806042,2026-08-09,0.010337601,202.0268,,,0.0,0.0,0.0,0.0,,,0.0,0.0,0.0
8806402,2026-08-09,0.010337601,202.0268,,,0.0,0.0,0.0,0.0,,,0.0,0.0,0.0
8806762,2026-08-09,0.010337601,202.0268,,,0.0,0.0,0.0,0.0,,,0.0,0.0,0.0
8807122,2026-08-09,0.010337601,202.0268,,,0.0,0.0,0.0,0.0,,,0.0,0.0,0.0
8807482,2026-08-09,0.010337601,202.0268,,,0.0,0.0,0.0,0.0,,,0.0,0.0,0.0
8807842,2026-08-09,0.010337601,202.0268,,,0.0,0.0,0.0,0.0,,,0.0,0.0,0.0
8808202,2026-08-09,0.010337601,202.0268,,,0.0,0.0,0.0,0.0,,,0.0,0.0,0.0
8808562,2026-08-09,0.010337601,202.0268,,,0.0,0.0,0.0,0.0,,,0.0,0.0,0.0
8808922,2026-08-09,0.010337601,202.0268,,,0.0,0.0,0.0,0.0,,,0.0,0.0,0.0
8809282,2026-08-09,0.010337601,202.0268,,,0.0,0.0,0.0,0.0,,,0.0,0.0,0.0
8809642,2026-08-09,0.010337601,202.0268,,,0.0,0.0,0.0,0.0,,,0.0,0.0,0.0
8810002,2026-08-09,0.010337601,202.0268,,,0.0,0.0,0.0,0.0,,,0.0,0.0,0.0
8810362,2026-08-10,0.010442314,199.519,,,0.0,0.0,0.0,0.0,,,0.0,0.0,0.0
8810722,2026-08-10,0.010442314,199.519,,,0.0,0.0,0.0,0.0,,,0.0,0.0,0.0
8811082,2026-08-10,0.010442314,199.519,,,0.0,0.0,0.0,0.0,,,0.0,0.0,0.0
8811442,2026-08-10,0.010442314,199.519,,,0.0,0.0,0.0,0.0,,,0.0,0.0,0.0
8811802,2026-08-10,0.010442314,199.519,,,0.0,0.0,0.0,0.0,,,0.0,0.0,0.0
8812162,2026-08-10,0.010442314,199.519,,,0.0,0.0,0.0,0.0,,,0.0,0.0,0.0
8812522,2026-08-10,0.010442314,199.519,,,0.0,0.0,0.0,0.0,,,0.0,0.0,0.0
8812882,2026-08-10,0.010442314,199.519,,,0.0,0.0,0.0,0.0,,,0.0,0.0,0.0
8813242,2026-08-10,0.010442314,199.519,,,0.0,0.0,0.0,0.0,,,0.0,0.0,0.0
8813602,2026-08-10,0.010442314,199.519,,,0.0,0.0,0.0,0.0,,,0.0,0.0,0.0
8813962,2026-08-10,0.010442314,199.519,,,0.0,0.0,0.0,0.0,,,0.0,0.0,0.0
8814322,2026-08-10,0.010442314,199.519,,,0.0,0.0,0.0,0.0,,,0.0,0.0,0.0
8814682,2026-08-10,0.010442314,199.519,,,0.0,0.0,0.0,0.0,,,0.0,0.0,0.0
8815042,2026-08-10,0.010442314,199.519,,,0.0,0.0,0.0,0.0,,,0.0,0.0,0.0
8815402,2026-08-10,0.010442314,199.519,,,0.0,0.0,0.0,0.0,,,0.0,0.0,0.0
8815762,2026-08-10,0.010442314,199.519,,,0.0,0.0,0.0,0.0,,,0.0,0.0,0.0
8816122,2026-08-10,0.010442314,199.519,,,0.0,0.0,0.0,0.0,,,0.0,0.0,0.0
8816482,2026-08-10,0.010442314,199.519,,,0.0,0.0,0.0,0.0,,,0.0,0.0,0.0
8816842,2026-08-10,0.010442314,199.519,,,0.0,0.0,0.0,0.0,,,0.0,0.0,0.0
8817202,2026-08-10,0.010442314,199.519,,,0.0,0.0,0.0,0.0,,,0.0,0.0,0.0
8817562,2026-08-11,0.010210843,201.5903,,,0.0,0.0,0.0,0.0,,,0.0,0.0,0.0
8817922,2026-08-11,0.010210843,201.5903,,,0.0,0.0,0.0,0.0,,,0.0,0.0,0.0
8818282,2026-08-11,0.010210843,201.5903,,,0.0,0.0,0.0,0.0,,,0.0,0.0,0.0
8818642,2026-08-11,0.010210843,201.5903,,,0.0,0.0,0.0,0.0,,,0.0,0.0,0.0
8819002,2026-08-11,0.010210843,201.5903,,,0.0,0.0,0.0,0.0,,,0.0,0.0,0.0
8819362,2026-08-11,0.010210843,201.5903,,,0.0,0.0,0.0,0.0,,,0.0,0.0,0.0
8819722,2026-08-11,0.010210843,201.5903,,,0.0,0.0,0.0,0.0,,,0.0,0.0,0.0
8820082,2026-08-11,0.010210843,201.5903,,,0.0,0.0,0.0,0.0,,,0.0,0.0,0.0
8820442,2026-08-11,0.010210843,201.5903,,,0.0,0.0,0.0,0.0,,,0.0,0.0,0.0
8820802,2026-08-11,0.010210843,201.5903,,,0.0,0.0,0.0,0.0,,,0.0,0.0,0.0
8821162,2026-08-11,0.010210843,201.5903,,,0.0,0.0,0.0,0.0,,,0.0,0.0,0.0
8821522,2026-08-11,0.010210843,201.5903,,,0.0,0.0,0.0,0.0,,,0.0,0.0,0.0
8821882,2026-08-11,0.010210843,201.5903,,,0.0,0.0,0.0,0.0,,,0.0,0.0,0.0
8822242,2026-08-11,0.010210843,201.5903,,,0.0,0.0,0.0,0.0,,,0.0,0.0,0.0
8822602,2026-08-11,0.010210843,201.5903,,,0.0,0.0,0.0,0.0,,,0.0,0.0,0.0
8822962,2026-08-11,0.010210843,201.5903,,,0.0,0.0,0.0,0.0,,,0.0,0.0,0.0
8823322,2026-08-11,0.010210843,201.5903,,,0.0,0.0,0.0,0.0,,,0.0,0.0,0.0
8823682,2026-08-11,0.010210843,201.5903,,,0.0,0.0,0.0,0.0,,,0.0,0.0,0.0
8824042,2026-08-11,0.010210843,201.5903,,,0.0,0.0,0.0,0.0,,,0.0,0.0,0.0
8824402,2026-08-11,0.010210843,201.5903,,,0.0,0.0,0.0,0.0,,,0.0,0.0,0.0
8824762,2026-08-12,0.010200977,199.8388,,,0.0,0.0,0.0,0.0,,,0.0,0.0,0.0
8825122,2026-08-12,0.010200977,199.8388,,,0.0,0.0,0.0,0.0,,,0.0,0.0,0.0
8825482,2026-08-12,0.010200977,199.8388,,,0.0,0.0,0.0,0.0,,,0.0,0.0,0.0
8825842,2026-08-12,0.010200977,199.8388,,,0.0,0.0,0.0,0.0,,,0.0,0.0,0.0
8826202,2026-08-12,0.010200977,199.8388,,,0.0,0.0,0.0,0.0,,,0.0,0.0,0.0
8826562,2026-08-12,0.010200977,199.8388,,,0.0,0.0,0.0,0.0,,,0.0,0.0,0.0
8826922,2026-08-12,0.010200977,199.8388,,,0.0,0.0,0.0,0.0,,,0.0,0.0,0.0
8827282,2026-08-12,0.010200977,199.8388,,,0.0,0.0,0.0,0.0,,,0.0,0.0,0.0
8827642,2026-08-12,0.010200977,199.8388,,,0.0,0.0,0.0,0.0,,,0.0,0.0,0.0
8828002,2026-08-12,0.010200977,199.8388,,,0.0,0.0,0.0,0.0,,,0.0,0.0,0.0
8828362,2026-08-12,0.010200977,199.8388,,,0.0,0.0,0.0,0.0,,,0.0,0.0,0.0
8828722,2026-08-12,0.010200977,199.8388,,,0.0,0.0,0.0,0.0,,,0.0,0.0,0.0
8829082,2026-08-12,0.010200977,199.8388,,,0.0,0.0,0.0,0.0,,,0.0,0.0,0.0
8829442,2026-08-12,0.010200977,199.8388,,,0.0,0.0,0.0,0.0,,,0.0,0.0,0.0
8829802,2026-08-12,0.010200977,199.8388,,,0.0,0.0,0.0,0.0,,,0.0,0.0,0.0
8830162,2026-08-12,0.010200977,199.8388,,,0.0,0.0,0.0,0.0,,,0.0,0.0,0.0
8830522,2026-08-12,0.010200977,199.8388,,,0.0,0.0,0.0,0.0,,,0.0,0.0,0.0
8830882,2026-08-12,0.010200977,199.8388,,,0.0,0.0,0.0,0.0,,,0.0,0.0,0.0
8831242,2026-08-12,0.010200977,199.8388,,,0.0,0.0,0.0,0.0,,,0.0,0.0,0.0
8831602,2026-08-12,0.010200977,199.8388,,,0.0,0.0,0.0,0.0,,,0.0,0.0,0.0
8831962,2026-08-13,0.010354011,203.1022,,,0.0,0.0,0.0,0.0,,,0.0,0.0,0.0
8832322,2026-08-13,0.010354011,203.1022,,,0.0,0.0,0.0,0.0,,,0.0,0.0,0.0
8832682,2026-08-13,0.010354011,203.1022,,,0.0,0.0,0.0,0.0,,,0.0,0.0,0.0
8833042,2026-08-13,0.010354011,203.1022,,,0.0,0.0,0.0,0.0,,,0.0,0.0,0.0
8833402,2026-08-13,0.010354011,203.1022,,,0.0,0.0,0.0,0.0,,,0.0,0.0,0.0
8833762,2026-08-13,0.010354011,203.1022,,,0.0,0.0,0.0,0.0,,,0.0,0.0,0.0
8834122,2026-08-13,0.010354011,203.1022,,,0.0,0.0,0.0,0.0,,,0.0,0.0,0.0
8834482,2026-08-13,0.010354011,203.1022,,,0.0,0.0,0.0,0.0,,,0.0,0.0,0.0
8834842,2026-08-13,0.010354011,203.1022,,,0.0,0.0,0.0,0.0,,,0.0,0.0,0.0
8835202,2026-08-13,0.010354011,203.1022,,,0.0,0.0,0.0,0.0,,,0.0,0.0,0.0
8835562,2026-08-13,0.010354011,203.1022,,,0.0,0.0,0.0,0.0,,,0.0,0.0,0.0
8835922,2026-08-13,0.010354011,203.1022,,,0.0,0.0,0.0,0.0,,,0.0,0.0,0.0
8836282,2026-08-13,0.010354011,203.1022,,,0.0,0.0,0.0,0.0,,,0.0,0.0,0.0
8836642,2026-08-13,0.010354011,203.1022,,,0.0,0.0,0.0,0.0,,,0.0,0.0,0.0
8837002,2026-08-13,0.010354011,203.1022,,,0.0,0.0,0.0,0.0,,,0.0,0.0,0.0
8837362,2026-08-13,0.010354011,203.1022,,,0.0,0.0,0.0,0.0,,,0.0,0.0,0.0
8837722,2026-08-13,0.010354011,203.1022,,,0.0,0.0,0.0,0.0,,,0.0,0.0,0.0
8838082,2026-08-13,0.010354011,203.1022,,,0.0,0.0,0.0,0.0,,,0.0,0.0,0.0
8838442,2026-08-13,0.010354011,203.1022,,,0.0,0.0,0.0,0.0,,,0.0,0.0,0.0
8838802,2026-08-13,0.010354011,203.1022,,,0.0,0.0,0.0,0.0,,,0.0,0.0,0.0
8839162,2026-08-14,0.01093549,199.3878,,,0.0,0.0,0.0,0.0,,,0.0,0.0,0.0
8839522,2026-08-14,0.01093549,199.3878,,,0.0,0.0,0.0,0.0,,,0.0,0.0,0.0
8839882,2026-08-14,0.01093549,199.3878,,,0.0,0.0,0.0,0.0,,,0.0,0.0,0.0
8840242,2026-08-14,0.01093549,199.3878,,,0.0,0.0,0.0,0.0,,,0.0,0.0,0.0
8840602,2026-08-14,0.01093549,199.3878,,,0.0,0.0,0.0,0.0,,,0.0,0.0,0.0
8840962,2026-08-14,0.01093549,199.3878,,,0.0,0.0,0.0,0.0,,,0.0,0.0,0.0
8841322,2026-08-14,0.01093549,199.3878,,,0.0,0.0,0.0,0.0,,,0.0,0.0,0.0
8841682,2026-08-14,0.01093549,199.3878,,,0.0,0.0,0.0,0.0,,,0.0,0.0,0.0
8842042,2026-08-14,0.01093549,199.3878,,,0.0,0.0,0.0,0.0,,,0.0,0.0,0.0
8842402,2026-08-14,0.01093549,199.3878,,,0.0,0.0,0.0,0.0,,,0.0,0.0,0.0
8842762,2026-08-14,0.01093549,199.3878,,,0.0,0.0,0.0,0.0,,,0.0,0.0,0.0
8843122,2026-08-14,0.01093549,199.3878,,,0.0,0.0,0.0,0.0,,,0.0,0.0,0.0
8843482,2026-08-14,0.01093549,199.3878,,,0.0,0.0,0.0,0.0,,,0.0,0.0,0.0
8843842,2026-08-14,0.01093549,199.3878,,,0.0,0.0,0.0,0.0,,,0.0,0.0,0.0
8844202,2026-08-14,0.01093549,199.3878,,,0.0,0.0,0.0,0.0,,,0.0,0.0,0.0
8844562,2026-08-14,0.01093549,199.3878,,,0.0,0.0,0.0,0.0,,,0.0,0.0,0.0
8844922,2026-08-14,0.01093549,199.3878,,,0.0,0.0,0.0,0.0,,,0.0,0.0,0.0
8845282,2026-08-14,0.01093549,199.3878,,,0.0,0.0,0.0,0.0,,,0.0,0.0,0.0
8845642,2026-08-14,0.01093549,199.3878,,,0.0,0.0,0.0,0.0,,,0.0,0.0,0.0
8846002,2026-08-14,0.01093549,199.3878,,,0.0,0.0,0.0,0.0,,,0.0,0.0,0.0
8846362,2026-08-15,0.01110883,196.6102,,,0.0,0.0,0.0,0.0,,,0.0,0.0,0.0
8846722,2026-08-15,0.01110883,196.6102,,,0.0,0.0,0.0,0.0,,,0.0,0.0,0.0
8847082,2026-08-15,0.01110883,196.6102,,,0.0,0.0,0.0,0.0,,,0.0,0.0,0.0
8847442,2026-08-15,0.01110883,196.6102,,,0.0,0.0,0.0,0.0,,,0.0,0.0,0.0
8847802,2026-08-15,0.01110883,196.6102,,,0.0,0.0,0.0,0.0,,,0.0,0.0,0.0
8848162,2026-08-15,0.01110883,196.6102,,,0.0,0.0,0.0,0.0,,,0.0,0.0,0.0
8848522,2026-08-15,0.01110883,196.6102,,,0.0,0.0,0.0,0.0,,,0.0,0.0,0.0
8848882,2026-08-15,0.01110883,196.6102,,,0.0,0.0,0.0,0.0,,,0.0,0.0,0.0
8849242,2026-08-15,0.01110883,196.6102,,,0.0,0.0,0.0,0.0,,,0.0,0.0,0.0
8849602,2026-08-15,0.01110883,196.6102,,,0.0,0.0,0.0,0.0,,,0.0,0.0,0.0
8849962,2026-08-15,0.01110883,196.6102,,,0.0,0.0,0.0,0.0,,,0.0,0.0,0.0
8850322,2026-08-15,0.01110883,196.6102,,,0.0,0.0,0.0,0.0,,,0.0,0.0,0.0
8850682,2026-08-15,0.01110883,196.6102,,,0.0,0.0,0.0,0.0,,,0.0,0.0,0.0
8851042,2026-08-15,0.01110883,196.6102,,,0.0,0.0,0.0,0.0,,,0.0,0.0,0.0
8851402,2026-08-15,0.01110883,196.6102,,,0.0,0.0,0.0,0.0,,,0.0,0.0,0.0
8851762,2026-08-15,0.01110883,196.6102,,,0.0,0.0,0.0,0.0,,,0.0,0.0,0.0
8852122,2026-08-15,0.01110883,196.6102,,,0.0,0.0,0.0,0.0,,,0.0,0.0,0.0
8852482,2026-08-15,0.01110883,196.6102,,,0.0,0.0,0.0,0.0,,,0.0,0.0,0.0
8852842,2026-08-15,0.01110883,196.6102,,,0.0,0.0,0.0,0.0,,,0.0,0.0,0.0
8853202,2026-08-15,0.01110883,196.6102,,,0.0,0.0,0.0,0.0,,,0.0,0.0,0.0
8853562,2026-08-16,0.011013035,195.6228,,,0.0,0.0,0.0,0.0,,,0.0,0.0,0.0
8853922,2026-08-16,0.011013035,195.6228,,,0.0,0.0,0.0,0.0,,,0.0,0.0,0.0
8854282,2026-08-16,0.011013035,195.6228,,,0.0,0.0,0.0,0.0,,,0.0,0.0,0.0
8854642,2026-08-16,0.011013035,195.6228,,,0.0,0.0,0.0,0.0,,,0.0,0.0,0.0
8855002,2026-08-16,0.011013035,195.6228,,,0.0,0.0,0.0,0.0,,,0.0,0.0,0.0
8855362,2026-08-16,0.011013035,195.6228,,,0.0,0.0,0.0,0.0,,,0.0,0.0,0.0
8855722,2026-08-16,0.011013035,195.6228,,,0.0,0.0,0.0,0.0,,,0.0,0.0,0.0
8856082,2026-08-16,0.011013035,195.6228,,,0.0,0.0,0.0,0.0,,,0.0,0.0,0.0
8856442,2026-08-16,0.011013035,195.6228,,,0.0,0.0,0.0,0.0,,,0.0,0.0,0.0
8856802,2026-08-16,0.011013035,195.6228,,,0.0,0.0,0.0,0.0,,,0.0,0.0,0.0
8857162,2026-08-16,0.011013035,195.6228,,,0.0,0.0,0.0,0.0,,,0.0,0.0,0.0
8857522,2026-08-16,0.011013035,195.6228,,,0.0,0.0,0.0,0.0,,,0.0,0.0,0.0
8857882,2026-08-16,0.011013035,195.6228,,,0.0,0.0,0.0,0.0,,,0.0,0.0,0.0
8858242,2026-08-16,0.011013035,195.6228,,,0.0,0.0,0.0,0.0,,,0.0,0.0,0.0
8858602,2026-08-16,0.011013035,195.6228,,,0.0,0.0,0.0,0.0,,,0.0,0.0,0.0
8858962,2026-08-16,0.011013035,195.6228,,,0.0,0.0,0.0,0.0,,,0.0,0.0,0.0
8859322,2026-08-16,0.011013035,195.6228,,,0.0,0.0,0.0,0.0,,,0.0,0.0,0.0
8859682,2026-08-16,0.011013035,195.6228,,,0.0,0.0,0.0,0.0,,,0.0,0.0,0.0
8860042,2026-08-16,0.011013035,195.6228,,,0.0,0.0,0.0,0.0,,,0.0,0.0,0.0
8860402,2026-08-16,0.011013035,195.6228,,,0.0,0.0,0.0,0.0,,,0.0,0.0,0.0
8860762,2026-08-17,0.011328596,196.0455,,,0.0,0.0,0.0,0.0,,,0.0,0.0,0.0
8861122,2026-08-17,0.011328596,196.0455,,,0.0,0.0,0.0,0.0,,,0.0,0.0,0.0
8861482,2026-08-17,0.011328596,196.0455,,,0.0,0.0,0.0,0.0,,,0.0,0.0,0.0
8861842,2026-08-17,0.011328596,196.0455,,,0.0,0.0,0.0,0.0,,,0.0,0.0,0.0
8862202,2026-08-17,0.011328596,196.0455,,,0.0,0.0,0.0,0.0,,,0.0,0.0,0.0
8862562,2026-08-17,0.011328596,196.0455,,,0.0,0.0,0.0,0.0,,,0.0,0.0,0.0
8862922,2026-08-17,0.011328596,196.0455,,,0.0,0.0,0.0,0.0,,,0.0,0.0,0.0
8863282,2026-08-17,0.011328596,196.0455,,,0.0,0.0,0.0,0.0,,,0.0,0.0,0.0
8863642,2026-08-17,0.011328596,196.0455,,,0.0,0.0,0.0,0.0,,,0.0,0.0,0.0
8864002,2026-08-17,0.011328596,196.0455,,,0.0,0.0,0.0,0.0,,,0.0,0.0,0.0
8864362,2026-08-17,0.011328596,196.0455,,,0.0,0.0,0.0,0.0,,,0.0,0.0,0.0
8864722,2026-08-17,0.011328596,196.0455,,,0.0,0.0,0.0,0.0,,,0.0,0.0,0.0
8865082,2026-08-17,0.011328596,196.0455,,,0.0,0.0,0.0,0.0,,,0.0,0.0,0.0
8865442,2026-08-17,0.011328596,196.0455,,,0.0,0.0,0.0,0.0,,,0.0,0.0,0.0
8865802,2026-08-17,0.011328596,196.0455,,,0.0,0.0,0.0,0.0,,,0.0,0.0,0.0
8866162,2026-08-17,0.011328596,196.0455,,,0.0,0.0,0.0,0.0,,,0.0,0.0,0.0
8866522,2026-08-17,0.011328596,196.0455,,,0.0,0.0,0.0,0.0,,,0.0,0.0,0.0
8866882,2026-08-17,0.011328596,196.0455,,,0.0,0.0,0.0,0.0,,,0.0,0.0,0.0
8867242,2026-08-17,0.011328596,196.0455,,,0.0,0.0,0.0,0.0,,,0.0,0.0,0.0
8867602,2026-08-17,0.011328596,196.0455,,,0.0,0.0,0.0,0.0,,,0.0,0.0,0.0
8867962,2026-08-18,0.01399554,190.6404,,,0.0,0.0,0.0,0.0,,,0.0,0.0,0.0
8868322,2026-08-18,0.01399554,190.6404,,,0.0,0.0,0.0,0.0,,,0.0,0.0,0.0
8868682,2026-08-18,0.01399554,190.6404,,,0.0,0.0,0.0,0.0,,,0.0,0.0,0.0
8869042,2026-08-18,0.01399554,190.6404,,,0.0,0.0,0.0,0.0,,,0.0,0.0,0.0
8869402,2026-08-18,0.01399554,190.6404,,,0.0,0.0,0.0,0.0,,,0.0,0.0,0.0
8869762,2026-08-18,0.01399554,190.6404,,,0.0,0.0,0.0,0.0,,,0.0,0.0,0.0
8870122,2026-08-18,0.01399554,190.6404,,,0.0,0.0,0.0,0.0,,,0.0,0.0,0.0
8870482,2026-08-18,0.01399554,190.6404,,,0.0,0.0,0.0,0.0,,,0.0,0.0,0.0
8870842,2026-08-18,0.01399554,190.6404,,,0.0,0.0,0.0,0.0,,,0.0,0.0,0.0
8871202,2026-08-18,0.01399554,190.6404,,,0.0,0.0,0.0,0.0,,,0.0,0.0,0.0
8871562,2026-08-18,0.01399554,190.6404,,,0.0,0.0,0.0,0.0,,,0.0,0.0,0.0
8871922,2026-08-18,0.01399554,190.6404,,,0.0,0.0,0.0,0.0,,,0.0,0.0,0.0
8872282,2026-08-18,0.01399554,190.6404,,,0.0,0.0,0.0,0.0,,,0.0,0.0,0.0
8872642,2026-08-18,0.01399554,190.6404,,,0.0,0.0,0.0,0.0,,,0.0,0.0,0.0
8873002,2026-08-18,0.01399554,190.6404,,,0.0,0.0,0.0,0.0,,,0.0,0.0,0.0
8873362,2026-08-18,0.01399554,190.6404,,,0.0,0.0,0.0,0.0,,,0.0,0.0,0.0
8873722,2026-08-18,0.01399554,190.6404,,,0.0,0.0,0.0,0.0,,,0.0,0.0,0.0
8874082,2026-08-18,0.01399554,190.6404,,,0.0,0.0,0.0,0.0,,,0.0,0.0,0.0
8874442,2026-08-18,0.01399554,190.6404,,,0.0,0.0,0.0,0.0,,,0.0,0.0,0.0
8874802,2026-08-18,0.01399554,190.6404,,,0.0,0.0,0.0,0.0,,,0.0,0.0,0.0
8875162,2026-08-19,0.013172795,205.471,,,0.0,0.0,0.0,0.0,,,0.0,0.0,0.0
8875522,2026-08-19,0.013172795,205.471,,,0.0,0.0,0.0,0.0,,,0.0,0.0,0.0
8875882,2026-08-19,0.013172795,205.471,,,0.0,0.0,0.0,0.0,,,0.0,0.0,0.0
8876242,2026-08-19,0.013172795,205.471,,,0.0,0.0,0.0,0.0,,,0.0,0.0,0.0
8876602,2026-08-19,0.013172795,205.471,,,0.0,0.0,0.0,0.0,,,0.0,0.0,0.0
8876962,2026-08-19,0.013172795,205.471,,,0.0,0.0,0.0,0.0,,,0.0,0.0,0.0
8877322,2026-08-19,0.013172795,205.471,,,0.0,0.0,0.0,0.0,,,0.0,0.0,0.0
8877682,2026-08-19,0.013172795,205.471,,,0.0,0.0,0.0,0.0,,,0.0,0.0,0.0
8878042,2026-08-19,0.013172795,205.471,,,0.0,0.0,0.0,0.0,,,0.0,0.0,0.0
8878402,2026-08-19,0.013172795,205.471,,,0.0,0.0,0.0,0.0,,,0.0,0.0,0.0
8878762,2026-08-19,0.013172795,205.471,,,0.0,0.0,0.0,0.0,,,0.0,0.0,0.0
8879122,2026-08-19,0.013172795,205.471,,,0.0,0.0,0.0,0.0,,,0.0,0.0,0.0
8879482,2026-08-19,0.013172795,205.471,,,0.0,0.0,0.0,0.0,,,0.0,0.0,0.0
8879842,2026-08-19,0.013172795,205.471,,,0.0,0.0,0.0,0.0,,,0.0,0.0,0.0
8880202,2026-08-19,0.013172795,205.471,,,0.0,0.0,0.0,0.0,,,0.0,0.0,0.0
8880562,2026-08-19,0.013172795,205.471,,,0.0,0.0,0.0,0.0,,,0.0,0.0,0.0
8880922,2026-08-19,0.013172795,205.471,,,0.0,0.0,0.0,0.0,,,0.0,0.0,0.0
8881282,2026-08-19,0.013172795,205.471,,,0.0,0.0,0.0,0.0,,,0.0,0.0,0.0
8881642,2026-08-19,0.013172795,205.471,,,0.0,0.0,0.0,0.0,,,0.0,0.0,0.0
8882002,2026-08-19,0.013172795,205.471,,,0.0,0.0,0.0,0.0,,,0.0,0.0,0.0
8882362,2026-08-20,0.011871039,214.7603,,,0.0,0.0,0.0,0.0,,,0.0,0.0,0.0
8882722,2026-08-20,0.011871039,214.7603,,,0.0,0.0,0.0,0.0,,,0.0,0.0,0.0
8883082,2026-08-20,0.011871039,214.7603,,,0.0,0.0,0.0,0.0,,,0.0,0.0,0.0
8883442,2026-08-20,0.011871039,214.7603,,,0.0,0.0,0.0,0.0,,,0.0,0.0,0.0
8883802,2026-08-20,0.011871039,214.7603,,,0.0,0.0,0.0,0.0,,,0.0,0.0,0.0
8884162,2026-08-20,0.011871039,214.7603,,,0.0,0.0,0.0,0.0,,,0.0,0.0,0.0
8884522,2026-08-20,0.011871039,214.7603,,,0.0,0.0,0.0,0.0,,,0.0,0.0,0.0
8884882,2026-08-20,0.011871039,214.7603,,,0.0,0.0,0.0,0.0,,,0.0,0.0,0.0
8885242,2026-08-20,0.011871039,214.7603,,,0.0,0.0,0.0,0.0,,,0.0,0.0,0.0
8885602,2026-08-20,0.011871039,214.7603,,,0.0,0.0,0.0,0.0,,,0.0,0.0,0.0
8885962,2026-08-20,0.011871039,214.7603,,,0.0,0.0,0.0,0.0,,,0.0,0.0,0.0
8886322,2026-08-20,0.011871039,214.7603,,,0.0,0.0,0.0,0.0,,,0.0,0.0,0.0
8886682,2026-08-20,0.011871039,214.7603,,,0.0,0.0,0.0,0.0,,,0.0,0.0,0.0
8887042,2026-08-20,0.011871039,214.7603,,,0.0,0.0,0.0,0.0,,,0.0,0.0,0.0
8887402,2026-08-20,0.011871039,214.7603,,,0.0,0.0,0.0,0.0,,,0.0,0.0,0.0
8887762,2026-08-20,0.011871039,214.7603,,,0.0,0.0,0.0,0.0,,,0.0,0.0,0.0
8888122,2026-08-20,0.011871039,214.7603,,,0.0,0.0,0.0,0.0,,,0.0,0.0,0.0
8888482,2026-08-20,0.011871039,214.7603,,,0.0,0.0,0.0,0.0,,,0.0,0.0,0.0
8888842,2026-08-20,0.011871039,214.7603,,,0.0,0.0,0.0,0.0,,,0.0,0.0,0.0
8889202,2026-08-20,0.011871039,214.7603,,,0.0,0.0,0.0,0.0,,,0.0,0.0,0.0
8889562,2026-08-21,0.012379263,229.8178,,,0.0,0.0,0.0,0.0,,,0.0,0.0,0.0
8889922,2026-08-21,0.012379263,229.8178,,,0.0,0.0,0.0,0.0,,,0.0,0.0,0.0
8890282,2026-08-21,0.012379263,229.8178,,,0.0,0.0,0.0,0.0,,,0.0,0.0,0.0
8890642,2026-08-21,0.012379263,229.8178,,,0.0,0.0,0.0,0.0,,,0.0,0.0,0.0
8891002,2026-08-21,0.012379263,229.8178,,,0.0,0.0,0.0,0.0,,,0.0,0.0,0.0
8891362,2026-08-21,0.012379263,229.8178,,,0.0,0.0,0.0,0.0,,,0.0,0.0,0.0
8891722,2026-08-21,0.012379263,229.8178,,,0.0,0.0,0.0,0.0,,,0.0,0.0,0.0
8892082,2026-08-21,0.012379263,229.8178,,,0.0,0.0,0.0,0.0,,,0.0,0.0,0.0
8892442,2026-08-21,0.012379263,229.8178,,,0.0,0.0,0.0,0.0,,,0.0,0.0,0.0
8892802,2026-08-21,0.012379263,229.8178,,,0.0,0.0,0.0,0.0,,,0.0,0.0,0.0
8893162,2026-08-21,0.012379263,229.8178,,,0.0,0.0,0.0,0.0,,,0.0,0.0,0.0
8893522,2026-08-21,0.012379263,229.8178,,,0.0,0.0,0.0,0.0,,,0.0,0.0,0.0
8893882,2026-08-21,0.012379263,229.8178,,,0.0,0.0,0.0,0.0,,,0.0,0.0,0.0
8894242,2026-08-21,0.012379263,229.8178,,,0.0,0.0,0.0,0.0,,,0.0,0.0,0.0
8894602,2026-08-21,0.012379263,229.8178,,,0.0,0.0,0.0,0.0,,,0.0,0.0,0.0
8894962,2026-08-21,0.012379263,229.8178,,,0.0,0.0,0.0,0.0,,,0.0,0.0,0.0
8895322,2026-08-21,0.012379263,229.8178,,,0.0,0.0,0.0,0.0,,,0.0,0.0,0.0
8895682,2026-08-21,0.012379263,229.8178,,,0.0,0.0,0.0,0.0,,,0.0,0.0,0.0
8896042,2026-08-21,0.012379263,229.8178,,,0.0,0.0,0.0,0.0,,,0.0,0.0,0.0
8896402,2026-08-21,0.012379263,229.8178,,,0.0,0.0,0.0,0.0,,,0.0,0.0,0.0
8896762,2026-08-22,0.011976,222.4718,,,0.0,0.0,0.0,0.0,,,0.0,0.0,0.0
8897122,2026-08-22,0.011976,222.4718,,,0.0,0.0,0.0,0.0,,,0.0,0.0,0.0
8897482,2026-08-22,0.011976,222.4718,,,0.0,0.0,0.0,0.0,,,0.0,0.0,0.0
8897842,2026-08-22,0.011976,222.4718,,,0.0,0.0,0.0,0.0,,,0.0,0.0,0.0
8898202,2026-08-22,0.011976,222.4718,,,0.0,0.0,0.0,0.0,,,0.0,0.0,0.0
8898562,2026-08-22,0.011976,222.4718,,,0.0,0.0,0.0,0.0,,,0.0,0.0,0.0
8898922,2026-08-22,0.011976,222.4718,,,0.0,0.0,0.0,0.0,,,0.0,0.0,0.0
8899282,2026-08-22,0.011976,222.4718,,,0.0,0.0,0.0,0.0,,,0.0,0.0,0.0
8899642,2026-08-22,0.011976,222.4718,,,0.0,0.0,0.0,0.0,,,0.0,0.0,0.0
8900002,2026-08-22,0.011976,222.4718,,,0.0,0.0,0.0,0.0,,,0.0,0.0,0.0
8900362,2026-08-22,0.011976,222.4718,,,0.0,0.0,0.0,0.0,,,0.0,0.0,0.0
8900722,2026-08-22,0.011976,222.4718,,,0.0,0.0,0.0,0.0,,,0.0,0.0,0.0
8901082,2026-08-22,0.011976,222.4718,,,0.0,0.0,0.0,0.0,,,0.0,0.0,0.0
8901442,2026-08-22,0.011976,222.4718,,,0.0,0.0,0.0,0.0,,,0.0,0.0,0.0
8901802,2026-08-22,0.011976,222.4718,,,0.0,0.0,0.0,0.0,,,0.0,0.0,0.0
8902162,2026-08-22,0.011976,222.4718,,,0.0,0.0,0.0,0.0,,,0.0,0.0,0.0
8902522,2026-08-22,0.011976,222.4718,,,0.0,0.0,0.0,0.0,,,0.0,0.0,0.0
8902882,2026-08-22,0.011976,222.4718,,,0.0,0.0,0.0,0.0,,,0.0,0.0,0.0
8903242,2026-08-22,0.011976,222.4718,,,0.0,0.0,0.0,0.0,,,0.0,0.0,0.0
8903602,2026-08-22,0.011976,222.4718,,,0.0,0.0,0.0,0.0,,,0.0,0.0,0.0
8903962,2026-08-23,0.011759962,237.8983,,,0.0,0.0,0.0,0.0,,,0.0,0.0,0.0
8904322,2026-08-23,0.011759962,237.8983,,,0.0,0.0,0.0,0.0,,,0.0,0.0,0.0
8904682,2026-08-23,0.011759962,237.8983,,,0.0,0.0,0.0,0.0,,,0.0,0.0,0.0
8905042,2026-08-23,0.011759962,237.8983,,,0.0,0.0,0.0,0.0,,,0.0,0.0,0.0
8905402,2026-08-23,0.011759962,237.8983,,,0.0,0.0,0.0,0.0,,,0.0,0.0,0.0
8905762,2026-08-23,0.011759962,237.8983,,,0.0,0.0,0.0,0.0,,,0.0,0.0,0.0
8906122,2026-08-23,0.011759962,237.8983,,,0.0,0.0,0.0,0.0,,,0.0,0.0,0.0
8906482,2026-08-23,0.011759962,237.8983,,,0.0,0.0,0.0,0.0,,,0.0,0.0,0.0
8906842,2026-08-23,0.011759962,237.8983,,,0.0,0.0,0.0,0.0,,,0.0,0.0,0.0
8907202,2026-08-23,0.011759962,237.8983,,,0.0,0.0,0.0,0.0,,,0.0,0.0,0.0
8907562,2026-08-23,0.011759962,237.8983,,,0.0,0.0,0.0,0.0,,,0.0,0.0,0.0
8907922,2026-08-23,0.011759962,237.8983,,,0.0,0.0,0.0,0.0,,,0.0,0.0,0.0
8908282,2026-08-23,0.011759962,237.8983,,,0.0,0.0,0.0,0.0,,,0.0,0.0,0.0
8908642,2026-08-23,0.011759962,237.8983,,,0.0,0.0,0.0,0.0,,,0.0,0.0,0.0
8909002,2026-08-23,0.011759962,237.8983,,,0.0,0.0,0.0,0.0,,,0.0,0.0,0.0
8909362,2026-08-23,0.011759962,237.8983,,,0.0,0.0,0.0,0.0,,,0.0,0.0,0.0
8909722,2026-08-23,0.011759962,237.8983,,,0.0,0.0,0.0,0.0,,,0.0,0.0,0.0
8910082,2026-08-23,0.011759962,237.8983,,,0.0,0.0,0.0,0.0,,,0.0,0.0,0.0
8910442,2026-08-23,0.011759962,237.8983,,,0.0,0.0,0.0,0.0,,,0.0,0.0,0.0
8910802,2026-08-23,0.011759962,237.8983,,,0.0,0.0,0.0,0.0,,,0.0,0.0,0.0
8911162,2026-08-24,0.010931598,240.6095,,,0.0,0.0,0.0,0.0,,,0.0,0.0,0.0
8911522,2026-08-24,0.010931598,240.6095,,,0.0,0.0,0.0,0.0,,,0.0,0.0,0.0
8911882,2026-08-24,0.010931598,240.6095,,,0.0,0.0,0.0,0.0,,,0.0,0.0,0.0
8912242,2026-08-24,0.010931598,240.6095,,,0.0,0.0,0.0,0.0,,,0.0,0.0,0.0
8912602,2026-08-24,0.010931598,240.6095,,,0.0,0.0,0.0,0.0,,,0.0,0.0,0.0
8912962,2026-08-24,0.010931598,240.6095,,,0.0,0.0,0.0,0.0,,,0.0,0.0,0.0
8913322,2026-08-24,0.010931598,240.6095,,,0.0,0.0,0.0,0.0,,,0.0,0.0,0.0
8913682,2026-08-24,0.010931598,240.6095,,,0.0,0.0,0.0,0.0,,,0.0,0.0,0.0
8914042,2026-08-24,0.010931598,240.6095,,,0.0,0.0,0.0,0.0,,,0.0,0.0,0.0
8914402,2026-08-24,0.010931598,240.6095,,,0.0,0.0,0.0,0.0,,,0.0,0.0,0.0
8914762,2026-08-24,0.010931598,240.6095,,,0.0,0.0,0.0,0.0,,,0.0,0.0,0.0
8915122,2026-08-24,0.010931598,240.6095,,,0.0,0.0,0.0,0.0,,,0.0,0.0,0.0
8915482,2026-08-24,0.010931598,240.6095,,,0.0,0.0,0.0,0.0,,,0.0,0.0,0.0
8915842,2026-08-24,0.010931598,240.6095,,,0.0,0.0,0.0,0.0,,,0.0,0.0,0.0
8916202,2026-08-24,0.010931598,240.6095,,,0.0,0.0,0.0,0.0,,,0.0,0.0,0.0
8916562,2026-08-24,0.010931598,240.6095,,,0.0,0.0,0.0,0.0,,,0.0,0.0,0.0
8916922,2026-08-24,0.010931598,240.6095,,,0.0,0.0,0.0,0.0,,,0.0,0.0,0.0
8917282,2026-08-24,0.010931598,240.6095,,,0.0,0.0,0.0,0.0,,,0.0,0.0,0.0
8917642,2026-08-24,0.010931598,240.6095,,,0.0,0.0,0.0,0.0,,,0.0,0.0,0.0
8918002,2026-08-24,0.010931598,240.6095,,,0.0,0.0,0.0,0.0,,,0.0,0.0,0.0
8918362,2026-08-25,0.0108433,229.1537,,,0.0,0.0,0.0,0.0,,,0.0,0.0,0.0
8918722,2026-08-25,0.0108433,229.1537,,,0.0,0.0,0.0,0.0,,,0.0,0.0,0.0
8919082,2026-08-25,0.0108433,229.1537,,,0.0,0.0,0.0,0.0,,,0.0,0.0,0.0
8919442,2026-08-25,0.0108433,229.1537,,,0.0,0.0,0.0,0.0,,,0.0,0.0,0.0
8919802,2026-08-25,0.0108433,229.1537,,,0.0,0.0,0.0,0.0,,,0.0,0.0,0.0
8920162,2026-08-25,0.0108433,229.1537,,,0.0,0.0,0.0,0.0,,,0.0,0.0,0.0
8920522,2026-08-25,0.0108433,229.1537,,,0.0,0.0,0.0,0.0,,,0.0,0.0,0.0
8920882,2026-08-25,0.0108433,229.1537,,,0.0,0.0,0.0,0.0,,,0.0,0.0,0.0
8921242,2026-08-25,0.0108433,229.1537,,,0.0,0.0,0.0,0.0,,,0.0,0.0,0.0
8921602,2026-08-25,0.0108433,229.1537,,,0.0,0.0,0.0,0.0,,,0.0,0.0,0.0
8921962,2026-08-25,0.0108433,229.1537,,,0.0,0.0,0.0,0.0,,,0.0,0.0,0.0
8922322,2026-08-25,0.0108433,229.1537,,,0.0,0.0,0.0,0.0,,,0.0,0.0,0.0
8922682,2026-08-25,0.0108433,229.1537,,,0.0,0.0,0.0,0.0,,,0.0,0.0,0.0
8923042,2026-08-25,0.0108433,229.1537,,,0.0,0.0,0.0,0.0,,,0.0,0.0,0.0
8923402,2026-08-25,0.0108433,229.1537,,,0.0,0.0,0.0,0.0,,,0.0,0.0,0.0
8923762,2026-08-25,0.0108433,229.1537,,,0.0,0.0,0.0,0.0,,,0.0,0.0,0.0
8924122,2026-08-25,0.0108433,229.1537,,,0.0,0.0,0.0,0.0,,,0.0,0.0,0.0
8924482,2026-08-25,0.0108433,229.1537,,,0.0,0.0,0.0,0.0,,,0.0,0.0,0.0
8924842,2026-08-25,0.0108433,229.1537,,,0.0,0.0,0.0,0.0,,,0.0,0.0,0.0
8925202,2026-08-25,0.0108433,229.1537,,,0.0,0.0,0.0,0.0,,,0.0,0.0,0.0
8925562,2026-08-26,0.010451156,234.65,,,0.0,0.0,0.0,0.0,,,0.0,0.0,0.0
8925922,2026-08-26,0.010451156,234.65,,,0.0,0.0,0.0,0.0,,,0.0,0.0,0.0
8926282,2026-08-26,0.010451156,234.65,,,0.0,0.0,0.0,0.0,,,0.0,0.0,0.0
8926642,2026-08-26,0.010451156,234.65,,,0.0,0.0,0.0,0.0,,,0.0,0.0,0.0
8927002,2026-08-26,0.010451156,234.65,,,0.0,0.0,0.0,0.0,,,0.0,0.0,0.0
8927362,2026-08-26,0.010451156,234.65,,,0.0,0.0,0.0,0.0,,,0.0,0.0,0.0
8927722,2026-08-26,0.010451156,234.65,,,0.0,0.0,0.0,0.0,,,0.0,0.0,0.0
8928082,2026-08-26,0.010451156,234.65,,,0.0,0.0,0.0,0.0,,,0.0,0.0,0.0
8928442,2026-08-26,0.010451156,234.65,,,0.0,0.0,0.0,0.0,,,0.0,0.0,0.0
8928802,2026-08-26,0.010451156,234.65,,,0.0,0.0,0.0,0.0,,,0.0,0.0,0.0
8929162,2026-08-26,0.010451156,234.65,,,0.0,0.0,0.0,0.0,,,0.0,0.0,0.0
8929522,2026-08-26,0.010451156,234.65,,,0.0,0.0,0.0,0.0,,,0.0,0.0,0.0
8929882,2026-08-26,0.010451156,234.65,,,0.0,0.0,0.0,0.0,,,0.0,0.0,0.0
8930242,2026-08-26,0.010451156,234.65,,,0.0,0.0,0.0,0.0,,,0.0,0.0,0.0
8930602,2026-08-26,0.010451156,234.65,,,0.0,0.0,0.0,0.0,,,0.0,0.0,0.0
8930962,2026-08-26,0.010451156,234.65,,,0.0,0.0,0.0,0.0,,,0.0,0.0,0.0
8931322,2026-08-26,0.010451156,234.65,,,0.0,0.0,0.0,0.0,,,0.0,0.0,0.0
8931682,2026-08-26,0.010451156,234.65,,,0.0,0.0,0.0,0.0,,,0.0,0.0,0.0
8932042,2026-08-26,0.010451156,234.65,,,0.0,0.0,0.0,0.0,,,0.0,0.0,0.0
8932402,2026-08-26,0.010451156,234.65,,,0.0,0.0,0.0,0.0,,,0.0,0.0,0.0
8932762,2026-08-27,0.009997314,253.9631,,,0.0,0.0,0.0,0.0,,,0.0,0.0,0.0
8933122,2026-08-27,0.009997314,253.9631,,,0.0,0.0,0.0,0.0,,,0.0,0.0,0.0
8933482,2026-08-27,0.009997314,253.9631,,,0.0,0.0,0.0,0.0,,,0.0,0.0,0.0
8933842,2026-08-27,0.009997314,253.9631,,,0.0,0.0,0.0,0.0,,,0.0,0.0,0.0
8934202,2026-08-27,0.009997314,253.9631,,,0.0,0.0,0.0,0.0,,,0.0,0.0,0.0
8934562,2026-08-27,0.009997314,253.9631,,,0.0,0.0,0.0,0.0,,,0.0,0.0,0.0
8934922,2026-08-27,0.009997314,253.9631,,,0.0,0.0,0.0,0.0,,,0.0,0.0,0.0
8935282,2026-08-27,0.009997314,253.9631,,,0.0,0.0,0.0,0.0,,,0.0,0.0,0.0
8935642,2026-08-27,0.009997314,253.9631,,,0.0,0.0,0.0,0.0,,,0.0,0.0,0.0
8936002,2026-08-27,0.009997314,253.9631,,,0.0,0.0,0.0,0.0,,,0.0,0.0,0.0
8936362,2026-08-27,0.009997314,253.9631,,,0.0,0.0,0.0,0.0,,,0.0,0.0,0.0
8936722,2026-08-27,0.009997314,253.9631,,,0.0,0.0,0.0,0.0,,,0.0,0.0,0.0
8937082,2026-08-27,0.009997314,253.9631,,,0.0,0.0,0.0,0.0,,,0.0,0.0,0.0
8937442,2026-08-27,0.009997314,253.9631,,,0.0,0.0,0.0,0.0,,,0.0,0.0,0.0
8937802,2026-08-27,0.009997314,253.9631,,,0.0,0.0,0.0,0.0,,,0.0,0.0,0.0
8938162,2026-08-27,0.009997314,253.9631,,,0.0,0.0,0.0,0.0,,,0.0,0.0,0.0
8938522,2026-08-27,0.009997314,253.9631,,,0.0,0.0,0.0,0.0,,,0.0,0.0,0.0
8938882,2026-08-27,0.009997314,253.9631,,,0.0,0.0,0.0,0.0,,,0.0,0.0,0.0
8939242,2026-08-27,0.009997314,253.9631,,,0.0,0.0,0.0,0.0,,,0.0,0.0,0.0
8939602,2026-08-27,0.009997314,253.9631,,,0.0,0.0,0.0,0.0,,,0.0,0.0,0.0
8939962,2026-08-28,0.009015019,236.543,,,0.0,0.0,0.0,0.0,,,0.0,0.0,0.0
8940322,2026-08-28,0.009015019,236.543,,,0.0,0.0,0.0,0.0,,,0.0,0.0,0.0
8940682,2026-08-28,0.009015019,236.543,,,0.0,0.0,0.0,0.0,,,0.0,0.0,0.0
8941042,2026-08-28,0.009015019,236.543,,,0.0,0.0,0.0,0.0,,,0.0,0.0,0.0
8941402,2026-08-28,0.009015019,236.543,,,0.0,0.0,0.0,0.0,,,0.0,0.0,0.0
8941762,2026-08-28,0.009015019,236.543,,,0.0,0.0,0.0,0.0,,,0.0,0.0,0.0
8942122,2026-08-28,0.009015019,236.543,,,0.0,0.0,0.0,0.0,,,0.0,0.0,0.0
8942482,2026-08-28,0.009015019,236.543,,,0.0,0.0,0.0,0.0,,,0.0,0.0,0.0
8942842,2026-08-28,0.009015019,236.543,,,0.0,0.0,0.0,0.0,,,0.0,0.0,0.0
8943202,2026-08-28,0.009015019,236.543,,,0.0,0.0,0.0,0.0,,,0.0,0.0,0.0
8943562,2026-08-28,0.009015019,236.543,,,0.0,0.0,0.0,0.0,,,0.0,0.0,0.0
8943922,2026-08-28,0.009015019,236.543,,,0.0,0.0,0.0,0.0,,,0.0,0.0,0.0
8944282,2026-08-28,0.009015019,236.543,,,0.0,0.0,0.0,0.0,,,0.0,0.0,0.0
8944642,2026-08-28,0.009015019,236.543,,,0.0,0.0,0.0,0.0,,,0.0,0.0,0.0
8945002,2026-08-28,0.009015019,236.543,,,0.0,0.0,0.0,0.0,,,0.0,0.0,0.0
8945362,2026-08-28,0.009015019,236.543,,,0.0,0.0,0.0,0.0,,,0.0,0.0,0.0
8945722,2026-08-28,0.009015019,236.543,,,0.0,0.0,0.0,0.0,,,0.0,0.0,0.0
8946082,2026-08-28,0.009015019,236.543,,,0.0,0.0,0.0,0.0,,,0.0,0.0,0.0
8946442,2026-08-28,0.009015019,236.543,,,0.0,0.0,0.0,0.0,,,0.0,0.0,0.0
8946802,2026-08-28,0.009015019,236.543,,,0.0,0.0,0.0,0.0,,,0.0,0.0,0.0
8947162,2026-08-29,0.008701923,235.8031,,,0.0,0.0,0.0,0.0,,,0.0,0.0,0.0
8947522,2026-08-29,0.008701923,235.8031,,,0.0,0.0,0.0,0.0,,,0.0,0.0,0.0
8947882,2026-08-29,0.008701923,235.8031,,,0.0,0.0,0.0,0.0,,,0.0,0.0,0.0
8948242,2026-08-29,0.008701923,235.8031,,,0.0,0.0,0.0,0.0,,,0.0,0.0,0.0
8948602,2026-08-29,0.008701923,235.8031,,,0.0,0.0,0.0,0.0,,,0.0,0.0,0.0
8948962,2026-08-29,0.008701923,235.8031,,,0.0,0.0,0.0,0.0,,,0.0,0.0,0.0
8949322,2026-08-29,0.008701923,235.8031,,,0.0,0.0,0.0,0.0,,,0.0,0.0,0.0
8949682,2026-08-29,0.008701923,235.8031,,,0.0,0.0,0.0,0.0,,,0.0,0.0,0.0
8950042,2026-08-29,0.008701923,235.8031,,,0.0,0.0,0.0,0.0,,,0.0,0.0,0.0
8950402,2026-08-29,0.008701923,235.8031,,,0.0,0.0,0.0,0.0,,,0.0,0.0,0.0
8950762,2026-08-29,0.008701923,235.8031,,,0.0,0.0,0.0,0.0,,,0.0,0.0,0.0
8951122,2026-08-29,0.008701923,235.8031,,,0.0,0.0,0.0,0.0,,,0.0,0.0,0.0
8951482,2026-08-29,0.008701923,235.8031,,,0.0,0.0,0.0,0.0,,,0.0,0.0,0.0
8951842,2026-08-29,0.008701923,235.8031,,,0.0,0.0,0.0,0.0,,,0.0,0.0,0.0
8952202,2026-08-29,0.008701923,235.8031,,,0.0,0.0,0.0,0.0,,,0.0,0.0,0.0
8952562,2026-08-29,0.008701923,235.8031,,,0.0,0.0,0.0,0.0,,,0.0,0.0,0.0
8952922,2026-08-29,0.008701923,235.8031,,,0.0,0.0,0.0,0.0,,,0.0,0.0,0.0
8953282,2026-08-29,0.008701923,235.8031,,,0.0,0.0,0.0,0.0,,,0.0,0.0,0.0
8953642,2026-08-29,0.008701923,235.8031,,,0.0,0.0,0.0,0.0,,,0.0,0.0,0.0
8954002,2026-08-29,0.008701923,235.8031,,,0.0,0.0,0.0,0.0,,,0.0,0.0,0.0
8954362,2026-08-30,0.008985995,227.828,,,0.0,0.0,0.0,0.0,,,0.0,0.0,0.0
8954722,2026-08-30,0.008985995,227.828,,,0.0,0.0,0.0,0.0,,,0.0,0.0,0.0
8955082,2026-08-30,0.008985995,227.828,,,0.0,0.0,0.0,0.0,,,0.0,0.0,0.0
8955442,2026-08-30,0.008985995,227.828,,,0.0,0.0,0.0,0.0,,,0.0,0.0,0.0
8955802,2026-08-30,0.008985995,227.828,,,0.0,0.0,0.0,0.0,,,0.0,0.0,0.0
8956162,2026-08-30,0.008985995,227.828,,,0.0,0.0,0.0,0.0,,,0.0,0.0,0.0
8956522,2026-08-30,0.008985995,227.828,,,0.0,0.0,0.0,0.0,,,0.0,0.0,0.0
8956882,2026-08-30,0.008985995,227.828,,,0.0,0.0,0.0,0.0,,,0.0,0.0,0.0
8957242,2026-08-30,0.008985995,227.828,,,0.0,0.0,0.0,0.0,,,0.0,0.0,0.0
8957602,2026-08-30,0.008985995,227.828,,,0.0,0.0,0.0,0.0,,,0.0,0.0,0.0
8957962,2026-08-30,0.008985995,227.828,,,0.0,0.0,0.0,0.0,,,0.0,0.0,0.0
8958322,2026-08-30,0.008985995,227.828,,,0.0,0.0,0.0,0.0,,,0.0,0.0,0.0
8958682,2026-08-30,0.008985995,227.828,,,0.0,0.0,0.0,0.0,,,0.0,0.0,0.0
8959042,2026-08-30,0.008985995,227.828,,,0.0,0.0,0.0,0.0,,,0.0,0.0,0.0
8959402,2026-08-30,0.008985995,227.828,,,0.0,0.0,0.0,0.0,,,0.0,0.0,0.0
8959762,2026-08-30,0.008985995,227.828,,,0.0,0.0,0.0,0.0,,,0.0,0.0,0.0
8960122,2026-08-30,0.008985995,227.828,,,0.0,0.0,0.0,0.0,,,0.0,0.0,0.0
8960482,2026-08-30,0.008985995,227.828,,,0.0,0.0,0.0,0.0,,,0.0,0.0,0.0
8960842,2026-08-30,0.008985995,227.828,,,0.0,0.0,0.0,0.0,,,0.0,0.0,0.0
8961202,2026-08-30,0.008985995,227.828,,,0.0,0.0,0.0,0.0,,,0.0,0.0,0.0
8961562,2026-08-31,0.009121074,230.3663,,,0.0,0.0,0.0,0.0,,,0.0,0.0,0.0
8961922,2026-08-31,0.009121074,230.3663,,,0.0,0.0,0.0,0.0,,,0.0,0.0,0.0
8962282,2026-08-31,0.009121074,230.3663,,,0.0,0.0,0.0,0.0,,,0.0,0.0,0.0
8962642,2026-08-31,0.009121074,230.3663,,,0.0,0.0,0.0,0.0,,,0.0,0.0,0.0
8963002,2026-08-31,0.009121074,230.3663,,,0.0,0.0,0.0,0.0,,,0.0,0.0,0.0
8963362,2026-08-31,0.009121074,230.3663,,,0.0,0.0,0.0,0.0,,,0.0,0.0,0.0
8963722,2026-08-31,0.009121074,230.3663,,,0.0,0.0,0.0,0.0,,,0.0,0.0,0.0
8964082,2026-08-31,0.009121074,230.3663,,,0.0,0.0,0.0,0.0,,,0.0,0.0,0.0
8964442,2026-08-31,0.009121074,230.3663,,,0.0,0.0,0.0,0.0,,,0.0,0.0,0.0
8964802,2026-08-31,0.009121074,230.3663,,,0.0,0.0,0.0,0.0,,,0.0,0.0,0.0
8965162,2026-08-31,0.009121074,230.3663,,,0.0,0.0,0.0,0.0,,,0.0,0.0,0.0
8965522,2026-08-31,0.009121074,230.3663,,,0.0,0.0,0.0,0.0,,,0.0,0.0,0.0
8965882,2026-08-31,0.009121074,230.3663,,,0.0,0.0,0.0,0.0,,,0.0,0.0,0.0
8966242,2026-08-31,0.009121074,230.3663,,,0.0,0.0,0.0,0.0,,,0.0,0.0,0.0
8966602,2026-08-31,0.009121074,230.3663,,,0.0,0.0,0.0,0.0,,,0.0,0.0,0.0
8966962,2026-08-31,0.009121074,230.3663,,,0.0,0.0,0.0,0.0,,,0.0,0.0,0.0
8967322,2026-08-31,0.009121074,230.3663,,,0.0,0.0,0.0,0.0,,,0.0,0.0,0.0
8967682,2026-08-31,0.009121074,230.3663,,,0.0,0.0,0.0,0.0,,,0.0,0.0,0.0
8968042,2026-08-31,0.009121074,230.3663,,,0.0,0.0,0.0,0.0,,,0.0,0.0,0.0
8968402,2026-08-31,0.009121074,230.3663,,,0.0,0.0,0.0,0.0,,,0.0,0.0,0.0
8968762,2026-09-01,0.008982667,219.8957,,,0.0,0.0,0.0,0.0,,,0.0,0.0,0.0
8969122,2026-09-01,0.008982667,219.8957,,,0.0,0.0,0.0,0.0,,,0.0,0.0,0.0
8969482,2026-09-01,0.008982667,219.8957,,,0.0,0.0,0.0,0.0,,,0.0,0.0,0.0
8969842,2026-09-01,0.008982667,219.8957,,,0.0,0.0,0.0,0.0,,,0.0,0.0,0.0
8970202,2026-09-01,0.008982667,219.8957,,,0.0,0.0,0.0,0.0,,,0.0,0.0,0.0
8970562,2026-09-01,0.008982667,219.8957,,,0.0,0.0,0.0,0.0,,,0.0,0.0,0.0
8970922,2026-09-01,0.008982667,219.8957,,,0.0,0.0,0.0,0.0,,,0.0,0.0,0.0
8971282,2026-09-01,0.008982667,219.8957,,,0.0,0.0,0.0,0.0,,,0.0,0.0,0.0
8971642,2026-09-01,0.008982667,219.8957,,,0.0,0.0,0.0,0.0,,,0.0,0.0,0.0
8972002,2026-09-01,0.008982667,219.8957,,,0.0,0.0,0.0,0.0,,,0.0,0.0,0.0
8972362,2026-09-01,0.008982667,219.8957,,,0.0,0.0,0.0,0.0,,,0.0,0.0,0.0
8972722,2026-09-01,0.008982667,219.8957,,,0.0,0.0,0.0,0.0,,,0.0,0.0,0.0
8973082,2026-09-01,0.008982667,219.8957,,,0.0,0.0,0.0,0.0,,,0.0,0.0,0.0
8973442,2026-09-01,0.008982667,219.8957,,,0.0,0.0,0.0,0.0,,,0.0,0.0,0.0
8973802,2026-09-01,0.008982667,219.8957,,,0.0,0.0,0.0,0.0,,,0.0,0.0,0.0
8974162,2026-09-01,0.008982667,219.8957,,,0.0,0.0,0.0,0.0,,,0.0,0.0,0.0
8974522,2026-09-01,0.008982667,219.8957,,,0.0,0.0,0.0,0.0,,,0.0,0.0,0.0
8974882,2026-09-01,0.008982667,219.8957,,,0.0,0.0,0.0,0.0,,,0.0,0.0,0.0
8975242,2026-09-01,0.008982667,219.8957,,,0.0,0.0,0.0,0.0,,,0.0,0.0,0.0
8975602,2026-09-01,0.008982667,219.8957,,,0.0,0.0,0.0,0.0,,,0.0,0.0,0.0
8975962,2026-09-02,0.008861648,217.1915,,,0.0,0.0,0.0,0.0,,,0.0,0.0,0.0
8976322,2026-09-02,0.008861648,217.1915,,,0.0,0.0,0.0,0.0,,,0.0,0.0,0.0
8976682,2026-09-02,0.008861648,217.1915,,,0.0,0.0,0.0,0.0,,,0.0,0.0,0.0
8977042,2026-09-02,0.008861648,217.1915,,,0.0,0.0,0.0,0.0,,,0.0,0.0,0.0
8977402,2026-09-02,0.008861648,217.1915,,,0.0,0.0,0.0,0.0,,,0.0,0.0,0.0
8977762,2026-09-02,0.008861648,217.1915,,,0.0,0.0,0.0,0.0,,,0.0,0.0,0.0
8978122,2026-09-02,0.008861648,217.1915,,,0.0,0.0,0.0,0.0,,,0.0,0.0,0.0
8978482,2026-09-02,0.008861648,217.1915,,,0.0,0.0,0.0,0.0,,,0.0,0.0,0.0
8978842,2026-09-02,0.008861648,217.1915,,,0.0,0.0,0.0,0.0,,,0.0,0.0,0.0
8979202,2026-09-02,0.008861648,217.1915,,,0.0,0.0,0.0,0.0,,,0.0,0.0,0.0
8979562,2026-09-02,0.008861648,217.1915,,,0.0,0.0,0.0,0.0,,,0.0,0.0,0.0
8979922,2026-09-02,0.008861648,217.1915,,,0.0,0.0,0.0,0.0,,,0.0,0.0,0.0
8980282,2026-09-02,0.008861648,217.1915,,,0.0,0.0,0.0,0.0,,,0.0,0.0,0.0
8980642,2026-09-02,0.008861648,217.1915,,,0.0,0.0,0.0,0.0,,,0.0,0.0,0.0
8981002,2026-09-02,0.008861648,217.1915,,,0.0,0.0,0.0,0.0,,,0.0,0.0,0.0
8981362,2026-09-02,0.008861648,217.1915,,,0.0,0.0,0.0,0.0,,,0.0,0.0,0.0
8981722,2026-09-02,0.008861648,217.1915,,,0.0,0.0,0.0,0.0,,,0.0,0.0,0.0
8982082,2026-09-02,0.008861648,217.1915,,,0.0,0.0,0.0,0.0,,,0.0,0.0,0.0
8982442,2026-09-02,0.008861648,217.1915,,,0.0,0.0,0.0,0.0,,,0.0,0.0,0.0
8982802,2026-09-02,0.008861648,217.1915,,,0.0,0.0,0.0,0.0,,,0.0,0.0,0.0
8983162,2026-09-03,0.008867093,225.7596,,,0.0,0.0,0.0,0.0,,,0.0,0.0,0.0
8983522,2026-09-03,0.008867093,225.7596,,,0.0,0.0,0.0,0.0,,,0.0,0.0,0.0
8983882,2026-09-03,0.008867093,225.7596,,,0.0,0.0,0.0,0.0,,,0.0,0.0,0.0
8984242,2026-09-03,0.008867093,225.7596,,,0.0,0.0,0.0,0.0,,,0.0,0.0,0.0
8984602,2026-09-03,0.008867093,225.7596,,,0.0,0.0,0.0,0.0,,,0.0,0.0,0.0
8984962,2026-09-03,0.008867093,225.7596,,,0.0,0.0,0.0,0.0,,,0.0,0.0,0.0
8985322,2026-09-03,0.008867093,225.7596,,,0.0,0.0,0.0,0.0,,,0.0,0.0,0.0
8985682,2026-09-03,0.008867093,225.7596,,,0.0,0.0,0.0,0.0,,,0.0,0.0,0.0
8986042,2026-09-03,0.008867093,225.7596,,,0.0,0.0,0.0,0.0,,,0.0,0.0,0.0
8986402,2026-09-03,0.008867093,225.7596,,,0.0,0.0,0.0,0.0,,,0.0,0.0,0.0
8986762,2026-09-03,0.008867093,225.7596,,,0.0,0.0,0.0,0.0,,,0.0,0.0,0.0
8987122,2026-09-03,0.008867093,225.7596,,,0.0,0.0,0.0,0.0,,,0.0,0.0,0.0
8987482,2026-09-03,0.008867093,225.7596,,,0.0,0.0,0.0,0.0,,,0.0,0.0,0.0
8987842,2026-09-03,0.008867093,225.7596,,,0.0,0.0,0.0,0.0,,,0.0,0.0,0.0
8988202,2026-09-03,0.008867093,225.7596,,,0.0,0.0,0.0,0.0,,,0.0,0.0,0.0
8988562,2026-09-03,0.008867093,225.7596,,,0.0,0.0,0.0,0.0,,,0.0,0.0,0.0
8988922,2026-09-03,0.008867093,225.7596,,,0.0,0.0,0.0,0.0,,,0.0,0.0,0.0
8989282,2026-09-03,0.008867093,225.7596,,,0.0,0.0,0.0,0.0,,,0.0,0.0,0.0
8989642,2026-09-03,0.008867093,225.7596,,,0.0,0.0,0.0,0.0,,,0.0,0.0,0.0
8990002,2026-09-03,0.008867093,225.7596,,,0.0,0.0,0.0,0.0,,,0.0,0.0,0.0
8990362,2026-09-04,0.009280092,224.8445,,,0.0,0.0,0.0,0.0,,,0.0,0.0,0.0
8990722,2026-09-04,0.009280092,224.8445,,,0.0,0.0,0.0,0.0,,,0.0,0.0,0.0
8991082,2026-09-04,0.009280092,224.8445,,,0.0,0.0,0.0,0.0,,,0.0,0.0,0.0
8991442,2026-09-04,0.009280092,224.8445,,,0.0,0.0,0.0,0.0,,,0.0,0.0,0.0
8991802,2026-09-04,0.009280092,224.8445,,,0.0,0.0,0.0,0.0,,,0.0,0.0,0.0
8992162,2026-09-04,0.009280092,224.8445,,,0.0,0.0,0.0,0.0,,,0.0,0.0,0.0
8992522,2026-09-04,0.009280092,224.8445,,,0.0,0.0,0.0,0.0,,,0.0,0.0,0.0
8992882,2026-09-04,0.009280092,224.8445,,,0.0,0.0,0.0,0.0,,,0.0,0.0,0.0
8993242,2026-09-04,0.009280092,224.8445,,,0.0,0.0,0.0,0.0,,,0.0,0.0,0.0
8993602,2026-09-04,0.009280092,224.8445,,,0.0,0.0,0.0,0.0,,,0.0,0.0,0.0
8993962,2026-09-04,0.009280092,224.8445,,,0.0,0.0,0.0,0.0,,,0.0,0.0,0.0
8994322,2026-09-04,0.009280092,224.8445,,,0.0,0.0,0.0,0.0,,,0.0,0.0,0.0
8994682,2026-09-04,0.009280092,224.8445,,,0.0,0.0,0.0,0.0,,,0.0,0.0,0.0
8995042,2026-09-04,0.009280092,224.8445,,,0.0,0.0,0.0,0.0,,,0.0,0.0,0.0
8995402,2026-09-04,0.009280092,224.8445,,,0.0,0.0,0.0,0.0,,,0.0,0.0,0.0
8995762,2026-09-04,0.009280092,224.8445,,,0.0,0.0,0.0,0.0,,,0.0,0.0,0.0
8996122,2026-09-04,0.009280092,224.8445,,,0.0,0.0,0.0,0.0,,,0.0,0.0,0.0
8996482,2026-09-04,0.009280092,224.8445,,,0.0,0.0,0.0,0.0,,,0.0,0.0,0.0
8996842,2026-09-04,0.009280092,224.8445,,,0.0,0.0,0.0,0.0,,,0.0,0.0,0.0
8997202,2026-09-04,0.009280092,224.8445,,,0.0,0.0,0.0,0.0,,,0.0,0.0,0.0
8997562,2026-09-05,0.009227585,236.0713,,,0.0,0.0,0.0,0.0,,,0.0,0.0,0.0
8997922,2026-09-05,0.009227585,236.0713,,,0.0,0.0,0.0,0.0,,,0.0,0.0,0.0
8998282,2026-09-05,0.009227585,236.0713,,,0.0,0.0,0.0,0.0,,,0.0,0.0,0.0
8998642,2026-09-05,0.009227585,236.0713,,,0.0,0.0,0.0,0.0,,,0.0,0.0,0.0
8999002,2026-09-05,0.009227585,236.0713,,,0.0,0.0,0.0,0.0,,,0.0,0.0,0.0
8999362,2026-09-05,0.009227585,236.0713,,,0.0,0.0,0.0,0.0,,,0.0,0.0,0.0
8999722,2026-09-05,0.009227585,236.0713,,,0.0,0.0,0.0,0.0,,,0.0,0.0,0.0
9000082,2026-09-05,0.009227585,236.0713,,,0.0,0.0,0.0,0.0,,,0.0,0.0,0.0
9000442,2026-09-05,0.009227585,236.0713,,,0.0,0.0,0.0,0.0,,,0.0,0.0,0.0
9000802,2026-09-05,0.009227585,236.0713,,,0.0,0.0,0.0,0.0,,,0.0,0.0,0.0
9001162,2026-09-05,0.009227585,236.0713,,,0.0,0.0,0.0,0.0,,,0.0,0.0,0.0
9001522,2026-09-05,0.009227585,236.0713,,,0.0,0.0,0.0,0.0,,,0.0,0.0,0.0
9001882,2026-09-05,0.009227585,236.0713,,,0.0,0.0,0.0,0.0,,,0.0,0.0,0.0
9002242,2026-09-05,0.009227585,236.0713,,,0.0,0.0,0.0,0.0,,,0.0,0.0,0.0
9002602,2026-09-05,0.009227585,236.0713,,,0.0,0.0,0.0,0.0,,,0.0,0.0,0.0
9002962,2026-09-05,0.009227585,236.0713,,,0.0,0.0,0.0,0.0,,,0.0,0.0,0.0
9003322,2026-09-05,0.009227585,236.0713,,,0.0,0.0,0.0,0.0,,,0.0,0.0,0.0
9003682,2026-09-05,0.009227585,236.0713,,,0.0,0.0,0.0,0.0,,,0.0,0.0,0.0
9004042,2026-09-05,0.009227585,236.0713,,,0.0,0.0,0.0,0.0,,,0.0,0.0,0.0
9004402,2026-09-05,0.009227585,236.0713,,,0.0,0.0,0.0,0.0,,,0.0,0.0,0.0
9004762,2026-09-06,0.009134492,265.7358,,,0.0,0.0,0.0,0.0,,,0.0,0.0,0.0
9005122,2026-09-06,0.009134492,265.7358,,,0.0,0.0,0.0,0.0,,,0.0,0.0,0.0
9005482,2026-09-06,0.009134492,265.7358,,,0.0,0.0,0.0,0.0,,,0.0,0.0,0.0
9005842,2026-09-06,0.009134492,265.7358,,,0.0,0.0,0.0,0.0,,,0.0,0.0,0.0
9006202,2026-09-06,0.009134492,265.7358,,,0.0,0.0,0.0,0.0,,,0.0,0.0,0.0
9006562,2026-09-06,0.009134492,265.7358,,,0.0,0.0,0.0,0.0,,,0.0,0.0,0.0
9006922,2026-09-06,0.009134492,265.7358,,,0.0,0.0,0.0,0.0,,,0.0,0.0,0.0
9007282,2026-09-06,0.009134492,265.7358,,,0.0,0.0,0.0,0.0,,,0.0,0.0,0.0
9007642,2026-09-06,0.009134492,265.7358,,,0.0,0.0,0.0,0.0,,,0.0,0.0,0.0
9008002,2026-09-06,0.009134492,265.7358,,,0.0,0.0,0.0,0.0,,,0.0,0.0,0.0
9008362,2026-09-06,0.009134492,265.7358,,,0.0,0.0,0.0,0.0,,,0.0,0.0,0.0
9008722,2026-09-06,0.009134492,265.7358,,,0.0,0.0,0.0,0.0,,,0.0,0.0,0.0
9009082,2026-09-06,0.009134492,265.7358,,,0.0,0.0,0.0,0.0,,,0.0,0.0,0.0
9009442,2026-09-06,0.009134492,265.7358,,,0.0,0.0,0.0,0.0,,,0.0,0.0,0.0
9009802,2026-09-06,0.009134492,265.7358,,,0.0,0.0,0.0,0.0,,,0.0,0.0,0.0
9010162,2026-09-06,0.009134492,265.7358,,,0.0,0.0,0.0,0.0,,,0.0,0.0,0.0
9010522,2026-09-06,0.009134492,265.7358,,,0.0,0.0,0.0,0.0,,,0.0,0.0,0.0
9010882,2026-09-06,0.009134492,265.7358,,,0.0,0.0,0.0,0.0,,,0.0,0.0,0.0
9011242,2026-09-06,0.009134492,265.7358,,,0.0,0.0,0.0,0.0,,,0.0,0.0,0.0
9011602,2026-09-06,0.009134492,265.7358,,,0.0,0.0,0.0,0.0,,,0.0,0.0,0.0
9011962,2026-09-07,0.009020929,259.8932,,,0.0,0.0,0.0,0.0,,,0.0,0.0,0.0
9012322,2026-09-07,0.009020929,259.8932,,,0.0,0.0,0.0,0.0,,,0.0,0.0,0.0
9012682,2026-09-07,0.009020929,259.8932,,,0.0,0.0,0.0,0.0,,,0.0,0.0,0.0
9013042,2026-09-07,0.009020929,259.8932,,,0.0,0.0,0.0,0.0,,,0.0,0.0,0.0
9013402,2026-09-07,0.009020929,259.8932,,,0.0,0.0,0.0,0.0,,,0.0,0.0,0.0
9013762,2026-09-07,0.009020929,259.8932,,,0.0,0.0,0.0,0.0,,,0.0,0.0,0.0
9014122,2026-09-07,0.009020929,259.8932,,,0.0,0.0,0.0,0.0,,,0.0,0.0,0.0
9014482,2026-09-07,0.009020929,259.8932,,,0.0,0.0,0.0,0.0,,,0.0,0.0,0.0
9014842,2026-09-07,0.009020929,259.8932,,,0.0,0.0,0.0,0.0,,,0.0,0.0,0.0
9015202,2026-09-07,0.009020929,259.8932,717805.4528855401,717891.823762882,0.346727681,64.79835192,21.572525421451992,0.0,0.0,0.0,86.370877341452,86.370877342,5.479989795276197e-10
9015562,2026-09-07,0.009020929,259.8932,717891.823762882,717978.209484993,0.346727681,64.79835192,21.58737019121836,0.0,0.0,0.0,86.38572211121836,86.385722111,-2.183497826990788e-10
9015922,2026-09-07,0.009020929,259.8932,717978.209484993,718064.8126409709,0.346727681,64.79835192,21.804804057477877,0.0,0.0,0.0,86.60315597747788,86.603155978,5.221210130912368e-10
9016282,2026-09-07,0.009020929,259.8932,718064.8126409709,718151.5024824771,0.346727681,64.79835192,21.891489586445793,0.0,0.0,0.0,86.68984150644579,86.689841506,-4.4579451241588686e-10
9016642,2026-09-07,0.009020929,259.8932,718151.5024824771,718238.192937714,0.346727681,64.79835192,21.892103316344638,0.0,0.0,0.0,86.69045523634463,86.69045523700001,6.55376197755686e-10
9017002,2026-09-07,0.009020929,259.8932,718238.192937714,718324.880344398,0.346727681,64.79835192,21.88905476431655,0.0,0.0,0.0,86.68740668431656,86.687406684,-3.1656099963583983e-10
9017362,2026-09-07,0.009020929,259.8932,718324.880344398,718411.564150099,0.346727681,64.79835192,21.885453780848408,0.0,0.0,0.0,86.68380570084841,86.683805701,1.5158718724705977e-10
9017722,2026-09-07,0.009020929,259.8932,718411.564150099,718498.234848359,0.346727681,64.79835192,21.87234634079304,0.0,0.0,0.0,86.67069826079305,86.67069826,-7.93050958236563e-10
9018082,2026-09-07,0.009020929,259.8932,718498.234848359,718584.900684796,0.346727681,64.79835192,21.867484516512427,0.0,0.0,0.0,86.66583643651242,86.665836437,4.875744252785807e-10
9018442,2026-09-07,0.009020929,259.8932,718584.900684796,718671.567919951,0.346727681,64.79835192,21.86888323480652,0.0,0.0,0.0,86.66723515480652,86.667235155,1.9348078694747528e-10
9018802,2026-09-07,0.009020929,259.8932,718671.567919951,718758.229245464,0.346727681,64.79835192,21.86297359316158,0.0,0.0,0.0,86.66132551316159,86.66132551300001,-1.6157741811184678e-10
9019162,2026-09-08,0.008578975,258.6112,718758.229245464,718844.888334999,0.346727681,64.79835192,21.860737615178422,0.0,0.0,0.0,86.65908953517842,86.659089535,-1.7841728094936116e-10
9019522,2026-09-08,0.008578975,258.6112,718844.888334999,718931.5433963389,0.346727681,64.79835192,21.856709420224576,0.0,0.0,0.0,86.65506134022458,86.65506134,-2.2457413706433726e-10
9019882,2026-09-08,0.008578975,258.6112,718931.5433963389,719018.1974664379,0.346727681,64.79835192,21.85571817836097,0.0,0.0,0.0,86.65407009836098,86.654070099,6.390195039784885e-10
9020242,2026-09-08,0.008578975,258.6112,719018.1974664379,719104.850955711,0.346727681,64.79835192,21.855137353420098,0.0,0.0,0.0,86.65348927342009,86.653489273,-4.2008707623608643e-10
9020602,2026-09-08,0.008578975,258.6112,719104.850955711,719191.504008615,0.345727681,64.79835192,21.85470098412395,0.0,0.0,0.0,86.65305290412395,86.653052904,-1.2394707482599188e-10
9020962,2026-09-08,0.008578975,258.6112,719191.504008615,719278.14987566,0.345727681,64.79835192,21.847515124314086,0.0,0.0,0.0,86.64586704431409,86.645867045,6.859153245386551e-10
9021322,2026-09-08,0.008578975,258.6112,719278.14987566,719364.800681078,0.345727681,64.79835192,21.85245349817273,0.0,0.0,0.0,86.65080541817272,86.650805418,-1.7271872820856515e-10
9021682,2026-09-08,0.008578975,258.6112,719364.800681078,719442.404543857,0.345727681,64.79835192,12.805510859487404,0.0,0.0,0.0,77.6038627794874,77.603862779,-4.874038950219983e-10
9022042,2026-09-08,0.008578975,258.6112,719442.404543857,719519.1643892671,0.345727681,64.79835192,11.961493489434242,0.0,0.0,0.0,76.75984540943425,76.75984541,5.65748337066907e-10
9022402,2026-09-08,0.008578975,258.6112,719519.1643892671,719595.1563706,0.345727681,64.79835192,11.193629413665409,0.0,0.0,0.0,75.99198133366541,75.991981333,-6.654090611846186e-10
9022762,2026-09-08,0.008578975,258.6112,719595.1563706,719670.464260572,0.345727681,64.79835192,10.509538051949054,0.0,0.0,0.0,75.30788997194905,75.307889972,5.0945914153999183e-11
9023122,2026-09-08,0.008578975,258.6112,719670.464260572,719745.155026108,0.345727681,64.79835192,9.892413615712481,0.0,0.0,0.0,74.69076553571249,74.690765536,2.8751401259796694e-10
9023482,2026-09-08,0.008578975,258.6112,719745.155026108,719819.2892133419,0.345727681,64.79835192,9.335835314297261,0.0,0.0,0.0,74.13418723429726,74.134187234,-2.972626589325955e-10
9023842,2026-09-08,0.008578975,258.6112,719819.2892133419,719892.922927466,0.345727681,64.79835192,8.835362203992727,0.0,0.0,0.0,73.63371412399273,73.63371412400001,7.275957614183426e-12
9024202,2026-09-08,0.008578975,258.6112,719892.922927466,719966.274274277,0.345727681,64.79835192,8.552994891142875,0.0,0.0,0.0,73.35134681114288,73.351346811,-1.4287593330664095e-10
9024562,2026-09-08,0.008578975,258.6112,719966.274274277,720039.178323362,0.345727681,64.79835192,8.105697164577885,0.0,0.0,0.0,72.90404908457789,72.904049085,4.221050176056451e-10
9024922,2026-09-08,0.008578975,258.6112,720039.178323362,720111.703623166,0.345727681,64.79835192,7.726947883921375,0.0,0.0,0.0,72.52529980392137,72.525299804,7.862865913921269e-11
9025282,2026-09-08,0.008578975,258.6112,720111.703623166,720176.56799789,0.345727681,64.79835192,0.06602280405278439,0.0,0.0,0.0,64.86437472405278,64.864374724,-5.277911441226024e-11
9025642,2026-09-08,0.008578975,258.6112,720176.56799789,720241.427481513,0.345727681,64.79835192,0.061131702797129026,0.0,0.0,0.0,64.85948362279713,64.859483623,2.028741619142238e-10
9026002,2026-09-08,0.008578975,258.6112,720241.427481513,720306.282047163,0.345727681,64.79835192,0.056213730073420475,0.0,0.0,0.0,64.85456565007343,64.85456565,-7.342748631344875e-11
9026362,2026-09-09,0.008450455,254.0847,720306.282047163,720371.132800762,0.345727681,64.79835192,0.05240167903307118,0.0,0.0,0.0,64.85075359903307,64.850753599,-3.306865892227506e-11
9026722,2026-09-09,0.008450455,254.0847,720371.132800762,720435.979905874,0.345727681,64.79835192,0.04875319243910026,0.0,0.0,0.0,64.8471051124391,64.84710511200001,-4.390869889903115e-10
9027082,2026-09-09,0.008450455,254.0847,720435.979905874,720500.8240971599,0.345727681,64.79835192,0.04583936537291083,0.0,0.0,0.0,64.84419128537291,64.844191286,6.270823860177188e-10
9027442,2026-09-09,0.008450455,254.0847,720500.8240971599,720568.647335666,0.345727681,64.79835192,2.4880081590373733,0.5368784285852732,0.5368305092626948,4.791932257841444e-05,67.82323850762265,67.823238506,-1.6226522348006256e-09
9027802,2026-09-09,0.008450455,254.0847,720568.647335666,720639.033237722,0.345727681,64.79835192,4.576606787948824,1.0109433485792445,0.9988165498235877,0.012126798755656965,70.38590205652807,70.385902056,-5.280611503621913e-10
9028162,2026-09-09,0.008450455,254.0847,720639.033237722,720711.751691476,0.345727681,64.79835192,6.484892565024409,1.4352092701653547,1.4179947321074102,0.01721453805794448,72.71845375518977,72.71845375400001,-1.1897611784661422e-09
9028522,2026-09-09,0.008450455,254.0847,720711.751691476,720786.5581327149,0.345727681,64.79835192,8.193104761015498,1.8149845577531414,1.7932168038597502,0.021767753893391018,74.80644123876863,74.806441239,2.3136692561820382e-10
9028882,2026-09-09,0.008450455,254.0847,720786.5581327149,720863.2162771459,0.345727681,64.79835192,9.708016156356122,2.1517763557447664,2.125971696104453,0.025804659640313175,76.6581444321009,76.658144431,-1.100900703931984e-09
9029242,2026-09-09,0.008450455,254.0847,720863.2162771459,720941.533542108,0.345727681,64.79835192,11.065365147426881,2.453547895940601,2.4241270153313503,0.02942088060925106,78.31726496336748,78.317264962,-1.3674821275344584e-09
9029602,2026-09-09,0.008450455,254.0847,720941.533542108,721021.398247093,0.345727681,64.79835192,12.357261854313954,2.7090912124198074,2.708811971008149,0.0002792414116587869,79.86470498673376,79.864704985,-1.7337526969640749e-09
9029962,2026-09-09,0.008450455,254.0847,721021.398247093,721102.556266866,0.345727681,64.79835192,13.41770510239462,2.9419627507972983,2.9416595344000758,0.000303216397222375,81.15801977319192,81.15801977299999,-1.9193180378351826e-10
9030322,2026-09-09,0.008450455,254.0847,721102.556266866,721184.792310233,0.345727681,64.79835192,14.301607241135986,3.1360842072548447,3.1357610139098933,0.0003231933449514223,82.23604336839082,82.23604336700001,-1.3908163509768201e-09
9030682,2026-09-09,0.008450455,254.0847,721184.792310233,721268.1471840569,0.345727681,64.79835192,15.219943583208309,3.3365783219420546,3.3362344988150414,0.0003438231270130432,83.35487382515036,83.354873824,-1.1503686891956022e-09
9031042,2026-09-09,0.008450455,254.0847,721268.1471840569,721352.4187367,0.345727681,64.79835192,15.969370555463064,3.5038301696158105,3.5009186302992235,0.0029115393165871886,84.27155264507887,84.271552643,-2.0788633037227555e-09
9031402,2026-09-09,0.008450455,254.0847,721352.4187367,721437.517434846,0.345727681,64.79835192,16.647418558378966,3.6529276686160888,3.649892522733423,0.0030351458826658223,85.09869814699505,85.09869814599999,-9.950582580131595e-10
9031762,2026-09-09,0.008450455,254.0847,721437.517434846,721523.357930372,0.345727681,64.79835192,17.255493208531156,3.786650398319435,3.783504443298922,0.003145955020513296,85.84049552685059,85.840495526,-8.505907089784159e-10
9032122,2026-09-09,0.008450455,254.0847,721523.357930372,721609.868498779,0.345727681,64.79835192,17.804774706894698,3.9074417811868476,3.9041957810074877,0.003246000179359683,86.51056840808155,86.51056840700001,-1.081545519809879e-09
9032482,2026-09-09,0.008450455,254.0847,721609.868498779,721696.974271675,0.345727681,64.79835192,18.291816593411443,4.015604384980518,4.011206802854001,0.004397582126517521,87.10577289839196,87.105772896,-2.391956854808086e-09
9032842,2026-09-09,0.008450455,254.0847,721696.974271675,721784.625791278,0.345727681,64.79835192,18.73916341116129,4.114004273980015,4.109499361210437,0.004504912769577831,87.6515196051413,87.651519603,-2.141305799341353e-09
9033202,2026-09-09,0.008450455,254.0847,721784.625791278,721872.661981077,0.345727681,64.79835192,19.053767192232684,4.184070687256184,4.179489487649827,0.004581199606356168,88.03618979948887,88.036189799,-4.888676130576641e-10
9033562,2026-09-10,0.009798352,235.0,721872.661981077,721961.155832854,0.345727681,64.79835192,19.428989217387194,4.26651064159549,4.261839623475704,0.004671018119785333,88.49385177898269,88.493851777,-1.9826842390102684e-09
9033922,2026-09-10,0.009798352,235.0,721961.155832854,722050.071988163,0.345727681,64.79835192,19.775222851698206,4.342580539282978,4.3378266936715155,0.004753845611462778,88.91615531098118,88.91615530899999,-1.981192099265172e-09
9034282,2026-09-10,0.009798352,235.0,722050.071988163,722139.353954433,0.345727681,64.79835192,20.075138739553395,4.408475611348183,4.403650091948345,0.0048255193998376494,89.28196627090158,89.28196627,-9.015792556965607e-10
9034642,2026-09-10,0.009798352,235.0,722139.353954433,722228.966073071,0.345727681,64.79835192,20.34581533605183,4.46795138336203,4.463061230221693,0.004890153140337357,89.61211863941386,89.612118638,-1.4138663573248778e-09
9035002,2026-09-10,0.009798352,235.0,722228.966073071,722318.8672131019,0.345727681,64.79835192,20.582766292887563,4.520021820223526,4.515075150448323,0.004946669775204059,89.90114003311109,89.90114003100001,-2.1110793113621185e-09
9035362,2026-09-10,0.009798352,235.0,722318.8672131019,722409.029278351,0.345727681,64.79835192,20.796686454223156,4.56702687657835,4.562029244323007,0.004997632255343619,90.1620652508015,90.16206524900001,-1.8014958413914428e-09
9035722,2026-09-10,0.009798352,235.0,722409.029278351,722499.424987123,0.345727681,64.79835192,20.98824419018391,4.609112663333893,4.604069461258401,0.005043202075492261,90.3957087735178,90.395708772,-1.51779033785715e-09
9036082,2026-09-10,0.009798352,235.0,722499.424987123,722590.030566504,0.345727681,64.79835192,21.160311303474586,4.646916159002514,4.6418320812854565,0.005084077717057377,90.6055793824771,90.60557938100001,-1.4770904499528115e-09
9036442,2026-09-10,0.009798352,235.0,722590.030566504,722680.827999777,0.345727681,64.79835192,21.317501842006017,4.681579513111595,4.6763297581256476,0.005249754985947204,90.79743327511761,90.797433273,-2.1176163045311114e-09
9036802,2026-09-10,0.009798352,235.0,722680.827999777,722771.774807012,0.345727681,64.79835192,21.43996027156342,4.7084950452759475,4.703215615540718,0.0052794297352291245,90.94680723683938,90.946807235,-1.8393819800621714e-09
9037162,2026-09-10,0.009798352,235.0,722771.774807012,722862.8608708989,0.345727681,64.79835192,21.554137821290535,4.733574146641213,4.728267106953424,0.005307039687788975,91.08606388793176,91.086063887,-9.317631111116498e-10
9037522,2026-09-10,0.009798352,235.0,722862.8608708989,722954.095812119,0.345727681,64.79835192,21.67619915523752,4.760390147160836,4.755053555862639,0.005336591298196431,91.23494122239836,91.23494122,-2.398365950284642e-09
9037882,2026-09-10,0.009798352,235.0,722954.095812119,723045.4530402829,0.345727681,64.79835192,21.776465625653547,4.782410620511585,4.777049858932524,0.005360761579061666,91.35722816616513,91.357228164,-2.1651231918440317e-09
9038242,2026-09-10,0.009798352,235.0,723045.4530402829,723136.928210297,0.345727681,64.79835192,21.87316215302923,4.803655942196396,4.798271883942536,0.005384058253860367,91.47517001522563,91.475170014,-1.225629375767312e-09
9038602,2026-09-10,0.009798352,235.0,723136.928210297,723228.498064158,0.345727681,64.79835192,21.95079328792787,4.820708653476246,4.815306001902779,0.00540265157346763,91.56985386140411,91.569853861,-4.041140755361994e-10
9038962,2026-09-10,0.009798352,235.0,723228.498064158,723320.1603408341,0.345727681,64.79835192,22.02658097437594,4.837343784292748,4.831923011033316,0.005420773259431089,91.66227667866869,91.662276676,-2.6686848286772147e-09
9039322,2026-09-10,0.009798352,235.0,723320.1603408341,723411.903454565,0.345727681,64.79835192,22.0928548554776,4.851906956346786,4.846470386630429,0.0054365697163576915,91.74311373182438,91.74311373100001,-8.243716820288682e-10
9039682,2026-09-10,0.009798352,235.0,723411.903454565,723503.7272563931,0.345727681,64.79835192,22.159006694422253,4.866443215064815,4.860990882178465,0.0054523328863502005,91.82380182948708,91.823801828,-1.4870806808175985e-09
9040042,2026-09-10,0.009798352,235.0,723503.7272563931,723595.6253540979,0.345727681,64.79835192,22.219918255871637,4.87982753146162,4.8743607290373685,0.005466802424251217,91.89809770733325,91.898097705,-2.3332518139795866e-09
9040402,2026-09-10,0.009798352,235.0,723595.6253540979,723687.585358251,0.345727681,64.79835192,22.270675376572818,4.8909768582743265,4.885498092768676,0.005478765505649633,91.96000415484716,91.960004153,-1.8471553175913868e-09
9040762,2026-09-11,0.009809109,235.6622,723687.585358251,723779.601691616,0.345727681,64.79835192,22.31685654304184,4.90112490423938,4.895635299528201,0.005489604711178815,92.01633336728122,92.01633336500001,-2.281211664012517e-09
9041122,2026-09-11,0.009809109,235.6622,723779.601691616,723871.672336573,0.345727681,64.79835192,22.361383606905935,4.910909430625359,4.905409395984053,0.00550003464130497,92.07064495753129,92.070644957,-5.312870143825421e-10
9041482,2026-09-11,0.009809109,235.6622,723871.672336573,723963.790819141,0.345727681,64.79835192,22.400603253956902,4.919527396948364,4.914018240820427,0.005509156127937361,92.11848257090527,92.118482568,-2.9052671379758976e-09
9041842,2026-09-11,0.009809109,235.6622,723963.790819141,724055.952027383,0.345727681,64.79835192,22.43563144911072,4.9272248751130485,4.921707630017276,0.005517245095772518,92.16120824422377,92.161208242,-2.2237713892536703e-09
9042202,2026-09-11,0.009809109,235.6622,724055.952027383,724148.136619566,0.345727681,64.79835192,22.454801229121074,4.931439035459388,4.925917603054167,0.005521432405221952,92.18459218458047,92.18459218299999,-1.580474418005906e-09
9042562,2026-09-11,0.009809109,235.6622,724148.136619566,724240.351955233,0.345727681,64.79835192,22.480005990572472,4.936977757602413,4.9314506558208135,0.005527101781599742,92.21533566817487,92.21533566699999,-1.1748824135793257e-09
9042922,2026-09-11,0.009809109,235.6622,724240.351955233,724332.585645318,0.345727681,64.79835192,22.495052805496254,4.940285361358345,4.934755088884092,0.005530272474252254,92.23369008685461,92.233690085,-1.8546018054621527e-09
9043282,2026-09-11,0.009809109,235.6622,724332.585645318,724424.8316511811,0.345727681,64.79835192,22.50514863242143,4.942505312847877,4.936973087726477,0.005532225121400404,92.2460058652693,92.246005863,-2.2693029677611776e-09
9043642,2026-09-11,0.009809109,235.6622,724424.8316511811,724517.130110342,0.345727681,64.79835192,22.54815483007331,4.951952414235695,4.9464101481574145,0.005542266078280119,92.29845916430901,92.29845916100001,-3.3089975204347866e-09
9044002,2026-09-11,0.009809109,235.6622,724517.130110342,724609.4215197379,0.345727681,64.79835192,22.54237291311376,4.95068456407034,4.945144250131501,0.0055403139388379595,92.29140939718411,92.291409396,-1.1841052582894918e-09
9044362,2026-09-11,0.009809109,235.6622,724609.4215197379,724701.727890617,0.345727681,64.79835192,22.554638801815802,4.953380158490708,4.9478373612230255,0.005542797267682022,92.3063708803065,92.30637087900001,-1.3064891390968114e-09
9044722,2026-09-11,0.009809109,235.6622,724701.727890617,724794.075306803,0.345727681,64.79835192,22.588336064308997,4.960728202517502,4.955177716845485,0.005550485672017488,92.3474161868265,92.347416186,-8.265033102361485e-10
9045082,2026-09-11,0.009809109,235.6622,724794.075306803,724886.441458619,0.345727681,64.79835192,22.606643170094078,4.961156727958466,4.959202046063645,0.0019546818948213054,92.36615181805254,92.366151816,-2.0525448007902014e-09
9045442,2026-09-11,0.009809109,235.6622,724886.441458619,724978.8334171029,0.345727681,64.79835192,22.627801190444792,4.96580537639011,4.963849051265815,0.001956325124294736,92.39195848683491,92.391958484,-2.8349091962809325e-09
9045802,2026-09-11,0.009809109,235.6622,724978.8334171029,725071.233732836,0.345727681,64.79835192,22.63465022144349,4.967313592417576,4.965356861470217,0.0019567309473592772,92.40031573386108,92.400315733,-8.61078319758235e-10
9046162,2026-09-11,0.009809109,235.6622,725071.233732836,725163.645647359,0.345727681,64.79835192,22.64415809495686,4.969404509860325,4.96744714364976,0.001957366210565145,92.41191452481719,92.411914523,-1.817198835851741e-09
9046522,2026-09-11,0.009809109,235.6622,725163.645647359,725256.049806688,0.345727681,64.79835192,22.63779508971872,4.968012321965946,4.966055692419741,0.0019566295462057908,92.40415933168467,92.40415932900001,-2.6846578293771017e-09
9046882,2026-09-11,0.009809109,235.6622,725256.049806688,725348.4551889229,0.345727681,64.79835192,22.637525199419084,4.969505117959472,4.965999396787094,0.003505721172378772,92.40538223737856,92.405382235,-2.3785560188116506e-09
9047242,2026-09-11,0.009809109,235.6622,725348.4551889229,725440.8679034,0.345727681,64.79835192,22.643535002106386,4.970827555602524,4.967321238775477,0.003506316827047316,92.41271447770892,92.412714477,-7.089226983225672e-10
9047602,2026-09-11,0.009809109,235.6622,725440.8679034,725533.289616564,0.345727681,64.79835192,22.65091893331097,4.972442312520741,4.968935193973442,0.0035071185472985936,92.4217131658317,92.421713164,-1.8317081185159623e-09
9047962,2026-09-12,0.009814921,232.7534,725533.289616564,725625.7198040249,0.345727681,64.79835192,22.657864975480937,4.973970568073021,4.970462708961429,0.0035078591115926677,92.43018746355396,92.430187461,-2.553960598561389e-09
9048322,2026-09-12,0.009814921,232.7534,725625.7198040249,725718.145333158,0.345727681,64.79835192,22.65404213522939,4.973135078327248,4.96962814564574,0.0035069326815067884,92.42552913355664,92.425529133,-5.566391791944625e-10
9048682,2026-09-12,0.009814921,232.7534,725718.145333158,725810.568527346,0.345727681,64.79835192,22.652125094033522,4.972717176288506,4.969210875400115,0.003506300888390567,92.42319419032204,92.42319418800001,-2.322025238754577e-09
9049042,2026-09-12,0.009814921,232.7534,725810.568527346,725902.9950586479,0.345727681,64.79835192,22.65486368099451,4.9733157027251735,4.9698093168733,0.0035063858518743635,92.42653130371968,92.426531302,-1.7196839507960249e-09
9049402,2026-09-12,0.009814921,232.7534,725902.9950586479,725995.428423834,0.345727681,64.79835192,22.661735835697634,4.973277433277954,4.971320236658154,0.001957196619800522,92.43336518897559,92.433365186,-2.975582447106717e-09
9049762,2026-09-12,0.009814921,232.7534,725995.428423834,726087.860814685,0.345727681,64.79835192,22.660934553684378,4.973104378962319,4.971147438575877,0.0019569403864415215,92.4323908526467,92.432390851,-1.6467112118334626e-09
9050122,2026-09-12,0.009814921,232.7534,726087.860814685,726180.2965352141,0.345727681,64.79835192,22.663663231031997,4.973705380102718,4.971748391328797,0.0019569887739220677,92.4357205311347,92.435720529,-2.1347119627534994e-09
9050482,2026-09-12,0.009814921,232.7534,726180.2965352141,726272.728656272,0.345727681,64.79835192,22.660709722761908,4.973059417234859,4.971102870670501,0.00195654656435907,92.43212105999677,92.43212105799999,-1.9967814068877487e-09
9050842,2026-09-12,0.009814921,232.7534,726272.728656272,726365.160158757,0.345727681,64.79835192,22.660200734716568,4.972949831584884,4.970993516131344,0.0019563154535411896,92.43150248630145,92.43150248500001,-1.3014442856729147e-09
9051202,2026-09-12,0.009814921,232.7534,726365.160158757,726457.592120672,0.345727681,64.79835192,22.660575662217653,4.973034333476246,4.971078172737925,0.00195616073832116,92.4319619156939,92.431961915,-6.939018248885986e-10
9051562,2026-09-12,0.009814921,232.7534,726457.592120672,726549.94984408,0.345727681,64.79835192,22.59969605433306,4.959675435803272,4.957724717245849,0.001950718557422808,92.35772341013634,92.357723408,-2.1363462110457476e-09
9051922,2026-09-12,0.009814921,232.7534,726549.94984408,726642.314600129,0.345727681,64.79835192,22.60421500701615,4.962189125231285,4.958716915680585,0.0034722095507005403,92.36475605224744,92.364756049,-3.2474503086632467e-09
9052282,2026-09-12,0.009814921,232.7534,726642.314600129,726734.688452865,0.345727681,64.79835192,22.61167308724067,4.963827729434265,4.960354706721487,0.0034730227127779544,92.37385273667495,92.373852736,-6.749445446985192e-10
9052642,2026-09-12,0.009814921,232.7534,726734.688452865,726827.063227603,0.345727681,64.79835192,22.61242817988767,4.963994640233127,4.960521834107203,0.0034728061259254144,92.3747747401208,92.374774738,-2.1207995359873166e-09
9053002,2026-09-12,0.009814921,232.7534,726827.063227603,726919.442815125,0.345727681,64.79835192,22.61637153892276,4.964864064633732,4.96139098361281,0.0034730810209225704,92.3795875235565,92.379587522,-1.5565007061013603e-09
9053362,2026-09-12,0.009814921,232.7534,726919.442815125,727011.8280286151,0.345727681,64.79835192,22.620984363969487,4.965877207991516,4.962403751595783,0.0034734563957332693,92.385213491961,92.38521349,-1.96099847471487e-09
9053722,2026-09-12,0.009814921,232.7534,727011.8280286151,727104.226865936,0.345727681,64.79835192,22.632155348314054,4.968330054257801,4.964855215628857,0.0034748386289441494,92.39883732257186,92.398837321,-1.5718626400484936e-09
9054082,2026-09-12,0.009814921,232.7534,727104.226865936,727196.6316554489,0.345727681,64.79835192,22.63703546247874,4.969402131958465,4.965926876976596,0.003475254981869971,92.4047895144372,92.40478951300001,-1.4371863699125242e-09
9054442,2026-09-12,0.009814921,232.7534,727196.6316554489,727289.0417513499,0.345727681,64.79835192,22.641386169017192,4.970357813854519,4.966882223985697,0.003475589868821694,92.41009590287172,92.410095901,-1.871711674539256e-09
9054802,2026-09-12,0.009814921,232.7534,727289.0417513499,727381.242212122,0.345727681,64.79835192,22.424929305216402,4.977179549156032,4.919363664668656,0.05781588448737726,92.20046077437243,92.200460772,-2.3724311404293985e-09
9055162,2026-09-13,0.009845446,231.2473,727381.242212122,727473.521767288,0.345727681,64.79835192,22.489659011932947,4.991544237195336,4.93356699052911,0.05797724666622499,92.27955516912829,92.279555166,-3.128292291876278e-09
9055522,2026-09-13,0.009845446,231.2473,727473.521767288,727565.819006957,0.345727681,64.79835192,22.504132824599253,4.994754925591248,4.936745890768189,0.05800903482305818,92.2972396701905,92.297239669,-1.1905001429113327e-09
9055882,2026-09-13,0.009845446,231.2473,727565.8190069579,727658.142008487,0.345727681,64.79835192,22.52645594719424,4.998193664938538,4.941647063337886,0.05654660160065197,92.32300153213278,92.323001529,-3.1327829219662817e-09
9056242,2026-09-13,0.009845446,231.2473,727658.142008487,727750.4672850181,0.345727681,64.79835192,22.52832008568459,4.998604526561493,4.9420586429540805,0.05654588360741259,92.32527653224608,92.325276531,-1.2460787957024877e-09
9056602,2026-09-13,0.009845446,231.2473,727750.4672850181,727842.806702637,0.345727681,64.79835192,22.539896028843597,5.001169670905822,4.944600137367593,0.05656953353822948,92.33941761974943,92.339417619,-7.494236342608929e-10
9056962,2026-09-13,0.009845446,231.2473,727842.806702637,727935.1512408,0.345727681,64.79835192,22.542847826409798,5.0033384185932,4.945248758704214,0.0580896598889864,92.344538165003,92.344538163,-2.0030057612530072e-09
9057322,2026-09-13,0.009845446,231.2473,727935.1512408,728027.497852858,0.345727681,64.79835192,22.54454801373393,5.003712126734329,4.945623637312153,0.0580884894221766,92.34661206046826,92.34661205799999,-2.468269144628721e-09
9057682,2026-09-13,0.009845446,231.2473,728027.497852858,728119.8517104599,0.345727681,64.79835192,22.55048036515339,5.005025318810475,4.946927093983005,0.05809822482746987,92.35385760396386,92.353857602,-1.9638548565126257e-09
9058042,2026-09-13,0.009845446,231.2473,728119.8517104599,728212.209723787,0.345727681,64.79835192,22.553884299737362,5.005777108518059,4.947675666193028,0.05810144232503017,92.35801332825542,92.35801332700001,-1.2554153272503754e-09
9058402,2026-09-13,0.009845446,231.2473,728212.2097237881,728304.593362813,0.345727681,64.79835192,22.57610169182657,5.009185414760456,4.952552079474427,0.056633335286028395,92.38363902658702,92.38363902500001,-1.587011411174899e-09
9058762,2026-09-13,0.009845446,231.2473,728304.593362813,728396.981866912,0.345727681,64.79835192,22.5800863925427,5.010065787650757,4.953427870045079,0.05663791760567714,92.38850410019346,92.388504099,-1.1934560006920947e-09
9059122,2026-09-13,0.009845446,231.2473,728396.981866912,728489.393504283,0.345727681,64.79835192,22.599022214135353,5.0142632388080175,4.957583244218504,0.05667999458951353,92.41163737294337,92.411637371,-1.9433770148680196e-09
9059482,2026-09-13,0.009845446,231.2473,728489.393504283,728581.8159444169,0.345727681,64.79835192,22.60786692982377,5.016221287225369,4.95952453504293,0.056696752182439136,92.42244013704914,92.422440134,-3.0491378311126027e-09
9059842,2026-09-13,0.009845446,231.2473,728581.8159444169,728674.229300973,0.345727681,64.79835192,22.599180317813815,5.015824319634903,4.957618829238556,0.05820549039634665,92.41335655744872,92.413356556,-1.4487255839412683e-09
9060202,2026-09-13,0.009845446,231.2473,728674.229300973,728766.6584789391,0.345727681,64.79835192,22.61213192143356,5.018694126261821,4.960460851994697,0.05823327426712462,92.42917796769538,92.429177966,-1.6953833892330294e-09
9060562,2026-09-13,0.009845446,231.2473,728766.6584789391,728859.102201649,0.345727681,64.79835192,22.624039271945048,5.021331519926312,4.963073163604322,0.058258356321989974,92.44372271187136,92.44372271,-1.871356403171376e-09
9060922,2026-09-13,0.009845446,231.2473,728859.102201649,728951.653442237,0.345727681,64.79835192,22.712032131228728,5.040856539259087,4.982377191082108,0.058479348176978856,92.55124059048781,92.551240588,-2.4878090698621236e-09
9061282,2026-09-13,0.009845446,231.2473,728951.653442237,729044.221634238,0.345727681,64.79835192,22.727171258998133,5.042668824246078,4.9857001495462265,0.05696867469985199,92.5681920032442,92.568192001,-2.244206598334131e-09
9061642,2026-09-13,0.009845446,231.2473,729044.221634238,729136.797114081,0.345727681,64.79835192,22.73313894534574,5.0439889785940935,4.987010790186681,0.05697818840741208,92.57547984393985,92.575479843,-9.398490874445997e-10
9062002,2026-09-13,0.009845446,231.2473,729136.797114081,729229.377469228,0.345727681,64.79835192,22.737133425224027,5.044869803885002,4.987887065809882,0.05698273807511956,92.58035514910904,92.58035514699999,-2.1090471591378446e-09
9062362,2026-09-14,0.009918148,232.3839,729229.377469228,729321.963533982,0.345727681,64.79835192,22.74181038228595,5.045902453808521,4.988913452102805,0.05698900170571647,92.58606475609447,92.58606475399999,-2.0944810330547625e-09
9062722,2026-09-14,0.009918148,232.3839,729321.963533982,729414.554360228,0.345727681,64.79835192,22.745710881720854,5.04676344569017,4.989770119994163,0.056993325696007,92.59082624741103,92.590826246,-1.4110241863818374e-09
9063082,2026-09-14,0.009918148,232.3839,729414.554360228,729507.146041384,0.345727681,64.79835192,22.74642780752315,5.046901430947136,4.989911946151013,0.05698948479612389,92.59168115847028,92.59168115599999,-2.4702870859982795e-09
9063442,2026-09-14,0.009918148,232.3839,729507.146041384,729599.7576234849,0.345727681,64.79835192,22.76173685346991,5.0514933286754875,4.992917048043681,0.05857628063180602,92.6115821021454,92.611582101,-1.1454091008999967e-09
9063802,2026-09-14,0.009918148,232.3839,729599.7576234849,729692.373142695,0.345727681,64.79835192,22.764934615625542,5.052232676598225,4.9936533696703576,0.05857930692786646,92.61551921222377,92.61551921,-2.2237713892536703e-09
9064162,2026-09-14,0.009918148,232.3839,729692.373142695,729784.990754688,0.345727681,64.79835192,22.76662617285406,5.052633901495674,4.994055488806703,0.058578412688971626,92.61761199434973,92.617611993,-1.3497327699951711e-09
9064522,2026-09-14,0.009918148,232.3839,729784.990754688,729877.6118869841,0.345727681,64.79835192,22.769488566426922,5.053291810944233,4.994711316557446,0.05858049438678714,92.62113229737116,92.621132296,-1.3711627389056957e-09
9064882,2026-09-14,0.009918148,232.3839,729877.6118869841,729970.2402602261,0.345727681,64.79835192,22.775397722754633,5.05462360171183,4.9960332146429085,0.05859038706892201,92.62837324446646,92.628373242,-2.46646436607989e-09
9065242,2026-09-14,0.009918148,232.3839,729970.2402602261,730062.869929105,0.345727681,64.79835192,22.776443496516688,5.054873464255013,4.996285726232872,0.058587738022140415,92.6296688807717,92.629668879,-1.7717098899083794e-09
9065602,2026-09-14,0.009918148,232.3839,730062.869929106,730155.507098915,0.345727681,64.79835192,22.78384423149451,5.054973659464523,4.997930847538109,0.057042811926414305,92.63716981095904,92.637169809,-1.9590373767641722e-09
9065962,2026-09-14,0.009918148,232.3839,730155.507098915,730248.1260867959,0.345727681,64.79835192,22.768952883998754,5.051683079229389,4.994682795225524,0.057000284003865316,92.61898788322814,92.618987881,-2.2281483325059526e-09
9066322,2026-09-14,0.009918148,232.3839,730248.1260867959,730340.7515631369,0.345727681,64.79835192,22.774253550760687,5.052870872048458,4.995862580893661,0.05700829115479767,92.62547634280915,92.625476341,-1.8091554920829367e-09
9066682,2026-09-14,0.009918148,232.3839,730340.7515631369,730433.3750466771,0.345727681,64.79835192,22.772614810341427,5.052516811615028,4.995517908840404,0.056998902774624056,92.62348354195646,92.62348354,-1.9564652120607207e-09
9067042,2026-09-14,0.009918148,232.3839,730433.3750466771,730526.0089401209,0.345727681,64.79835192,22.781185793521963,5.054355732922238,4.997341479235423,0.057014253686814204,92.6338934464442,92.63389344400001,-2.4441959567411686e-09
9067402,2026-09-14,0.009918148,232.3839,730526.0089401209,730618.637283571,0.345727681,64.79835192,22.77663347727682,5.053358053718975,4.996360446454152,0.0569976072648234,92.6283434509958,92.62834345,-9.9579722245835e-10
9067762,2026-09-14,0.009918148,232.3839,730618.637283571,730711.2631522879,0.345727681,64.79835192,22.77459943563286,5.052917363947971,4.995930117935198,0.05698724601277314,92.62586871958084,92.625868717,-2.580833324827836e-09
9068122,2026-09-14,0.009918148,232.3839,730711.2631522879,730803.876953256,0.345727681,64.79835192,22.763460150940215,5.051988898085861,4.9934993913321515,0.05848950675371013,92.61380096902609,92.61380096799999,-1.0260947647111607e-09
9068482,2026-09-14,0.009918148,232.3839,730803.876953256,730896.487056469,0.345727681,64.79835192,22.760429327417736,5.05132196850243,4.992845711454999,0.058476257047431195,92.61010321592018,92.610103213,-2.9201743245721445e-09
9068842,2026-09-14,0.009918148,232.3839,730896.487056469,730989.0706978431,0.345727681,64.79835192,22.73876855775794,5.04652089662748,4.988105740627196,0.05841515600028281,92.58364137438542,92.583641374,-3.8542680158570874e-10
9069202,2026-09-14,0.009918148,232.3839,730989.0706978431,731081.6527585681,0.345727681,64.79835192,22.73747087731465,5.046237929818344,4.987831569140241,0.05840636067810374,92.582060727133,92.58206072499999,-2.133006660187675e-09
9069562,2026-09-15,0.010068208,217.7641,731081.6527585681,731174.231889513,0.345727681,64.79835192,22.735069833837322,5.045709192485458,4.987314469611237,0.05839472287422222,92.57913094632278,92.57913094499999,-1.3227889894551481e-09
9069922,2026-09-15,0.010068208,217.7641,731174.231889513,731266.804773424,0.345727681,64.79835192,22.72995508406207,5.044576909066712,4.986200805850357,0.05837610321635477,92.57288391312878,92.57288391099999,-2.12878603633726e-09
9070282,2026-09-15,0.010068208,217.7641,731266.804773424,731359.3711798909,0.345727681,64.79835192,22.72465220773683,5.043402341886231,4.9850453438127795,0.05835699807345113,92.56640646962308,92.56640646700001,-2.6230679850414163e-09
9070642,2026-09-15,0.010068208,217.7641,731359.3711798909,731451.932751312,0.345727681,64.79835192,22.720693756521797,5.042525745586113,4.984184401299603,0.058341344286509215,92.56157142210792,92.56157142100001,-1.1079066553065786e-09
9071002,2026-09-15,0.010068208,217.7641,731451.932751312,731544.473204219,0.345727681,64.79835192,22.703410365216634,5.03869062384972,4.980399156661924,0.05829146718779674,92.54045290906635,92.540452907,-2.0663435407186626e-09
9071362,2026-09-15,0.010068208,217.7641,731544.473204219,731637.006634982,0.345727681,64.79835192,22.69766318507257,5.0374156595147666,4.979144444450573,0.05827121506419348,92.53343076458734,92.53343076300001,-1.5873240499786334e-09
9071722,2026-09-15,0.010068208,217.7641,731637.006634982,731729.533463408,0.345727681,64.79835192,22.69225966960312,5.03621683896455,4.97796499120512,0.05825184775942992,92.52682842856767,92.526828426,-2.567674073361559e-09
9072082,2026-09-15,0.010068208,217.7641,731729.533463408,731822.064860586,0.345727681,64.79835192,22.695999554605184,5.037045705135266,4.978789769555242,0.058255935580023295,92.53139717974045,92.531397178,-1.740446009534935e-09
9072442,2026-09-15,0.010068208,217.7641,731822.064860586,731914.608418657,0.345727681,64.79835192,22.705952724948336,5.039253428199184,4.980977459805162,0.05827596839402184,92.54355807314752,92.54355807099999,-2.1475301537066116e-09
9072802,2026-09-15,0.010068208,217.7641,731914.608418658,732007.156609796,0.345727681,64.79835192,22.710997070103957,5.038842150394016,4.982088770303309,0.056753380090706615,92.54819114049798,92.548191138,-2.497969830983493e-09
9073162,2026-09-15,0.010068208,217.7641,732007.156609796,732099.702532825,0.345727681,64.79835192,22.70914229673274,5.0384288142868305,4.981685446034762,0.05674336825206947,92.54592303101957,92.545923029,-2.0195756178509328e-09
9073522,2026-09-15,0.010068208,217.7641,732099.702532825,732192.231211094,0.345727681,64.79835192,22.6950304339402,5.035295916844082,4.978593183466943,0.056702733377139346,92.52867827078428,92.528678269,-1.7842864963313332e-09
9073882,2026-09-15,0.010068208,217.7641,732192.231211094,732284.7568893121,0.345727681,64.79835192,22.692575984841355,5.034750315790322,4.97805907628116,0.056691239509161134,92.52567822063168,92.525678218,-2.6316797629988287e-09
9074242,2026-09-15,0.010068208,217.7641,732284.7568893121,732377.258290891,0.345727681,64.79835192,22.671454348582163,5.03159531239904,4.973427410254674,0.05816790214436603,92.5014015809812,92.50140157899999,-1.9812063101198873e-09
9074602,2026-09-15,0.010068208,217.7641,732377.258290891,732469.737872292,0.345727681,64.79835192,22.65360001638551,5.0276294657658696,4.9695128918990426,0.05811657386682666,92.47958140215138,92.479581401,-1.1513776598803815e-09
9074962,2026-09-15,0.010068208,217.7641,732469.737872292,732562.186350098,0.345727681,64.79835192,22.62814833607455,5.021977551718864,4.963931784124477,0.058045767594386746,92.44847780779341,92.448477806,-1.7934098650584929e-09
9075322,2026-09-15,0.010068208,217.7641,732562.186350098,732654.65398266,0.345727681,64.79835192,22.643827044392697,5.025453600177303,4.967373130665336,0.058080469511967214,92.46763256457,92.467632562,-2.5699904426801368e-09
9075682,2026-09-15,0.010068208,217.7641,732654.65398266,732747.14429905,0.345727681,64.79835192,22.662393020518806,5.0295714503399775,4.971448868786206,0.058122581553771015,92.49031639085878,92.49031639,-8.587761612943723e-10
9076042,2026-09-15,0.010068208,217.7641,732747.14429905,732839.551708623,0.345727681,64.79835192,22.594547438092825,5.014510218367443,4.956567148703374,0.05794306966406942,92.40740957646028,92.40740957300001,-3.460272068878112e-09
9076402,2026-09-15,0.010068208,217.7641,732839.551708623,732931.9219646701,0.345727681,64.79835192,22.56414568105173,5.007758447774021,4.949898847372574,0.057859600401447414,92.37025604882575,92.370256047,-1.8257537703902926e-09
9076762,2026-09-16,0.010084019,221.679,732931.921964671,733024.299305773,0.345727681,64.79835192,22.57119592829245,5.007793256279797,4.95144807362983,0.05634518264996599,92.37734110457225,92.37734110199999,-2.572264179434569e-09
9077122,2026-09-16,0.010084019,221.679,733024.299305773,733116.675620442,0.345727681,64.79835192,22.57035903275718,5.007603718207111,4.9512659765322145,0.05633774167489696,92.37631467096429,92.376314669,-1.964295393008797e-09
9077482,2026-09-16,0.010084019,221.679,733116.675620442,733209.043251678,0.345727681,64.79835192,22.563255922782812,5.006023394001454,4.94970873720282,0.05631465679863365,92.36763123678428,92.367631236,-7.842828608772834e-10
9077842,2026-09-16,0.010084019,221.679,733209.043251678,733301.354990519,0.345727681,64.79835192,22.51751595904477,4.995870965172333,4.939675810392749,0.05619515477958349,92.3117388442171,92.311738841,-3.2171101338462904e-09
9078202,2026-09-16,0.010084019,221.679,733301.354990519,733393.685400598,0.345727681,64.79835192,22.53156371465031,5.0004944457748035,4.9427575080148545,0.05773693775994901,92.33041008042511,92.330410079,-1.4251071434046025e-09
9078562,2026-09-16,0.010084019,221.679,733393.685400598,733486.01287209,0.345727681,64.79835192,22.529162458646788,4.999957115684029,4.942231816268473,0.0577252994155561,92.32747149433081,92.327471492,-2.330807546968572e-09
9078922,2026-09-16,0.010084019,221.679,733486.01287209,733578.347219744,0.345727681,64.79835192,22.534793513692442,5.001202221579189,4.943467981538603,0.05773424004058582,92.33434765527164,92.334347654,-1.271644123335136e-09
9079282,2026-09-16,0.010084019,221.679,733578.347219744,733670.6863684561,0.345727681,64.79835192,22.53872665855272,5.002070134465694,4.944331309346484,0.05773882511921158,92.33914871301842,92.339148712,-1.0184209031649516e-09
9079642,2026-09-16,0.010084019,221.679,733670.6863684561,733763.02927397,0.345727681,64.79835192,22.541807232514124,5.002746363394856,4.945005166357594,0.05774119703726182,92.34290551590897,92.342905514,-1.9089725356025156e-09
9080002,2026-09-16,0.010084019,221.679,733763.02927397,733855.3619633301,0.345727681,64.79835192,22.533450323731245,5.00088711764484,4.94317281046283,0.05771430718201072,92.33268936137608,92.33268936,-1.3760796946371556e-09
9080362,2026-09-16,0.010084019,221.679,733855.3619633301,733947.6880486751,0.345727681,64.79835192,22.528048089122706,4.999685337283985,4.941990327614644,0.05769500966934093,92.3260853464067,92.326085345,-1.406704086548416e-09
9080722,2026-09-16,0.010084019,221.679,733947.6880486751,734040.02346553,0.345727681,64.79835192,22.53568869769415,5.001376238864959,4.943667145194431,0.05770909367052814,92.33541685655912,92.33541685499999,-1.5591297142236726e-09
9081082,2026-09-16,0.010084019,221.679,734040.02346553,734132.3728813251,0.345727681,64.79835192,22.548385425875594,5.002678451062134,4.946454373877086,0.056224077185048515,92.34941579693773,92.349415795,-1.9377353055460844e-09
9081442,2026-09-16,0.010084019,221.679,734132.3728813251,734224.72932286,0.345727681,64.79835192,22.554139578491892,5.003950037428684,4.947716959349298,0.056233078079386274,92.35644153592057,92.356441535,-9.205649575960706e-10
9081802,2026-09-16,0.010084019,221.679,734224.72932286,734317.096770745,0.345727681,64.79835192,22.563151583004437,5.005944384793392,4.949694186012216,0.056250198781175466,92.36744788779784,92.367447885,-2.7978330763289705e-09
9082162,2026-09-16,0.010084019,221.679,734317.096770745,734409.4632647261,0.345727681,64.79835192,22.562374935297218,5.005767127388603,4.94952421044915,0.05624291693945333,92.36649398268582,92.366493981,-1.6858194840096985e-09
9082522,2026-09-16,0.010084019,221.679,734409.4632647261,734501.8273669749,0.345727681,64.79835192,22.560421748984787,5.005328581307209,4.949095880129243,0.0562327011779658,92.364102250292,92.36410224900001,-1.2919940672873054e-09
9082882,2026-09-16,0.010084019,221.679,734501.8273669749,734594.192421029,0.345727681,64.79835192,22.56120476475975,5.005497371950203,4.9492680618931795,0.056229310057023155,92.36505405670995,92.365054054,-2.7099531507701613e-09
9083242,2026-09-16,0.010084019,221.679,734594.192421029,734686.560918652,0.345727681,64.79835192,22.564027206418327,5.006118497344498,4.949887496791482,0.056231000553015345,92.36849762376283,92.368497623,-7.628386811120436e-10
9083602,2026-09-16,0.010084019,221.679,734686.560918652,734778.9312209049,0.345727681,64.79835192,22.565508136084897,5.006442198646347,4.950212848288544,0.05622935035780289,92.37030225473126,92.37030225299999,-1.7312657973889145e-09
9083962,2026-09-17,0.010354464,232.2085,734778.9312209049,734871.247353441,0.345727681,64.79835192,22.521138289936708,4.996642328175293,4.940528318752597,0.056114009422695794,92.31613253811202,92.316132536,-2.1120172277733218e-09
9084322,2026-09-17,0.010354464,232.2085,734871.247353441,734963.566888768,0.345727681,64.79835192,22.52393204182782,4.997251366505443,4.94113579080097,0.05611557570447348,92.31953532833326,92.319535327,-1.333262389380252e-09
9084682,2026-09-17,0.010354464,232.2085,734963.566888768,735055.890834116,0.345727681,64.79835192,22.527549710043886,4.998043720369564,4.941924520252517,0.05611920011704689,92.32394535041345,92.32394534800001,-2.4134436671374715e-09
9085042,2026-09-17,0.010354464,232.2085,735055.890834116,735148.217029534,0.345727681,64.79835192,22.529399066642046,4.9984444340389675,4.94232600710292,0.056118426936047426,92.32619542068102,92.32619541800001,-2.681005639715295e-09
9085402,2026-09-17,0.010354464,232.2085,735148.217029534,735240.551206868,0.345727681,64.79835192,22.535939016158117,4.999886398950485,4.943757055703635,0.05612934324684974,92.33417733510859,92.334177334,-1.1085887763329083e-09
9085762,2026-09-17,0.010354464,232.2085,735240.551206868,735332.8892478531,0.345727681,64.79835192,22.539108317475094,5.0005807493663825,4.944448883831221,0.0561318655351622,92.33804098684148,92.338040985,-1.841470975705306e-09
9086122,2026-09-17,0.010354464,232.2085,735332.8892478531,735425.229582638,0.345727681,64.79835192,22.54099243812156,5.000990429172333,4.94485923686071,0.05613119231162267,92.3403347872939,92.34033478500001,-2.293887746418477e-09
9086482,2026-09-17,0.010354464,232.2085,735425.229582638,735517.576698742,0.345727681,64.79835192,22.54654842334066,5.00221576158321,4.946076088200547,0.056139673382662424,92.34711610492388,92.34711610400001,-9.238760867447127e-10
9086842,2026-09-17,0.010354464,232.2085,735517.576698742,735609.906275596,0.345727681,64.79835192,22.532200204626513,4.999024732309273,4.942926139381277,0.056098592927996134,92.3295768569358,92.329576854,-2.9358062647588667e-09
9087202,2026-09-17,0.010354464,232.2085,735609.906275596,735702.237477872,0.345727681,64.79835192,22.533536617860648,4.999313739687157,4.943217170115273,0.05609656957188458,92.3312022775478,92.331202276,-1.5478036630156566e-09
9087562,2026-09-17,0.010354464,232.2085,735702.237477872,735794.567901389,0.345727681,64.79835192,22.532905345598618,4.999166254237034,4.943076604864508,0.05608964937252483,92.33042351983566,92.330423517,-2.8356623715808382e-09
9087922,2026-09-17,0.010354464,232.2085,735794.567901389,735886.898361927,0.345727681,64.79835192,22.532941168033744,4.999167450760902,4.943083052090847,0.05608439867005584,92.33046053879465,92.330460538,-7.946567848193808e-10
9088282,2026-09-17,0.010354464,232.2085,735886.898361927,735979.229551581,0.345727681,64.79835192,22.533543800672902,4.9992939361306306,4.943213381564437,0.05608055456619348,92.33118965680353,92.331189654,-2.8035316290697665e-09
9088642,2026-09-17,0.010354464,232.2085,735979.229551581,736071.56559502,0.345727681,64.79835192,22.537521719029016,5.000169802136326,4.944084685266363,0.05608511686996257,92.33604344116534,92.336043439,-2.165350565519475e-09
9089002,2026-09-17,0.010354464,232.2085,736071.56559502,736163.913322664,0.345727681,64.79835192,22.54708885762429,5.002286868158321,4.946183268954938,0.05610359920338313,92.34772764578261,92.347727644,-1.7826096154749393e-09
9089362,2026-09-17,0.010354464,232.2085,736163.913322664,736256.251200145,0.345727681,64.79835192,22.539032199698184,5.000493362735222,4.944415139916605,0.056078222818616554,92.33787748243341,92.33787748099999,-1.4334204934129957e-09
9089722,2026-09-17,0.010354464,232.2085,736256.251200145,736348.589812204,0.345727681,64.79835192,22.539639030003865,5.00062111113895,4.944546715695208,0.05607439544374229,92.33861206114283,92.338612059,-2.1428263607958797e-09
9090082,2026-09-17,0.010354464,232.2085,736348.589812204,736440.9223498941,0.345727681,64.79835192,22.534672483461403,4.999513288303021,4.9434565731264515,0.056056715176569454,92.33253769176443,92.33253769,-1.764433932294196e-09
9090442,2026-09-17,0.010354464,232.2085,736440.9223498941,736533.262577723,0.345727681,64.79835192,22.540971267760668,5.0009046431744535,4.944837585466199,0.056067057708255263,92.34022783093512,92.340227829,-1.9351205082784873e-09
9090802,2026-09-17,0.010354464,232.2085,736533.262577723,736625.606419017,0.345727681,64.79835192,22.543933327659943,5.001556048897895,4.945486945616888,0.05606910328100758,92.34384129655784,92.343841294,-2.557840161898639e-09
9091162,2026-09-18,0.010335591,250.1917,736625.606419017,736717.92758139,0.345727681,64.79835192,22.525376862136884,4.997433593292694,4.941415956263381,0.05601763702931303,92.32116237542958,92.32116237299999,-2.429587198093941e-09
9091522,2026-09-18,0.010335591,250.1917,736717.92758139,736810.238237216,0.345727681,64.79835192,22.516947065423793,4.9953568416301,4.939566735235428,0.055790106394672245,92.31065582705389,92.310655826,-1.0538911965340958e-09
9091882,2026-09-18,0.010335591,250.1917,736810.238237216,736902.549188874,0.345727681,64.79835192,22.51719403952523,4.995405700895218,4.9396202776508815,0.055785423244336454,92.31095166042044,92.31095165800001,-2.420435407657351e-09
9092242,2026-09-18,0.010335591,250.1917,736902.549188874,736994.851818513,0.345727681,64.79835192,22.51038787599245,4.993889844543739,4.938126575498916,0.05576326904482364,92.3026296405362,92.302629639,-1.5361933947133366e-09
9092602,2026-09-18,0.010335591,250.1917,736994.851818513,737087.158194661,0.345727681,64.79835192,22.51345865901384,4.994565571025066,4.938799982177874,0.05576558884719319,92.3063761500389,92.306376148,-2.0389023802636075e-09
9092962,2026-09-18,0.010335591,250.1917,737087.158194661,737179.46279012,0.345727681,64.79835192,22.51200549872911,4.994238040671245,4.938481332914442,0.05575670775680333,92.30459545940036,92.304595459,-4.0036240989138605e-10
9093322,2026-09-18,0.010335591,250.1917,737179.46279012,737271.752879303,0.345727681,64.79835192,22.500137773986072,4.991599491749905,4.935877461508589,0.055722030241315564,92.29008918573598,92.290089183,-2.735973225753696e-09
9093682,2026-09-18,0.010335591,250.1917,737271.752879303,737364.036607306,0.345727681,64.79835192,22.494935720360054,4.990440363480824,4.93473649043777,0.0557038730430523,92.28372800384088,92.283728003,-8.40884695207933e-10
9094042,2026-09-18,0.010335591,250.1917,737364.036607306,737456.262874966,0.345727681,64.79835192,22.445186798077184,4.982728944089993,4.9238210664388475,0.05890787765114452,92.22626766216719,92.22626766,-2.167183765777736e-09
9094402,2026-09-18,0.010335591,250.1917,737456.262874966,737548.471504719,0.345727681,64.79835192,22.43075784471539,4.979519990664658,4.920655558534337,0.058864432130320596,92.20862975538004,92.20862975300001,-2.3800339477020316e-09
9094762,2026-09-18,0.010335591,250.1917,737548.47150472,737640.661807725,0.345727681,64.79835192,22.41848642349902,4.973464664129517,4.91796586710958,0.05549879701993672,92.19030300762854,92.190303005,-2.628539164106769e-09
9095122,2026-09-18,0.010335591,250.1917,737640.661807725,737732.842042635,0.345727681,64.79835192,22.410251087077825,4.971631905216549,4.916158752041321,0.05547315317522834,92.18023491229438,92.18023491000001,-2.294370915478794e-09
9095482,2026-09-18,0.010335591,250.1917,737732.842042635,737822.4318895249,0.345727681,64.79835192,20.290496513783673,4.500998456526993,4.450781300965245,0.05021715556174767,89.58984689031067,89.58984689,-3.10663494929031e-10
9095842,2026-09-18,0.010335591,250.1917,737822.4318895249,737909.6571593919,0.345727681,64.79835192,18.355524078437835,4.071393870446716,4.0259739883676895,0.04541988207902741,87.22526986888455,87.225269867,-1.8845582872017985e-09
9096202,2026-09-18,0.010335591,250.1917,737909.6571593919,737994.743812664,0.345727681,64.79835192,16.605521378476016,3.6827799756474073,3.641699207988529,0.041080767658878296,85.08665327412342,85.086653272,-2.123414333254914e-09
9096562,2026-09-18,0.010335591,250.1917,737994.743812664,738077.886220379,0.345727681,64.79835192,15.014510713136309,3.3295450831027757,3.29240799896476,0.03713708413801546,83.14240771623908,83.142407715,-1.2390728443278931e-09
9096922,2026-09-18,0.010335591,250.1917,738077.886220379,738159.262608388,0.345727681,64.79835192,13.569345401867308,3.0086906877628534,2.9751354146199485,0.03355527314290534,81.37638800963016,81.376388009,-6.301661414909177e-10
9097282,2026-09-18,0.010335591,250.1917,738159.262608388,738239.0640179589,0.345727681,64.79835192,12.280520077343756,2.7225375753068732,2.692176465339839,0.03036110996703421,79.80140957265063,79.801409571,-1.6506334077348583e-09
9097642,2026-09-18,0.010335591,250.1917,738239.0640179589,738317.434722529,0.345727681,64.79835192,11.109757151334493,2.4625954990603485,2.4351356882648774,0.027459810795471246,78.37070457039484,78.37070457,-3.9483438740717247e-10
9098002,2026-09-18,0.010335591,250.1917,738317.434722529,738394.4813744391,0.345727681,64.79835192,10.026261690139709,2.222038301346731,2.1972631194324164,0.024775181914314583,77.04665191148644,77.04665191,-1.4864411923554144e-09
9098362,2026-09-19,0.010116491,263.7409,738394.4813744391,738470.329112703,0.345727681,64.79835192,9.045169418891081,2.004216925943617,1.9818724057594101,0.022344520184206722,75.8477382648347,75.847738264,-8.347029734068201e-10
9098722,2026-09-19,0.010116491,263.7409,738470.329112703,738547.896071429,0.345727681,64.79835192,10.45204011983117,2.3165666869089487,2.2907421678847513,0.025824519024197412,77.56695872674011,77.566958726,-7.401155244224356e-10
9099082,2026-09-19,0.010116491,263.7409,738547.896071429,738627.0044256931,0.345727681,64.79835192,11.713394866284329,2.596607479134037,2.5676637364920976,0.028943742641939416,79.10835426541837,79.108354264,-1.4183711982695968e-09
9099442,2026-09-19,0.010116491,263.7409,738627.0044256931,738707.497788989,0.345727681,64.79835192,12.846776327473059,2.848235049548149,2.816489342722191,0.03174570682595821,80.4933632970212,80.493363296,-1.0212062306891312e-09
9099802,2026-09-19,0.010116491,263.7409,738707.497788989,738789.235363339,0.345727681,64.79835192,13.864941135016478,3.0742812968563613,3.0400192404299493,0.03426205642641224,81.73757435187284,81.73757435,-1.872834332061757e-09
9100162,2026-09-19,0.010116491,263.7409,738789.235363339,738872.087607617,0.345727681,64.79835192,14.777099934679839,3.2767924239370307,3.2402767538226813,0.03651567011434923,82.85224427861687,82.852244278,-6.168647814774886e-10
9100522,2026-09-19,0.010116491,263.7409,738872.087607617,738955.937483705,0.345727681,64.79835192,15.593484366024303,3.4580398020751417,3.4195078741342373,0.038531927940904764,83.84987608809944,83.849876088,-9.943335044226842e-11
9100882,2026-09-19,0.010116491,263.7409,738955.937483705,739040.6851403461,0.345727681,64.79835192,16.328159533591574,3.621145189693073,3.5807995136939805,0.04034567599909254,84.74765664328464,84.747656641,-2.2846364799988805e-09
9101242,2026-09-19,0.010116491,263.7409,739040.6851403461,739126.291895618,0.345727681,64.79835192,17.03118872306807,3.77721463021426,3.735133931938443,0.04208069827581708,85.60675527328233,85.606755272,-1.282330686080968e-09
9101602,2026-09-19,0.010116491,263.7409,739126.291895618,739212.603888093,0.345727681,64.79835192,17.60829913937918,3.9053414179882773,3.861837295603097,0.04350412238518054,86.31199247736747,86.311992475,-2.367471552133793e-09
9101962,2026-09-19,0.010116491,263.7409,739212.603888093,739299.576937729,0.345727681,64.79835192,18.149261071332408,4.02543664610551,3.9805988290437995,0.04483781706171154,86.97304963743791,86.973049636,-1.4379111235029995e-09
9102322,2026-09-19,0.010116491,263.7409,739299.576937729,739387.199323336,0.345727681,64.79835192,18.680639862888633,4.143393826558811,4.097246380124114,0.04614744643469768,87.62238560944743,87.622385607,-2.4474360316162347e-09
9102682,2026-09-19,0.010116491,263.7409,739387.199323336,739475.373868596,0.345727681,64.79835192,19.132490458023998,4.243702882979512,4.196442595336681,0.04726028764283082,88.1745452610035,88.17454526,-1.0034995057139895e-09
9103042,2026-09-19,0.010116491,263.7409,739475.373868596,739564.041095219,0.345727681,64.79835192,19.53569060325181,4.333184101275051,4.284931757942327,0.04825234333272413,88.66722662452686,88.66722662299999,-1.526871074020164e-09
9103402,2026-09-19,0.010116491,263.7409,739564.041095219,739653.174985883,0.345727681,64.79835192,19.917578245310633,4.417960500588402,4.368768676473798,0.04919182411460402,89.13389066589905,89.13389066399999,-1.8990533590113046e-09
9103762,2026-09-19,0.010116491,263.7409,739653.174985883,739742.711273885,0.345727681,64.79835192,20.246872562701682,4.491063521537655,4.441062361282971,0.05000116025468389,89.53628800423934,89.536288002,-2.2393322751668165e-09
9104122,2026-09-19,0.010116491,263.7409,739742.711273885,739832.597379333,0.345727681,64.79835192,20.53313777069439,4.554615759046505,4.503911740945756,0.05070401810074861,89.88610544974088,89.88610544800001,-1.740872335176391e-09
9104482,2026-09-19,0.010116491,263.7409,739832.597379333,739922.797216282,0.345727681,64.79835192,20.789873457355363,4.611611572366661,4.5602778132014254,0.051333759165235276,90.19983694972203,90.199836949,-7.220251063699834e-10
9104842,2026-09-19,0.010116491,263.7409,739922.797216282,740013.290607025,0.345727681,64.79835192,21.030099329472026,4.664939494788143,4.613016940218765,0.051922554569377714,90.49339074426017,90.493390743,-1.2601617527252529e-09
9105202,2026-09-19,0.010116491,263.7409,740013.290607025,740104.0487364361,0.345727681,64.79835192,21.24674429367201,4.713033200183331,4.660580216528148,0.052452983655182445,90.75812941385534,90.758129411,-2.855344405361393e-09
9105562,2026-09-20,0.009200499,261.722,740104.0487364361,740195.0653199861,0.345727681,64.79835192,21.458249605116087,4.759982026501648,4.7070114561217,0.05297057037994769,91.01658355161774,91.01658355,-1.617749489923881e-09
9105922,2026-09-20,0.009200499,261.722,740195.0653199861,740286.40329368,0.345727681,64.79835192,21.721267594920977,4.818354180963772,4.7647390127119955,0.05361516825177637,91.33797369588474,91.337973694,-1.884743028313096e-09
9106282,2026-09-20,0.009200499,261.722,740286.40329368,740377.953570226,0.345727681,64.79835192,21.895007281682844,4.856917346363873,4.802878103814531,0.054039242549341254,91.55027654804672,91.55027654599999,-2.0467325612116838e-09
9106642,2026-09-20,0.009200499,261.722,740377.953570226,740469.699151064,0.345727681,64.79835192,22.054835799500623,4.892393119763523,4.837964232362923,0.0544288874006006,91.74558083926415,91.74558083800001,-1.2641407920455094e-09
9107002,2026-09-20,0.009200499,261.722,740469.699151064,740561.675034391,0.345727681,64.79835192,22.243310373507356,4.934221034663318,4.8793319150865075,0.05488911957681051,91.97588332817068,91.975883327,-1.1706760005836259e-09
9107362,2026-09-20,0.009200499,261.722,740561.675034391,740653.8034010261,0.345727681,64.79835192,22.368096393751916,4.961918322313183,4.906726236081867,0.055192086231315794,92.1283666360651,92.12836663499999,-1.0651035609043902e-09
9107722,2026-09-20,0.009200499,261.722,740653.8034010261,740746.080566327,0.345727681,64.79835192,22.4898683460374,4.988945036590187,4.933457500234814,0.05548753635537271,92.27716530262758,92.277165301,-1.6275834013868007e-09
9108082,2026-09-20,0.009200499,261.722,740746.080566327,740838.4489828841,0.345727681,64.79835192,22.56454275864338,5.005521880824207,4.949855164911483,0.055666715912724624,92.36841655946759,92.368416557,-2.467587023602391e-09
9108442,2026-09-20,0.009200499,261.722,740838.4489828841,740930.905571486,0.345727681,64.79835192,22.636698411963394,5.021538271830964,4.9656986430960215,0.055839628734941915,92.45658860379436,92.456588602,-1.7943619923244114e-09
9108802,2026-09-20,0.009200499,261.722,740930.905571486,741023.467868868,0.345727681,64.79835192,22.723208376017862,5.040737087500477,4.984689193880206,0.056047893620271474,92.56229738351834,92.562297382,-1.5183445611910429e-09
9109162,2026-09-20,0.009200499,261.722,741023.467868868,741116.1148097441,0.345727681,64.79835192,22.79247875459171,5.056110202385307,4.999896617948502,0.05621358443680538,92.64694087697703,92.646940876,-9.770246833795682e-10
9109522,2026-09-20,0.009200499,261.722,741116.1148097441,741208.815827956,0.345727681,64.79835192,22.836733715347215,5.065932579182716,5.009615042902675,0.05631753628004054,92.70101821452994,92.70101821200001,-2.5299300432379823e-09
9109882,2026-09-20,0.009200499,261.722,741208.815827956,741301.584741958,0.345727681,64.79835192,22.892298362529054,5.07826372124379,5.021814365960251,0.05644935528353831,92.76891400377284,92.76891400199999,-1.7728467582855956e-09
9110242,2026-09-20,0.009200499,261.722,741301.584741958,741394.394338288,0.345727681,64.79835192,22.925591987523042,5.08565242513147,5.029126210610058,0.056526214521411565,92.80959633265451,92.80959632999999,-2.6545166065261583e-09
9110602,2026-09-20,0.009200499,261.722,741394.394338288,741487.2550754651,0.345727681,64.79835192,22.967445450452374,5.094939807375427,5.03831564680885,0.056624160566577236,92.8607371778278,92.860737177,-8.277964980152319e-10
9110962,2026-09-20,0.009200499,261.722,741487.2550754651,741580.176422872,0.345727681,64.79835192,23.017050183475245,5.105945305917267,5.049204125087531,0.05674118082973539,92.92134740939252,92.921347407,-2.392525288996694e-09
9111322,2026-09-20,0.009200499,261.722,741580.176422872,741673.168966949,0.345727681,64.79835192,23.075319622320915,5.118872537246693,5.061993004874251,0.05687953237244127,92.99254407956761,92.992544077,-2.567603019087983e-09
9111682,2026-09-20,0.009200499,261.722,741673.168966949,741766.1892304859,0.345727681,64.79835192,23.098006083986622,5.12390553368459,5.066975386822871,0.05693014686171811,93.02026353767121,93.020263537,-6.71207089908421e-10
9112042,2026-09-20,0.009200499,261.722,741766.1892304859,741859.2466367669,0.345727681,64.79835192,23.128405163914746,5.130649199700107,5.073649443054335,0.056999756645773045,93.05740628361485,93.057406281,-2.6148541110160295e-09
9112402,2026-09-21,0.009029976,319.2921,741859.2466367669,741952.335129469,0.345727681,64.79835192,23.153847943817844,5.136292840150059,5.07923570681971,0.057057133330348724,93.08849270396792,93.088492702,-1.9679191609611735e-09
9112762,2026-09-21,0.009029976,319.2921,741952.335129469,742045.447075971,0.345727681,64.79835192,23.17304413462916,5.140550448514709,5.083451344935563,0.05709910357914623,93.11194650314386,93.111946502,-1.1438601177360397e-09
9113122,2026-09-21,0.009029976,319.2921,742045.447075971,742138.602290739,0.345727681,64.79835192,23.208457706638644,5.148405142583824,5.091224125531302,0.05718101705252186,93.15521476922247,93.15521476800001,-1.222460355165822e-09
9113482,2026-09-21,0.009029976,319.2921,742138.602290739,742231.785556303,0.345727681,64.79835192,23.23141735462034,5.153496292144924,5.096264067910781,0.05723222423414288,93.18326556676527,93.183265564,-2.7652760081764427e-09
9113842,2026-09-21,0.009029976,319.2921,742231.785556303,742325.016367881,0.345727681,64.79835192,23.27033293020583,5.162126728568974,5.1048040049914265,0.057322723577546864,93.2308115787748,93.230811578,-7.748042207822436e-10
9114202,2026-09-21,0.009029976,319.2921,742325.016367881,742418.289121378,0.345727681,64.79835192,23.304662013354317,5.169739566114891,5.112337659414962,0.05740190669992883,93.2727534994692,93.272753497,-2.469207061039924e-09
9114562,2026-09-21,0.009029976,319.2921,742418.289121378,742511.591056288,0.345727681,64.79835192,23.328547711956926,5.175035280428963,5.117579931434465,0.05745534899449785,93.30193491238589,93.30193491,-2.385888819844695e-09
9114922,2026-09-21,0.009029976,319.2921,742511.591056288,742604.8994819861,0.345727681,64.79835192,23.333862271920612,5.176211508387207,5.118748459252207,0.05746304913500002,93.30842570030782,93.30842569800001,-2.307814384039375e-09
9115282,2026-09-21,0.009029976,319.2921,742604.8994819861,742698.2320865799,0.345727681,64.79835192,23.353653973269093,5.1805987015376544,5.123092310824516,0.05750639071313903,93.33260459480674,93.33260459399999,-8.067502221820178e-10
9115642,2026-09-21,0.009029976,319.2921,742698.2320865799,742791.573384644,0.345727681,64.79835192,23.360771922062476,5.182174225380005,5.124655708904581,0.05751851647542341,93.3412980674425,93.341298064,-3.442494289629394e-09
9116002,2026-09-21,0.009029976,319.2921,742791.573384644,742884.941480934,0.345727681,64.79835192,23.382707666139726,5.187036704765034,5.129469585229221,0.05756711953581209,93.36809629090476,93.36809629000001,-9.047482762980508e-10
9116362,2026-09-21,0.009029976,319.2921,742884.941480934,742978.3171997609,0.345727681,64.79835192,23.38894975587032,5.188417152633286,5.130840080216296,0.05757707241698912,93.37571882850361,93.375718827,-1.5036079048513784e-09
9116722,2026-09-21,0.009029976,319.2921,742978.3171997609,743071.710271431,0.345727681,64.79835192,23.403155431908807,5.191564320121254,5.133957692744097,0.05760662737715651,93.39307167203006,93.39307167,-2.030063228630752e-09
9117082,2026-09-21,0.009029976,319.2921,743071.710271431,743165.146884558,0.345727681,64.79835192,23.438794775690912,5.199466432841625,5.141777499187796,0.0576889336538283,93.43661312853253,93.436613127,-1.5325269941968145e-09
9117442,2026-09-21,0.009029976,319.2921,743165.146884558,743258.611973311,0.345727681,64.79835192,23.46210360011516,5.204633235153912,5.146892356891759,0.05774087826215244,93.46508875526906,93.465088753,-2.269061383231019e-09
9117802,2026-09-21,0.009029976,319.2921,743258.611973311,743352.083428573,0.345727681,64.79835192,23.467317513585094,5.205785830723164,5.148037547743405,0.05774828297975945,93.47145526430825,93.471455262,-2.308240709680831e-09
9118162,2026-09-21,0.009029976,319.2921,743352.083428573,743445.572439984,0.345727681,64.79835192,23.481681485571556,5.208978007132251,5.151199697575513,0.05777830955673928,93.4890114127038,93.48901141099999,-1.7038104260791442e-09
9118522,2026-09-21,0.009029976,319.2921,743445.572439984,743539.189224903,0.345727681,64.79835192,23.586278132478682,5.232154869324848,5.17412488813338,0.058029981191468454,93.61678492180353,93.61678491900001,-2.8035174182150513e-09
9118882,2026-09-21,0.009029976,319.2921,743539.189224903,743633.394432054,0.345727681,64.79835192,24.067883806663296,5.338971426354046,5.279762258225402,0.05920916812864424,94.20520715301734,94.20520715100001,-2.017330302805931e-09
9119242,2026-09-21,0.009029976,319.2921,743633.394432054,743728.1117978479,0.345727681,64.79835192,24.487060408861108,5.431953468242062,5.371718751741707,0.060234716500354904,94.71736579710317,94.717365794,-3.1031675007398007e-09
9119602,2026-09-22,0.006740705,314.9028,743728.1117978479,743822.86768784,0.345727681,64.79835192,24.519575277254432,5.437962796325798,5.377667077108556,0.060295719217242666,94.75588999358023,94.755889992,-1.5802328334757476e-09
9119962,2026-09-22,0.006740705,314.9028,743822.86768784,743917.765629209,0.345727681,64.79835192,24.635689374096607,5.463900076830681,5.4033224276120775,0.06057764921860348,94.8979413709273,94.89794136900001,-1.927290327330411e-09
9120322,2026-09-22,0.006740705,314.9028,743917.765629209,744012.864676039,0.345727681,64.79835192,24.800194831072073,5.50050008043544,5.439522350436492,0.06097772999894837,95.09904683150752,95.09904683,-1.507515889898059e-09
9120682,2026-09-22,0.006740705,314.9028,744012.864676039,744108.122931251,0.345727681,64.79835192,24.930417797345484,5.529485497036343,5.468192170121588,0.06129332691475466,95.25825521438183,95.258255212,-2.3818387262508622e-09
9121042,2026-09-22,0.006740705,314.9028,744108.122931251,744203.495170315,0.345727681,64.79835192,25.02363497701667,5.550252169005527,5.488734401113674,0.06151776789185379,95.3722390660222,95.37223906400001,-2.02219041511853e-09
9121402,2026-09-22,0.006740705,314.9028,744203.495170315,744299.0505253951,0.345727681,64.79835192,25.17315007945116,5.583853083456486,5.521968679474741,0.061884403981745044,95.55535508290765,95.55535508,-2.9076545615680516e-09
9121762,2026-09-22,0.006740705,314.9028,744299.0505253951,744394.897994058,0.345727681,64.79835192,25.411909444544566,5.637207299989281,5.57473743081487,0.06246986917441119,95.84746866453385,95.847468663,-1.5338486036853283e-09
9122122,2026-09-22,0.006740705,314.9028,744394.897994058,744490.923799064,0.345727681,64.79835192,25.55759406604969,5.669859022440464,5.607033199354365,0.06282582308609833,96.02580500849015,96.025805006,-2.490153860890132e-09
9122482,2026-09-22,0.006740705,314.9028,744490.923799064,744587.096800611,0.345727681,64.79835192,25.67780770798688,5.696841920588623,5.633723021254113,0.06311889933450987,96.17300154857551,96.173001547,-1.5755148297103005e-09
9122842,2026-09-22,0.006740705,314.9028,744587.0968006119,744683.44382316,0.345727681,64.79835192,25.820125513440203,5.728545117458381,5.665231248302617,0.06331386915576417,96.34702255089859,96.347022548,-2.8985880362597527e-09
9123202,2026-09-22,0.006740705,314.9028,744683.44382316,744779.8717375499,0.345727681,64.79835192,25.886125022709365,5.743437449693745,5.679964934297002,0.06347251539674209,96.42791439240311,96.42791439,-2.4031123757595196e-09
9123562,2026-09-22,0.006740705,314.9028,744779.8717375499,744876.439364328,0.345727681,64.79835192,26.000305849195154,5.768969009830848,5.70522031257812,0.06374869725272954,96.56762677902601,96.56762677799999,-1.0260237104375847e-09
9123922,2026-09-22,0.006740705,314.9028,744876.439364328,744973.111647769,0.345727681,64.79835192,26.08579266903892,5.78813885364283,5.724184320390369,0.06395453325246174,96.67228344268176,96.672283441,-1.6817551795611507e-09
9124282,2026-09-22,0.006740705,314.9028,744973.111647769,745069.7852449031,0.345727681,64.79835192,26.086731266228917,5.788513950155529,5.7245612691121615,0.0639526810433674,96.67359713638444,96.67359713399999,-2.3844535235184594e-09
9124642,2026-09-22,0.006740705,314.9028,745069.7852449031,745166.5430973719,0.345727681,64.79835192,26.155556038007912,5.803944513112267,5.7398273634866745,0.06411714962559181,96.75785247112019,96.757852469,-2.120188469234563e-09
9125002,2026-09-22,0.006740705,314.9028,745166.5430973719,745263.373319118,0.345727681,64.79835192,26.214664951131624,5.817204876792499,5.752947262833223,0.06425761395927578,96.83022174792413,96.830221746,-1.924121306728921e-09
9125362,2026-09-22,0.006740705,314.9028,745263.373319118,745360.259870455,0.345727681,64.79835192,26.260659146209555,5.827540272142021,5.763174527664716,0.06436574447730588,96.88655133835158,96.886551337,-1.3515801811081474e-09
9125722,2026-09-22,0.006740705,314.9028,745360.259870455,745457.185732295,0.345727681,64.79835192,26.292736431114474,5.834773492022777,5.770333898589202,0.0644395934335757,96.92586184313726,96.92586184,-3.1372593412015704e-09
9126082,2026-09-22,0.006740705,314.9028,745457.185732295,745554.1553660551,0.345727681,64.79835192,26.32847461801813,5.842807223246357,5.77828495504311,0.06452226820324686,96.96963376126449,96.96963376000001,-1.2644818525586743e-09
9126442,2026-09-22,0.006740705,314.9028,745554.1553660551,745651.149246758,0.345727681,64.79835192,26.348242836609252,5.847285949484734,5.782720276818199,0.06456567266653444,96.99388070609399,96.993880703,-3.0939872885937802e-09
9126802,2026-09-23,0.006238417,287.2145,745651.149246758,745748.2353137069,0.345727681,64.79835192,26.423619493341693,5.864095536817284,5.799350323516887,0.06474521330039695,97.08606695015898,97.086066949,-1.1589804671530146e-09
9127162,2026-09-23,0.006238417,287.2145,745748.2353137069,745845.376292099,0.345727681,64.79835192,26.46849806853776,5.874128406549656,5.809278501927016,0.06484990462264008,97.14097839508742,97.140978392,-3.087421873715357e-09
9127522,2026-09-23,0.006238417,287.2145,745845.376292099,745942.5491471001,0.345727681,64.79835192,26.494532085325734,5.879970997902306,5.815062678235132,0.06490831966717353,97.17285500322804,97.172855001,-2.228034645668231e-09
9127882,2026-09-23,0.006238417,287.2145,745942.5491471001,746039.748325465,0.345727681,64.79835192,26.516027039386667,5.8847994071976775,5.819843878115516,0.06495552908216198,97.19917836658435,97.199178365,-1.5843539813431562e-09
9128242,2026-09-23,0.006238417,287.2145,746039.748325465,746136.9718282621,0.345727681,64.79835192,26.535891690819287,5.889259189023617,5.8242605280511395,0.06499866097247714,97.2235027998429,97.223502797,-2.8429099074855912e-09
9128602,2026-09-23,0.006238417,287.2145,746136.9718282621,746234.1776627579,0.345727681,64.79835192,26.521394851529912,5.886087726459892,5.821130158584349,0.06495756787554234,97.2058344979898,97.20583449600001,-1.9897896663678694e-09
9128962,2026-09-23,0.006238417,287.2145,746234.1776627579,746331.410318811,0.345727681,64.79835192,26.543311998143096,5.89099213730051,5.825986539121644,0.06500559817886606,97.23265605544361,97.232656053,-2.4436133116978453e-09
9129322,2026-09-23,0.006238417,287.2145,746331.410318811,746428.636328051,0.345727681,64.79835192,26.537843532181753,5.889813790237259,5.824827286357923,0.06498650387933566,97.22600924241901,97.22600924000001,-2.4190001113311155e-09
9129682,2026-09-23,0.006238417,287.2145,736428.636328051,736525.497180235,0.345727681,64.79835192,26.174401854048565,5.888098410952045,5.745079769500002,0.14301864145204402,96.86085218500061,96.860852184,-1.0006147022068035e-09
9130042,2026-09-23,0.006238417,287.2145,736525.497180235,736622.310046217,0.345727681,64.79835192,26.13521154614564,5.879302518610844,5.7365109051292045,0.1427916134816387,96.81286598475648,96.812865982,-2.7564794891077327e-09
9130402,2026-09-23,0.006238417,287.2145,736622.310046217,736719.2055036471,0.345727681,64.79835192,26.202657969464855,5.894447540838276,5.751301508081029,0.14314603275724674,96.89545743030313,96.89545743000001,-3.0311753107525874e-10
9130762,2026-09-23,0.006238417,287.2145,736719.2055036471,736816.021943796,0.345727681,64.79835192,26.13813559998133,5.879952632106067,5.737171984013872,0.14278064809219576,96.8164401520874,96.816440149,-3.0873934520059265e-09
9131122,2026-09-23,0.006238417,287.2145,736816.021943796,736912.866606205,0.345727681,64.79835192,26.16116240441454,5.885148086017528,5.7422546621348625,0.14289342388266518,96.84466241043206,96.844662409,-1.4320704622150515e-09
9131482,2026-09-23,0.006238417,287.2145,736912.866606205,737009.698669344,0.345727681,64.79835192,26.150866869753084,5.882844351955788,5.740020239730228,0.14282411222555907,96.83206314170887,96.832063139,-2.708873125811806e-09
9131842,2026-09-23,0.006238417,287.2145,737009.698669344,737106.500645787,0.345727681,64.79835192,26.12629803626901,5.877326487873165,5.7346496989841045,0.14267678888906088,96.80197644414217,96.801976443,-1.1421690260249306e-09
9132202,2026-09-23,0.006238417,287.2145,737106.500645787,737203.27939378,0.345727681,64.79835192,26.10732983613096,5.8730662395172235,5.730506218096692,0.14256002142053123,96.77874799564819,96.778747993,-2.6481927761778934e-09
9132562,2026-09-23,0.006238417,287.2145,737203.27939378,737300.0344526151,0.345727681,64.79835192,26.087987772576962,5.86871914407436,5.7262779748739305,0.1424411692004294,96.75505883665133,96.755058835,-1.6513297396159032e-09
9132922,2026-09-23,0.006238417,287.2145,737300.0344526151,737396.673507741,0.345727681,64.79835192,25.993285198926603,5.847418009413277,5.70550712617112,0.14191088324215678,96.63905512833988,96.639055126,-2.3398740722768707e-09
9133282,2026-09-23,0.006238417,287.2145,737396.673507741,737493.253494198,0.345727681,64.79835192,25.945063305866892,5.83657123433886,5.694936840429821,0.14163439390903845,96.57998646020576,96.579986457,-3.205755660928844e-09
9133642,2026-09-23,0.006238417,287.2145,737493.253494198,737589.816849474,0.345727681,64.79835192,25.931486290805054,5.833517067112823,5.691970025033683,0.14154704207914037,96.56335527791788,96.563355276,-1.9178827415089472e-09
9134002,2026-09-24,0.006650545,296.6109,737589.816849474,737686.345581591,0.345727681,64.79835192,25.903222324981535,5.827157874002121,5.685778353494873,0.14137952050724786,96.52873211898367,96.528732117,-1.9836647879856173e-09
9134362,2026-09-24,0.006650545,296.6109,737686.345581591,737782.828684581,0.345727681,64.79835192,25.865974503030397,5.818776568729305,5.677613593071716,0.1411629756575887,96.48310299175971,96.48310298999999,-1.759715928528749e-09
9134722,2026-09-24,0.006650545,296.6109,737782.828684581,737879.277981518,0.345727681,64.79835192,25.838379409005487,5.812565609801598,5.671566489010052,0.14099912079154528,96.44929693880708,96.449296937,-1.8070807072945172e-09
9135082,2026-09-24,0.006650545,296.6109,737879.277981518,737975.709451841,0.345727681,64.79835192,25.823830098130838,5.80928830744733,5.668381852346613,0.140906455100718,96.43147032557818,96.431470323,-2.578175894996093e-09
9135442,2026-09-24,0.006650545,296.6109,737975.709451841,738072.116849197,0.345727681,64.79835192,25.80418245879506,5.804862978967453,5.664077014373079,0.14078596459437334,96.4073973577625,96.40739735599999,-1.7625154669076437e-09
9135802,2026-09-24,0.006650545,296.6109,738072.116849197,738168.515995647,0.345727681,64.79835192,25.797452146810173,5.803342384592197,5.6626064444637,0.1407359401284975,96.39914645140237,96.39914644999999,-1.4023839867149945e-09
9136162,2026-09-24,0.006650545,296.6109,738168.515995647,738264.885964504,0.345727681,64.79835192,25.773638217839355,5.797978722385532,5.657385985565559,0.14059273681997395,96.3699688602249,96.369968857,-3.224897682230221e-09
9136522,2026-09-24,0.006650545,296.6109,738264.885964504,738361.2747308649,0.345727681,64.79835192,25.78898983955481,5.801424603340592,5.660761442684961,0.1406631606556307,96.38876636289541,96.38876636100001,-1.8954011693494976e-09
9136882,2026-09-24,0.006650545,296.6109,738361.2747308649,738457.65436118,0.345727681,64.79835192,25.78153783317582,5.799740564376042,5.659131363251563,0.14060920112447794,96.37963031755186,96.379630315,-2.551857392063539e-09
9137242,2026-09-24,0.006650545,296.6109,738457.65436118,738554.0633464401,0.345727681,64.79835192,25.805509080128694,5.805124260839389,5.664397673862564,0.1407265869768255,96.40898526096808,96.40898526000001,-9.68071844908991e-10
9137602,2026-09-24,0.006650545,296.6109,738554.0633464401,738650.477205509,0.345727681,64.79835192,25.809495022772452,5.806012128741139,5.6652771551137615,0.14073497362737655,96.4138590715136,96.41385906900001,-2.5135875603155e-09
9137962,2026-09-24,0.006650545,296.6109,738650.477205509,738746.932123447,0.345727681,64.79835192,25.843021795331605,5.813544225181488,5.672639828264326,0.14090439691716236,96.4549179405131,96.45491793800001,-2.513090180400468e-09
9138322,2026-09-24,0.006650545,296.6109,738746.932123447,738843.3723275741,0.345727681,64.79835192,25.83101822982357,5.810833977679005,5.670008413246817,0.14082556443218702,96.44020412750258,96.440204127,-5.025810878578341e-10
9138682,2026-09-24,0.006650545,296.6109,738843.3723275741,738939.8197717939,0.345727681,64.79835192,25.83693687446779,5.812155427547817,5.671310980853458,0.14084444669435867,96.4474442220156,96.44744422000001,-2.015596578530676e-09
9139042,2026-09-24,0.006650545,296.6109,738939.8197717939,739033.3278918259,0.345727681,64.79835192,23.437410857114507,5.2723572563965835,5.144605518014373,0.12775173838221088,93.50812003351109,93.508120032,-1.5110970252862899e-09
9139402,2026-09-24,0.006650545,296.6109,739033.3278918259,739124.138946187,0.345727681,64.79835192,21.23565138461861,4.777051058446045,4.661311541435528,0.1157395170105175,90.81105436306466,90.811054361,-2.0646524490075535e-09
9139762,2026-09-24,0.006650545,296.6109,739124.138946187,739212.4834192779,0.345727681,64.79835192,19.222048309886542,4.32407286266555,4.219317836519645,0.10475502614590548,88.3444730925521,88.34447309100001,-1.5520811302849324e-09
9140122,2026-09-24,0.006650545,296.6109,739212.4834192779,739298.542015634,0.345727681,64.79835192,17.352743530511,3.907500906279911,3.808998120917417,0.09850278536249403,86.0585963567909,86.05859635600001,-7.908909083198523e-10
9140482,2026-09-24,0.006650545,296.6109,739298.542015634,739382.563207403,0.345727681,64.79835192,15.689807196882017,3.5330326535575294,3.443977776831542,0.08905487672598764,84.02119177043954,84.021191769,-1.4395453717952478e-09
9140842,2026-09-24,0.006650545,296.6109,739382.563207403,739464.7368548231,0.345727681,64.79835192,14.181834440213548,3.193461061513092,3.1129728029329744,0.08048825858011761,82.17364742172664,82.17364742000001,-1.7266330587517587e-09
9141202,2026-09-25,0.006705074,318.0857,739464.7368548231,739545.235069089,0.345727681,64.79835192,12.81433969448147,2.8855226535586453,2.8128022226079437,0.07272043095070188,80.49821426804013,80.49821426599999,-2.04013872462383e-09
9141562,2026-09-25,0.006705074,318.0857,739545.235069089,739624.214851226,0.345727681,64.79835192,11.574989065172508,2.606441152337185,2.540759947635574,0.06568120470161105,78.97978213750969,78.979782137,-5.096865152154351e-10
9141922,2026-09-25,0.006705074,318.0857,739624.214851226,739701.8175188401,0.345727681,64.79835192,10.450981809695365,2.3533338862305584,2.294036148019769,0.05929773821078916,77.60266761592592,77.60266761400001,-1.9259118744230364e-09
9142282,2026-09-25,0.006705074,318.0857,739701.8175188401,739778.175225385,0.345727681,64.79835192,9.434838230817038,2.124516395043377,2.0709889874867984,0.05352740755657828,76.35770654586041,76.357706545,-8.604104095866205e-10
9142642,2026-09-25,0.006705074,318.0857,739778.175225385,739856.603169452,0.345727681,64.79835192,11.124585682953908,2.5050064652670136,2.4418981404179796,0.06310832484903363,78.42794406822092,78.427944067,-1.2209255828565801e-09
9143002,2026-09-25,0.006705074,318.0857,739856.603169452,739936.880320153,0.345727681,64.79835192,12.633927279351926,2.8448715037467767,2.773207359290195,0.07166414445658145,80.2771507030987,80.277150701,-2.0987016569051775e-09
9143362,2026-09-25,0.006705074,318.0857,739936.880320153,740018.80812626,0.345727681,64.79835192,13.98121096269655,3.1482432252641104,3.068944023356527,0.07929920190758384,81.92780610796066,81.927806107,-9.606679896023707e-10
9143722,2026-09-25,0.006705074,318.0857,740018.80812626,740102.214901309,0.345727681,64.79835192,15.188364887473634,3.42005824209993,3.333920170474795,0.08613807162513455,83.40677504957357,83.406775049,-5.735643071602681e-10
9144082,2026-09-25,0.006705074,318.0857,740102.214901309,740186.972467076,0.345727681,64.79835192,16.290899586603008,3.6683142622292215,3.5759318857509492,0.0923823764782721,84.75756576883222,84.757565767,-1.8322197092857095e-09
9144442,2026-09-25,0.006705074,318.0857,740186.972467076,740272.9599945099,0.345727681,64.79835192,17.29481339299034,3.8943621229020273,3.7962958334539008,0.09806628944812616,85.98752743589236,85.987527434,-1.8923600464404444e-09
9144802,2026-09-25,0.006705074,318.0857,740272.959994511,740360.021770988,0.345727681,64.79835192,18.17500104775528,4.088423511051861,3.9895016546105424,0.0989218564413185,87.06177647880713,87.061776477,-1.807137550713378e-09
9145162,2026-09-25,0.006705074,318.0857,740360.021770988,740447.959936705,0.345727681,64.79835192,18.890459248985742,4.249354549204937,4.146548210427948,0.10280633877698864,87.93816571819067,87.938165717,-1.190670673167915e-09
9145522,2026-09-25,0.006705074,318.0857,740447.959936705,740536.68382171,0.345727681,64.79835192,19.53189854773753,4.393634540205883,4.287347256006127,0.10628728419975612,88.72388500794341,88.723885005,-2.9434090720315e-09
9145882,2026-09-25,0.006705074,318.0857,740536.68382171,740626.10943999,0.345727681,64.79835192,20.104775363868434,4.522490997910122,4.413096502444141,0.10939449546598161,89.42561828177855,89.42561828,-1.7785595218811068e-09
9146242,2026-09-25,0.006705074,318.0857,740626.10943999,740716.21351361,0.345727681,64.79835192,20.658649431141935,4.647072270355831,4.534674552315548,0.1123977180402832,90.10407362149778,90.10407362,-1.4977814544181456e-09
9146602,2026-09-25,0.006705074,318.0857,740716.21351361,740806.898986704,0.345727681,64.79835192,21.133291141100585,4.753830033525596,4.6388607142904075,0.11496931923518919,90.68547309462619,90.685473094,-6.261871021706611e-10
9146962,2026-09-25,0.006705074,318.0857,740806.898986704,740898.125803345,0.345727681,64.79835192,21.57523306396447,4.853231658407413,4.735869113696713,0.11736254471070112,91.22681664237189,91.226816641,-1.371887492496171e-09
9147322,2026-09-25,0.006705074,318.0857,740898.125803345,740989.8198664259,0.345727681,64.79835192,21.956685169272752,4.939025994198182,4.819599704143151,0.11942629005503023,91.69406308347092,91.694063081,-2.4709265744604636e-09
9147682,2026-09-25,0.006705074,318.0857,740989.8198664259,741081.953857615,0.345727681,64.79835192,22.315835894176505,5.019803376760788,4.898435033036386,0.12136834372440179,92.1339911909373,92.133991189,-1.937294769049913e-09
9148042,2026-09-25,0.006705074,318.0857,741081.953857615,741174.491841838,0.345727681,64.79835192,22.64565080962914,5.093981495146321,4.970831009154068,0.12315048599225238,92.53798422477547,92.537984223,-1.775475766407908e-09
9148402,2026-09-26,0.006886749,321.2,741174.491841838,741267.385052674,0.345727681,64.79835192,22.93565481758457,5.159204100604702,5.034488297763426,0.12471580284127586,92.89321083818928,92.893210836,-2.189281644859875e-09
9148762,2026-09-26,0.006886749,321.2,741267.385052674,741360.671615424,0.345727681,64.79835192,23.25678324404607,5.231427587832749,5.104977546936611,0.12645004089613718,93.28656275187882,93.28656275,-1.878817101896857e-09
9149122,2026-09-26,0.006886749,321.2,741360.671615424,741454.222188148,0.345727681,64.79835192,23.472321644371007,5.279899160776642,5.15228927327909,0.12760988749755195,93.55057272514765,93.550572724,-1.1476402050902834e-09
9149482,2026-09-26,0.006886749,321.2,741454.222188148,741548.040376948,0.345727681,64.79835192,23.690804130864837,5.329032751870933,5.200247240711078,0.12878551115985604,93.81818880273578,93.8181888,-2.7357742737876833e-09
9149842,2026-09-26,0.006886749,321.2,741548.040376948,741642.08669152,0.345727681,64.79835192,23.877048252986423,5.370914400811477,5.241128730821896,0.12978566998958113,94.0463145737979,94.046314572,-1.7979004951484967e-09
9150202,2026-09-26,0.006886749,321.2,741642.08669152,741736.3739266819,0.345727681,64.79835192,24.073737797181504,5.415145445763413,5.2843030416330246,0.1308424041303879,94.28723516294492,94.287235162,-9.449223625779268e-10
9150562,2026-09-26,0.006886749,321.2,741736.3739266819,741830.91207149,0.345727681,64.79835192,24.278582247711135,5.461210642829006,5.329267393825353,0.13194324900365226,94.53814481054013,94.538144808,-2.5401334369234974e-09
9150922,2026-09-26,0.006886749,321.2,741830.91207149,741925.6364627429,0.345727681,64.79835192,24.430637953021996,5.495401382084072,5.362644360595571,0.132757021488502,94.72439125510607,94.724391253,-2.1060770905023674e-09
9151282,2026-09-26,0.006886749,321.2,741925.6364627429,742020.58335873,0.345727681,64.79835192,24.612293881882522,5.536250187277844,5.402518719804469,0.1337314674733742,94.94689598916037,94.946895987,-2.160362555514439e-09
9151642,2026-09-26,0.006886749,321.2,742020.58335873,742115.641352061,0.345727681,64.79835192,24.70300054489995,5.5566408682498745,5.422429274510909,0.13421159373896482,95.05799333314982,95.057993331,-2.149818101315759e-09
9152002,2026-09-26,0.006886749,321.2,742115.641352061,742210.810308438,0.345727681,64.79835192,24.793597647947347,5.57700681074527,5.442315780269726,0.13469103047554418,95.16895637869263,95.168956377,-1.6926264834182803e-09
9152362,2026-09-26,0.006886749,321.2,742210.810308438,742306.074169683,0.345727681,64.79835192,24.87108543571656,5.594423891309551,5.459324727817671,0.13509916349188075,95.26386124702611,95.263861245,-2.0261126110199257e-09
9152722,2026-09-26,0.006886749,321.2,742306.074169683,742401.468880638,0.345727681,64.79835192,24.97791754298607,5.6184414944753,5.48277489564085,0.13566659883444948,95.39471095746137,95.394710955,-2.461376880091848e-09
9153082,2026-09-26,0.006886749,321.2,742401.468880638,742496.936914606,0.345727681,64.79835192,25.03300928706827,5.6366727628850555,5.4948672735946005,0.1418054892904545,95.46803396995332,95.468033968,-1.953324613168661e-09
9153442,2026-09-26,0.006886749,321.2,742496.936914606,742592.489706443,0.345727681,64.79835192,25.10220082295072,5.6522390962893985,5.510055152200964,0.14218394408843377,95.55279183924011,95.552791837,-2.2401138721761527e-09
9153802,2026-09-26,0.006886749,321.2,742592.489706443,742688.082002287,0.345727681,64.79835192,25.13445557092297,5.659488354770279,5.517135227794995,0.14235312697528368,95.59229584569324,95.592295844,-1.693237550171034e-09
9154162,2026-09-26,0.006886749,321.2,742688.082002287,742783.749320832,0.345727681,64.79835192,25.195701223819288,5.673265402742592,5.5305789467870845,0.14268645595550758,95.66731854656187,95.667318545,-1.5618724091837066e-09
9154522,2026-09-26,0.006886749,321.2,742783.749320832,742879.586001296,0.345727681,64.79835192,25.333948014589033,5.704380531948864,5.560924786742227,0.14345574520663773,95.8366804665379,95.836680464,-2.5379023327332106e-09
9154882,2026-09-26,0.006886749,321.2,742879.586001296,742975.50227265,0.345727681,64.79835192,25.39892243644669,5.718996999471893,5.575186988498297,0.14381001097359633,95.91627135591858,95.916271354,-1.918579073389992e-09
9155242,2026-09-26,0.006886749,321.2,742975.50227265,743071.4994511909,0.345727681,64.79835192,25.4649712982569,5.733855325054654,5.589685035006004,0.1441702900486495,95.99717854331155,95.997178541,-2.311551838829473e-09
9155602,2026-09-27,0.006388723,319.4199,743071.4994511909,743167.590617051,0.345727681,64.79835192,25.541696430709464,5.751117510764473,5.606526574384536,0.14459093637993697,96.09116586147394,96.09116586,-1.4739356402060366e-09
9155962,2026-09-27,0.006388723,319.4199,743167.590617051,743263.73309781,0.345727681,64.79835192,25.58359170224524,5.760537139077542,5.615722791407506,0.14481434767003518,96.14248076132279,96.142480759,-2.322792624909198e-09
9156322,2026-09-27,0.006388723,319.4199,743263.73309781,743359.868544522,0.345727681,64.79835192,25.577861619944436,5.759233174129852,5.6144650137011665,0.1447681604286866,96.13544671407428,96.135446712,-2.0742731976497453e-09
9156682,2026-09-27,0.006388723,319.4199,743359.868544522,743456.040051263,0.345727681,64.79835192,25.607305653230007,5.765849169666054,5.620928123917757,0.144921045748297,96.17150674289607,96.171506741,-1.896069079521112e-09
9157042,2026-09-27,0.006388723,319.4199,743456.040051263,743552.165939401,0.345727681,64.79835192,25.570082183305026,5.757454037309887,5.612757395812282,0.1446966414976054,96.1258881406149,96.125888138,-2.6149109544348903e-09
9157402,2026-09-27,0.006388723,319.4199,743552.165939401,743648.3159262959,0.345727681,64.79835192,25.589763229646664,5.76187174741629,5.617077483335464,0.1447942640808262,96.14998689706296,96.149986895,-2.0629613572964445e-09
9157762,2026-09-27,0.006388723,319.4199,743648.3159262959,743744.478407178,0.345727681,64.79835192,25.599972266736113,5.764156696646011,5.619318419168638,0.14483827747737346,96.16248088338213,96.162480882,-1.3821335187458317e-09
9158122,2026-09-27,0.006388723,319.4199,743744.478407178,743840.645098145,0.345727681,64.79835192,25.603419837532556,5.76491921204533,5.620075180555714,0.14484403148961533,96.16669096957789,96.166690967,-2.577891677901789e-09
9158482,2026-09-27,0.006388723,319.4199,743840.645098145,743936.821881825,0.345727681,64.79835192,25.6116689197713,5.766762842182102,5.621885896852328,0.14487694532977363,96.17678368195341,96.17678368,-1.9534098782969522e-09
9158842,2026-09-27,0.006388723,319.4199,743936.821881825,744033.008509017,0.345727681,64.79835192,25.619714605474833,5.768560669227265,5.623651966629889,0.1449087025973756,96.18662719470211,96.186627192,-2.70210875896737e-09
9159202,2026-09-27,0.006388723,319.4199,744033.008509017,744129.199096128,0.345727681,64.79835192,25.622957990966057,5.769277202418579,5.624363908358996,0.1449132940595836,96.19058711338464,96.190587111,-2.384638264629757e-09
9159562,2026-09-27,0.006388723,319.4199,744129.199096128,744225.415752967,0.345727681,64.79835192,25.644247844498775,5.774057075780274,5.629037136830259,0.14501993895001428,96.21665684027906,96.216656839,-1.2790621894964715e-09
9159922,2026-09-27,0.006388723,319.4199,744225.415752967,744321.645456164,0.345727681,64.79835192,25.654907777075444,5.776443502350472,5.631377046404647,0.14506645594582437,96.22970319942593,96.229703197,-2.425920797577419e-09
9160282,2026-09-27,0.006388723,319.4199,744321.645456164,744417.691645795,0.345727681,64.79835192,25.505131434430375,5.742706278566181,5.598500419992887,0.144205858573294,96.04618963299654,96.046189631,-1.9965398223575903e-09
9160642,2026-09-27,0.006388723,319.4199,744417.691645795,744513.745233931,0.345727681,64.79835192,25.511832566601992,5.743403650693241,5.599971425823549,0.14343222486969165,96.05358813729524,96.053588136,-1.2952341421623714e-09
9161002,2026-09-27,0.006388723,319.4199,744513.745233931,744609.798689778,0.345727681,64.79835192,25.511735683883995,5.743368244693798,5.599950162538819,0.14341808215498003,96.0534558485778,96.053455847,-1.577802777319448e-09
9161362,2026-09-27,0.006388723,319.4199,744609.798689778,744705.859252053,0.345727681,64.79835192,25.517547348220422,5.7446630090731885,5.601225853842441,0.14343715523074788,96.06056227729361,96.060562275,-2.293617740178888e-09
9161722,2026-09-27,0.006388723,319.4199,744705.859252053,744801.943184625,0.345727681,64.79835192,25.536634282700522,5.748946370687881,5.605415531002209,0.14353083968567312,96.0839325733884,96.083932572,-1.3884005056752358e-09
9162082,2026-09-27,0.006388723,319.4199,744801.943184625,744898.0328868619,0.345727681,64.79835192,25.541354835054687,5.7499954841739545,5.60645171796318,0.14354376621077364,96.08970223922864,96.089702237,-2.2286457124209846e-09
9162442,2026-09-27,0.006388723,319.4199,744898.032886863,744994.1128523049,0.345727681,64.79835192,25.53836548530153,5.743248038934182,5.6057960918947405,0.13745194703944158,96.07996544423571,96.079965442,-2.23570850721444e-09
9162802,2026-09-28,0.006801233,308.0311,744994.1128523049,745090.200433505,0.345727681,64.79835192,25.544593636123107,5.744635646190144,5.6071632040182235,0.1374724421719201,96.08758120231326,96.0875812,-2.3132571413952974e-09
9163162,2026-09-28,0.006801233,308.0311,745090.200433505,745186.2867195429,0.345727681,64.79835192,25.543546892295684,5.744387227772903,5.606933441489989,0.137453786282914,96.08628604006859,96.086286038,-2.0685888557636645e-09
9163522,2026-09-28,0.006801233,308.0311,745186.2867195429,745282.376741899,0.345727681,64.79835192,25.5466078595799,5.7450625780219955,5.6076053414687745,0.13745723655322117,96.0900223576019,96.090022356,-1.6018901760617155e-09
9163882,2026-09-28,0.006801233,308.0311,745282.376741899,745378.470848388,0.345727681,64.79835192,25.549952785178885,5.745801785900295,5.608339571674459,0.13746221422583677,96.09410649107919,96.094106489,-2.079190153381205e-09
9164242,2026-09-28,0.006801233,308.0311,745378.470848388,745474.522596942,0.345727681,64.79835192,25.51538224287685,5.738014393060905,5.600751172804168,0.13726322025673748,96.05174855593776,96.051748554,-1.937763727255515e-09
9164602,2026-09-28,0.006801233,308.0311,745474.522596942,745570.593833805,0.345727681,64.79835192,25.531303180913817,5.741581764101604,5.604245898724065,0.13733586537754003,96.07123686501544,96.071236863,-2.015440259128809e-09
9164962,2026-09-28,0.006801233,308.0311,745570.593833805,745666.664150546,0.345727681,64.79835192,25.530562600975752,5.7414022214262275,5.604083340646865,0.13731888077936266,96.07031674240199,96.070316741,-1.4019860827829689e-09
9165322,2026-09-28,0.006801233,308.0311,745666.664150546,745762.829979189,0.345727681,64.79835192,25.608549560895955,5.7589271636451755,5.621201859377054,0.13772530426812188,96.16582864454112,96.165828643,-1.5411245612995117e-09
9165682,2026-09-28,0.006801233,308.0311,745762.829979189,745858.9512578379,0.345727681,64.79835192,25.566376182918315,5.756550547648747,5.611943958530372,0.14460658911837482,96.12127865056706,96.121278649,-1.5670593711547554e-09
9166042,2026-09-28,0.006801233,308.0311,745858.9512578379,745955.091795061,0.345727681,64.79835192,25.582106579829215,5.760078726002567,5.615396859470248,0.14468186653231868,96.14053722583178,96.140537223,-2.831782808243588e-09
9166402,2026-09-28,0.006801233,308.0311,745955.091795061,746051.221355987,0.345727681,64.79835192,25.573158679812586,5.758050327645176,5.613432755217532,0.1446175724276443,96.12956092745776,96.129560926,-1.4577636875401367e-09
9166762,2026-09-28,0.006801233,308.0311,746051.221355987,746147.329295874,0.345727681,64.79835192,25.55552231526647,5.754065653376431,5.609561491091904,0.14450416228452592,96.1079398886429,96.107939887,-1.6429027027697884e-09
9167122,2026-09-28,0.006801233,308.0311,746147.329295874,746243.398821617,0.345727681,64.79835192,25.524179052054606,5.746994772875343,5.602681496590132,0.14431327628521187,96.06952574492995,96.069525743,-1.9299477571621537e-09
9167482,2026-09-28,0.006801233,308.0311,746243.398821617,746339.64389618,0.345727681,64.79835192,25.667476838089428,5.779245806900242,5.634136054719578,0.145109752180664,96.24507456498968,96.245074563,-1.9896759795301477e-09
9167842,2026-09-28,0.006801233,308.0311,746339.64389618,746435.922643811,0.345727681,64.79835192,25.694972722579195,5.785422990534027,5.640171536942545,0.14525145359148167,96.27874763311323,96.278747631,-2.113225150424114e-09
9168202,2026-09-28,0.006801233,308.0311,746435.922643811,746532.235150196,0.345727681,64.79835192,25.722538568177306,5.791615898875233,5.646222375970252,0.14539352290498092,96.31250638705254,96.312506385,-2.052530589935486e-09
9168562,2026-09-28,0.006801233,308.0311,746532.235150196,746628.474532671,0.345727681,64.79835192,25.662864438410086,5.7781661176307715,5.6331236196345085,0.14504249799626348,96.23938247604086,96.239382475,-1.0408598427602556e-09
9168922,2026-09-28,0.006801233,308.0311,746628.474532671,746724.732301114,0.345727681,64.79835192,25.67788267473551,5.781533850058396,5.636420197907796,0.14511365215059918,96.25776844479391,96.257768443,-1.793907244973525e-09
9169282,2026-09-28,0.006801233,308.0311,746724.732301114,746820.987762344,0.345727681,64.79835192,25.676010674747115,5.781098637605316,5.6360092878423185,0.14508934976299764,96.25546123235243,96.25546123,-2.3524364678451093e-09
9169642,2026-09-28,0.006801233,308.0311,746820.987762344,746917.271725212,0.345727681,64.79835192,25.6992855682746,5.786325380692684,5.641118242201282,0.14520713849140227,96.2839628689673,96.283962868,-9.672902478996548e-10
9170002,2026-09-29,0.00671442,300.6641,746917.271725212,747013.571039942,0.345727681,64.79835192,25.711827325337556,5.789135486683414,5.6438712213369415,0.14526426534647285,96.29931473202097,96.29931473,-2.0209682816130226e-09
9170362,2026-09-29,0.00671442,300.6641,747013.571039942,747109.860131887,0.345727681,64.79835192,25.703494451962857,5.7872455753722996,5.6420421183986464,0.14520345697365286,96.28909194733515,96.289091945,-2.3351560685114237e-09
9170722,2026-09-29,0.00671442,300.6641,747109.860131887,747206.155444584,0.345727681,64.79835192,25.708583182312108,5.788377596921119,5.643159122219386,0.14521847470173396,96.29531269923324,96.295312697,-2.233235818493995e-09
9171082,2026-09-29,0.00671442,300.6641,747206.155444584,747302.460102286,0.345727681,64.79835192,25.71622200641182,5.790083776955063,5.644835883920364,0.14524789303469807,96.30465770336687,96.304657702,-1.3668710607817047e-09
9171442,2026-09-29,0.00671442,300.6641,747302.460102286,747398.762110336,0.345727681,64.79835192,25.714070497762172,5.789585634722046,5.644363620353747,0.14522201436829857,96.30200805248421,96.30200805,-2.4842137236191775e-09
9171802,2026-09-29,0.00671442,300.6641,747398.762110336,747495.071549822,0.345727681,64.79835192,25.720147422187043,5.79094014495573,5.645697537541603,0.14524260741412698,96.30943948714277,96.309439486,-1.1427658819229691e-09
9172162,2026-09-29,0.00671442,300.6641,747495.071549822,747591.3887750279,0.345727681,64.79835192,25.726513527315845,5.792359760926255,5.6470949312896055,0.14526482963664958,96.3172252082421,96.317225206,-2.242103391836281e-09
9172522,2026-09-29,0.00671442,300.6641,747591.3887750279,747687.8923107,0.345727681,64.79835192,25.87859618438873,5.826587570031597,5.6804778111602365,0.14610975887136052,96.50353567442032,96.503535672,-2.4203217208196293e-09
9172882,2026-09-29,0.00671442,300.6641,747687.8923107,747784.381497321,0.345727681,64.79835192,25.866895378714368,5.823939324240272,5.677909430849977,0.14602989339029582,96.48918662295463,96.489186621,-1.9546320118024596e-09
9173242,2026-09-29,0.00671442,300.6641,747784.381497321,747880.864039994,0.345727681,64.79835192,25.86148367154831,5.82270708333635,5.676721537998108,0.14598554533824198,96.48254267488467,96.482542673,-1.88467197403952e-09
9173602,2026-09-29,0.00671442,300.6641,747880.864039994,747977.249622656,0.345727681,64.79835192,25.78235353770863,5.804877207306649,5.659352094829737,0.145525112476912,96.38558266501528,96.385582662,-3.0152733643262764e-09
9173962,2026-09-29,0.00671442,300.6641,747977.249622656,748073.596771106,0.345727681,64.79835192,25.750993692609768,5.797802838645454,5.652468460487607,0.14533437815784728,96.34714845125522,96.34714845,-1.2552163752843626e-09
9174322,2026-09-29,0.00671442,300.6641,748073.596771106,748169.9236803959,0.345727681,64.79835192,25.734485126969954,5.7940722455939255,5.648844753632942,0.1452274919609836,96.32690929256388,96.32690929,-2.5638797751526e-09
9174682,2026-09-29,0.00671442,300.6641,748169.9236803959,748266.240209184,0.345727681,64.79835192,25.726023457065008,5.7921534131310235,5.646987379213961,0.14516603391706312,96.31652879019603,96.316528788,-2.196031800849596e-09
9175042,2026-09-29,0.00671442,300.6641,748266.240209184,748362.520932246,0.345727681,64.79835192,25.69425979418444,5.788111350056831,5.640014824260729,0.1480965257961023,96.28072306424127,96.280723062,-2.241264951408084e-09
9175402,2026-09-29,0.00671442,300.6641,748362.520932246,748458.787139699,0.345727681,64.79835192,25.682424314003814,5.785431220449508,5.637416882395713,0.1480143380537959,96.26620745445332,96.266207453,-1.4533156900142785e-09
9175762,2026-09-29,0.00671442,300.6641,748458.787139699,748555.0429472349,0.345727681,64.79835192,25.673947835943657,5.7835077814465485,5.635556257661406,0.14795152378514154,96.25580753739021,96.255807536,-1.3902052842240664e-09
9176122,2026-09-29,0.00671442,300.6641,748555.0429472349,748651.302780489,0.345727681,64.79835192,25.67724481059331,5.784236525283538,5.636279962471715,0.14795656281182407,96.25983325587684,96.259833254,-1.876841793091444e-09
9176482,2026-09-29,0.00671442,300.6641,748651.302780489,748747.560095002,0.345727681,64.79835192,25.67520053239511,5.783762063511192,5.63583123656792,0.14793082694327128,96.2573145159063,96.257314513,-2.9063045303701074e-09
9176842,2026-09-29,0.00671442,300.6641,748747.560095002,748843.824837714,0.345727681,64.79835192,25.681274437052377,5.785116356873558,5.637164490882847,0.1479518659907111,96.26474271392594,96.264742712,-1.9259402961324668e-09
9177202,2026-09-30,0.006725725,300.8043,748843.824837714,748940.088326825,0.345727681,64.79835192,25.680262696702748,5.78487449617976,5.6369424120059435,0.14793208417381642,96.2634891128825,96.263489111,-1.8824977132680942e-09
9177562,2026-09-30,0.006725725,300.8043,748940.088326826,749036.362837675,0.345727681,64.79835192,25.691816492039084,5.784342438827892,5.639478808880457,0.144863629947435,96.27451085086697,96.274510849,-1.8669794599190936e-09
9177922,2026-09-30,0.006725725,300.8043,749036.362837675,749132.620710092,0.345727681,64.79835192,25.678246827861887,5.781273670762016,5.636500205038645,0.14477346572337102,96.2578724186239,96.257872417,-1.6239027900155634e-09
9178282,2026-09-30,0.006725725,300.8043,749132.620710092,749228.873353019,0.345727681,64.79835192,25.67398949032028,5.780301519157261,5.635565701835533,0.14473581732172822,96.25264292947755,96.252642927,-2.4775488327577477e-09
9178642,2026-09-30,0.006725725,300.8043,749228.873353019,749325.121613582,0.345727681,64.79835192,25.670423596889172,5.779485048236256,5.634782973949888,0.14470207428636694,96.24826056512543,96.248260563,-2.1254322746244725e-09
9179002,2026-09-30,0.006725725,300.8043,749325.121613582,749421.365655159,0.345727681,64.79835192,25.66699105190645,5.778698606530232,5.634029516690295,0.14466908983993673,96.24404157843668,96.244041577,-1.436674779142777e-09
9179362,2026-09-30,0.006725725,300.8043,749421.365655159,749517.606088656,0.345727681,64.79835192,25.664057144424113,5.778024435244571,5.6333855127669805,0.14463892247759189,96.24043349966868,96.240433497,-2.6686848286772147e-09
9179722,2026-09-30,0.006725725,300.8043,749517.606088656,749613.838437775,0.345727681,64.79835192,25.65746952706891,5.7765276734472195,5.631939501887553,0.1445881715596667,96.23234912051613,96.232349119,-1.5161276678554714e-09
9180082,2026-09-30,0.006725725,300.8043,749613.838437775,749710.065586654,0.345727681,64.79835192,25.653236032437302,5.775560928260147,5.631010232307147,0.1445506959530004,96.22714888069746,96.227148879,-1.697458174021449e-09
9180442,2026-09-30,0.006725725,300.8043,749710.065586654,749806.300850815,0.345727681,64.79835192,25.659871110968837,5.777041131449116,5.632466667001444,0.14457446444767194,96.23526416241795,96.235264161,-1.4179448726281407e-09
9180802,2026-09-30,0.006725725,300.8043,749806.300850815,749902.501199353,0.345727681,64.79835192,25.631382897912914,5.77061372308826,5.626213369631631,0.14440035345662994,96.20034854100118,96.200348538,-3.001176196448796e-09
9181162,2026-09-30,0.006725725,300.8043,749902.501199353,749998.70733506,0.345727681,64.79835192,25.636117679539336,5.7716661087411385,5.6272526799778895,0.14441342876324897,96.20613570828048,96.206135707,-1.2804832749679917e-09
9181522,2026-09-30,0.006725725,300.8043,749998.70733506,750094.909218163,0.345727681,64.79835192,25.632657652165904,5.770873533396084,5.626493190185242,0.14438034321084178,96.20188310556199,96.201883103,-2.561989731475478e-09
9181882,2026-09-30,0.006725725,300.8043,750094.909218163,750191.152948119,0.345727681,64.79835192,25.66682562017571,5.778552417698433,5.633993227044275,0.14455919065415804,96.24372995787415,96.243729956,-1.8741559415502707e-09
9182242,2026-09-30,0.006725725,300.8043,750191.152948119,750287.4253809759,0.345727681,64.79835192,25.690265055111805,5.783815883598057,5.63913829910132,0.14467758449673707,96.27243285870986,96.272432857,-1.7098642501878203e-09
9182602,2026-09-30,0.006725725,300.8043,750287.4253809759,750383.71904624,0.345727681,64.79835192,25.707606823002056,5.7877065228564755,5.6429449038057236,0.14476161905075288,96.29366526585854,96.293665264,-1.8585382122182637e-09
9182962,2026-09-30,0.006725725,300.8043,750383.71904624,750479.948156477,0.345727681,64.79835192,25.654925783496537,5.775832534787476,5.631381164204823,0.14445137058265228,96.22911023828402,96.229110237,-1.284021777792077e-09
9183322,2026-09-30,0.006725725,300.8043,750479.948156477,750573.234632385,0.345727681,64.79835192,23.25305081155902,5.235073177642609,5.104158003955931,0.13091517368667818,93.28647590920163,93.286475908,-1.2016272421533358e-09
9183682,2026-09-30,0.006725725,300.8043,750573.234632385,750666.813803948,0.345727681,64.79835192,23.491969816456628,5.2888498281223715,5.156601883531946,0.13224794459042685,93.579171564579,93.579171563,-1.578996489115525e-09
9184042,2026-09-30,0.006725725,300.8043,750666.813803948,750760.660473791,0.345727681,64.79835192,23.710321992888986,5.337995932121254,5.204531244691583,0.133464687429671,93.84666984501024,93.846669843,-2.010239086303045e-09
9184402,2026-10-01,0.00678086,303.4304,750760.660473791,750854.743994615,0.345727681,64.79835192,23.903658879812394,5.381510026163124,5.246969628766135,0.13454039739698853,94.08352082597553,94.083520824,-1.9755219682338065e-09
9184762,2026-10-01,0.00678086,303.4304,750854.743994615,750949.003871787,0.345727681,64.79835192,24.04761791448912,5.41390733989505,5.278569335500047,0.13533800439500285,94.25987717438417,94.259877172,-2.3841693064241554e-09
9185122,2026-10-01,0.00678086,303.4304,750949.003871787,751043.4578286799,0.345727681,64.79835192,24.206043573058526,5.449561402155307,5.3133445360766185,0.13621686607869002,94.45395689521384,94.453956893,-2.213838001807744e-09
9185482,2026-10-01,0.00678086,303.4304,751043.4578286799,751138.085208891,0.345727681,64.79835192,24.347608813869048,5.481419479392174,5.344418793419565,0.1370006859726089,94.62738021326122,94.627380211,-2.2612169914282276e-09
9185842,2026-10-01,0.00678086,303.4304,751138.085208891,751232.870606935,0.345727681,64.79835192,24.476599618613434,5.510446506970806,5.3727329012425225,0.1377136057282839,94.78539804558424,94.785398044,-1.5842402945054346e-09
9186202,2026-10-01,0.00678086,303.4304,751232.870606935,751327.80167613,0.345727681,64.79835192,24.595512688666137,5.537204589237984,5.398834897574713,0.1383696916632707,94.93106919790412,94.931069195,-2.9041160587439663e-09
9186562,2026-10-01,0.00678086,303.4304,751327.80167613,751422.864376492,0.345727681,64.79835192,24.702965866815127,5.56138257730743,5.422421392236598,0.1389611850708318,95.06270036412255,95.062700362,-2.1225474711172865e-09
9186922,2026-10-01,0.00678086,303.4304,751422.864376492,751518.0452072159,0.345727681,64.79835192,24.79939923944915,5.583079566227657,5.44358898632497,0.13949057990268685,95.1808307256768,95.180830724,-1.6767955912655452e-09
9187282,2026-10-01,0.00678086,303.4304,751518.045207217,751613.359986419,0.345727681,64.79835192,24.91437594942026,5.602051334963436,5.468827549375953,0.13322378558748382,95.3147792043837,95.314779202,-2.3837003482185537e-09
9187642,2026-10-01,0.00678086,303.4304,751613.359986419,751708.746103685,0.345727681,64.79835192,24.96842444200523,5.619340906165355,5.480690998308008,0.13864990785734715,95.3861172681706,95.386117266,-2.1705943709093845e-09
9188002,2026-10-01,0.00678086,303.4304,751708.746103685,751804.217734184,0.345727681,64.79835192,25.038238501760084,5.6350400787423665,5.496015525024131,0.13902455371823552,95.47163050050244,95.471630499,-1.5024426147647318e-09
9188362,2026-10-01,0.00678086,303.4304,751804.217734184,751899.763926165,0.345727681,64.79835192,25.099112831717814,5.6487272315759505,5.509377737794007,0.13934949378194328,95.54619198329377,95.546191981,-2.2937598487260402e-09
9188722,2026-10-01,0.00678086,303.4304,751899.763926165,751995.405711903,0.345727681,64.79835192,25.177155626969938,5.666278192426953,5.526508511772147,0.13976968065480566,95.6417857393969,95.641785738,-1.3968985967949266e-09
9189082,2026-10-01,0.00678086,303.4304,751995.405711903,752091.121087914,0.345727681,64.79835192,25.237237279609705,5.67978681296846,5.539696728040636,0.14009008492782435,95.71537601257816,95.715376011,-1.5781580486873281e-09
9189442,2026-10-01,0.00678086,303.4304,752091.121087914,752186.893473857,0.345727681,64.79835192,25.283784620762624,5.690249403568134,5.549914097454669,0.1403353061134651,95.77238594433075,95.772385943,-1.3307470680956612e-09
9189802,2026-10-01,0.00678086,303.4304,752186.893473857,752282.725214385,0.345727681,64.79835192,25.332245918351525,5.701142691614582,5.560551589571485,0.1405911020430969,95.83174052996611,95.831740528,-1.966114382412343e-09
9190162,2026-10-01,0.00678086,303.4304,752282.725214385,752378.608961891,0.345727681,64.79835192,25.37470947497247,5.710686113283313,5.569872548530023,0.14081356475329038,95.8837475082558,95.883747506,-2.2557884449270205e-09
9190522,2026-10-01,0.00678086,303.4304,752378.608961891,752474.551038185,0.345727681,64.79835192,25.42233350088181,5.721390874518394,5.5803262554706805,0.1410646190477141,95.9420762954002,95.942076294,-1.4001955150888534e-09
9190882,2026-10-01,0.00678086,303.4304,752474.551038185,752570.550410612,0.345727681,64.79835192,25.469114620963534,5.7319058884921565,5.59059494050813,0.14131094798402724,95.99937242945569,95.999372427,-2.455692538205767e-09
9191242,2026-10-01,0.00678086,303.4304,752570.550410612,752666.5745653859,0.345727681,64.79835192,25.48935505350491,5.736447802868309,5.595037816218849,0.14140998664946006,96.02415477637322,96.024154774,-2.37322694829345e-09
9191602,2026-10-02,0.006680829,292.4326,752666.5745653859,752762.635012157,0.345727681,64.79835192,25.518990733661976,5.743104118690559,5.60154299424356,0.14156112444699917,96.06044677235253,96.060446771,-1.352532308374066e-09
9191962,2026-10-02,0.006680829,292.4326,752762.635012157,752858.727226297,0.345727681,64.79835192,25.544933021075643,5.748929201415509,5.607237454694452,0.14169174672105553,96.09221414249114,96.09221414,-2.491148620720196e-09
9192322,2026-10-02,0.006680829,292.4326,752858.727226297,752954.85122429,0.345727681,64.79835192,25.570888783562694,5.754757291583767,5.612934872992889,0.14182241859087868,96.12399799514647,96.123997993,-2.1464643396029714e-09
9192682,2026-10-02,0.006680829,292.4326,752954.85122429,753051.004504387,0.345727681,64.79835192,25.594802407395246,5.760125772153187,5.61818403197923,0.14194174017395733,96.15328009954844,96.153280097,-2.5484325760771753e-09
9193042,2026-10-02,0.006680829,292.4326,753051.004504387,753147.18302992,0.345727681,64.79835192,25.61542094481529,5.764752670454532,5.622709903557639,0.14204276689689346,96.17852553526981,96.178525533,-2.269814558530925e-09
9193402,2026-10-02,0.006680829,292.4326,753147.18302992,753243.385250575,0.345727681,64.79835192,25.634773986561193,5.769094750199299,5.626957992715276,0.14213675748402343,96.20222065676049,96.202220655,-1.7604833146833698e-09
9193762,2026-10-02,0.006680829,292.4326,753243.385250575,753339.607168512,0.345727681,64.79835192,25.65086363144196,5.7727023877472226,5.630489750472985,0.14221263727423783,96.22191793918918,96.221917937,-2.1891821688768687e-09
9194122,2026-10-02,0.006680829,292.4326,753339.607168512,753435.848064093,0.345727681,64.79835192,25.666365851203114,5.7761778117128335,5.6338925655769,0.14228524613593257,96.24089558291594,96.240895581,-1.9159358544129645e-09
9194482,2026-10-02,0.006680829,292.4326,753435.848064093,753532.106079292,0.345727681,64.79835192,25.680351385642183,5.779311894923687,5.636962460915789,0.1423494340078987,96.25801520056586,96.258015199,-1.5658656593586784e-09
9194842,2026-10-02,0.006680829,292.4326,753532.106079292,753628.3797599829,0.345727681,64.79835192,25.693149935420216,5.7821788381028325,5.6397718073798035,0.14240703072302913,96.27368069352306,96.273680691,-2.5230662004105398e-09
9195202,2026-10-02,0.006680829,292.4326,753628.3797599829,753724.667923269,0.345727681,64.79835192,25.704982899523294,5.7848284683146325,5.642369203117453,0.14245926519717997,96.28816328783793,96.288163286,-1.8379324728812207e-09
9195562,2026-10-02,0.006680829,292.4326,753724.667923269,753820.965330191,0.345727681,64.79835192,25.712539332762603,5.786515670790825,5.644027879637156,0.1424877911536686,96.29740692355342,96.297406922,-1.5534311614828766e-09
9195922,2026-10-02,0.006680829,292.4326,753820.965330191,753917.2794040149,0.345727681,64.79835192,25.72615535365142,5.789566553338245,5.647016664970966,0.1425498883672791,96.31407382698967,96.314073824,-2.9896654041294823e-09
9196282,2026-10-02,0.006680829,292.4326,753917.2794040149,754013.60838547,0.345727681,64.79835192,25.738335295532476,5.7922942412022556,5.649690224014878,0.1426040171873768,96.32898145673474,96.328981455,-1.7347332459394238e-09
9196642,2026-10-02,0.006680829,292.4326,754013.60838547,754109.94755476,0.345727681,64.79835192,25.746662493158166,5.794154878616425,5.651518087051274,0.14263679156515066,96.3391692917746,96.33916929,-1.7745946934155654e-09
9197002,2026-10-02,0.006680829,292.4326,754109.94755476,754206.299671687,0.345727681,64.79835192,25.757242514101762,5.796522495111485,5.653840455709619,0.1426820394018649,96.35211692921325,96.352116927,-2.213255356764421e-09
9197362,2026-10-02,0.006680829,292.4326,754206.299671687,754302.6635917199,0.345727681,64.79835192,25.76688826357463,5.798679851127785,5.655957747260055,0.14272210386772968,96.36392003470242,96.363920033,-1.7024177623170544e-09
9197722,2026-10-02,0.006680829,292.4326,754302.6635917199,754399.035752405,0.345727681,64.79835192,25.773625997395488,5.800182770270756,5.657436715302097,0.14274605496865883,96.37216068766624,96.372160685,-2.6662405616662e-09
9198082,2026-10-02,0.006680829,292.4326,754399.035752405,754495.416414442,0.345727681,64.79835192,25.780576542348907,5.801733576708984,5.658962396418361,0.14277118029062397,96.3806620390579,96.380662037,-2.0579022930178326e-09
9198442,2026-10-02,0.006680829,292.4326,754495.416414442,754591.809735534,0.345727681,64.79835192,25.7909210174853,5.804048156312401,5.661233061636888,0.14281509467551284,96.39332109379771,96.393321092,-1.797715754037199e-09
9198802,2026-10-03,0.006651567,291.266,754591.809735534,754688.211485056,0.345727681,64.79835192,25.79781204658331,5.805585558215153,5.662745678736638,0.1428398794785147,96.40174952479848,96.401749522,-2.7984725647911546e-09
9199162,2026-10-03,0.006651567,291.266,754688.211485056,754784.6179344329,0.345727681,64.79835192,25.801659446105713,5.806438013532295,5.66359020441365,0.14284780911864522,96.40644937963802,96.406449377,-2.6380178042018088e-09
9199522,2026-10-03,0.006651567,291.266,754784.6179344329,754881.00807546,0.345727681,64.79835192,25.788357860685675,5.803431248055603,5.660670444890017,0.14276080316558676,96.39014102874128,96.390141027,-1.741284449963132e-09
9199882,2026-10-03,0.006651567,291.266,754881.00807546,754977.398539146,0.345727681,64.79835192,25.788632150684478,5.803479617384693,5.660730655728958,0.14274896165573547,96.39046368806918,96.390463686,-2.0691715008069878e-09
9200242,2026-10-03,0.006651567,291.266,754977.398539146,755073.790140218,0.345727681,64.79835192,25.78957149975388,5.803677654047451,5.660936850252229,0.14274080379522225,96.39160107380133,96.391601072,-1.8013253111348604e-09
9200602,2026-10-03,0.006651567,291.266,755073.790140218,755170.182810879,0.345727681,64.79835192,25.79045550518453,5.803863238169598,5.66113089657815,0.1427323415914473,96.39267066335412,96.392670661,-2.3541275595562183e-09
9200962,2026-10-03,0.006651567,291.266,755170.182810879,755266.576681579,0.345727681,64.79835192,25.79144599524582,5.804072787450901,5.661348316795205,0.14272447065569663,96.39387070269673,96.3938707,-2.6967370558850234e-09
9201322,2026-10-03,0.006651567,291.266,755266.576681579,755362.971830393,0.345727681,64.79835192,25.7925002163372,5.804296680531235,5.661579726281155,0.1427169542500804,96.39514881686844,96.395148814,-2.8684468134088092e-09
9201682,2026-10-03,0.006651567,291.266,755362.971830393,755459.368414151,0.345727681,64.79835192,25.793682455689353,5.804549384352146,5.661839236394367,0.14271014795777895,96.3965837600415,96.396583758,-2.0414887558217742e-09
9202042,2026-10-03,0.006651567,291.266,755459.368414151,755555.765967215,0.345727681,64.79835192,25.79448459322133,5.804716552850334,5.662015312317259,0.14270124053307393,96.39755306607167,96.397553064,-2.0716726112368633e-09
9202402,2026-10-03,0.006651567,291.266,755555.765967215,755652.165455455,0.345727681,64.79835192,25.796075170843892,5.8050611512845425,5.662364454656274,0.14269669662826853,96.39948824212844,96.39948824,-2.1284449758240953e-09
9202762,2026-10-03,0.006651567,291.266,755652.165455455,755748.566584857,0.345727681,64.79835192,25.797425742996346,5.805351741076759,5.662660914632079,0.14269082644467998,96.40112940407312,96.401129402,-2.073122118417814e-09
