date,block,hotkey,nominator_divs_rao
2026-09-07,9015202,5FFSag8NxXgHeEEFxp12EMoK93wLGR3MCehMTFw2LcWUA6fU,66821849
2026-09-07,9015202,5EqYdsxW1EYfb7PdJrazCYd1JuunqhABtHSWKh34jPbQoaUf,130884
2026-09-07,9015202,5GpDE9kN55cxaa5Ao6k7VQ6LCQVGBfr4Nexdpp51NwoB3fEz,43047263
2026-09-07,9015202,5HK5tp6t2S59DywmHRWPBVJeJ86T61KjurYqeooqj8sREpeN,24819924358
2026-09-07,9015202,5Ggasr6fQqKZXuovBTT44GvhuoFpxBsXGPY3AUtFr9mWxGTV,13550299
2026-09-07,9015202,5GztaLqpZxZeFSHCvArzBXS7PuybmerEN2Tcirgd95Hy2dQh,97
2026-09-07,9015202,5FyUNRQ26cvNwCPGobiNiabcVsRksczDE8mKxHvQSebNEBcD,13320571
2026-09-07,9015202,5G1NjW9YhXLadMWajvTkfcJy6up3yH2q1YzMXDTi6ijanChe,53954393
2026-09-07,9015202,5H9ABR2Z4hvFkZycn3DuUfWvRYUAQXXu46uHgLFaNZ1ZL9dd,8954398
2026-09-07,9015202,5EByfpgRHm7FDpJz9iLwU1khBes5tGGgRXyxno45uM4YJWs4,1271920
2026-09-07,9015202,5FFM6Nvvm78GqyMratgXXvjbqZPi7SHgSQ81nyS96jBuUWgt,4778251
2026-09-07,9015202,5CqRMuYSSqYkSa8AM3VawVfdyUhyBufyesvvgh3vCgaGb9Ed,57793722
2026-09-07,9015202,5E9vRSxypx39uaz747ZbwA2ey6gFGqFbxU6FuoaVd37KQs25,288307994
2026-09-07,9015202,5HK2LZRrvj581VjyxuFxb6ehFZoNi5PqAg3Y2HsmYPhGYYXr,38633915
2026-09-07,9015202,5GTWwu3NCbYmVFzwfrXa1sx8y4UNLR3padWfVZwjNnDmySXP,20551397298
2026-09-07,9015202,5Ft5kRgKDFafWX8mHneYqi44z8J3PGDguVjYnEADxjVJPTih,364
2026-09-07,9015202,5DkFEQdEwE5ZcJbv2efF4F5nRTxuEdYhLHqd2EfdR3aLM7Fn,678207
2026-09-07,9015202,5DUuFhF41eCf5Yu9h17j9ogGkJhXYr8mkU8tFcUDkH16k2GU,88
2026-09-07,9015202,5G9mJMfD12NxF3oXuTrLuCQHyQeJfMkHKHbPncDnGbTn423v,7915323
2026-09-07,9015202,5DvTpiniW9s3APmHRYn8FroUWyfnLtrsid5Mtn5EwMXHN2ed,3829184
2026-09-07,9015202,5HRB5xi9W1yEdJGEWPsgtH71mPjAvN2Z9HxNvRMMcK5kXuW2,13128
2026-09-07,9015202,5G9hfkx9wGB1CLMT9WXkpHSAiYzjZb5o1Boyq4KAdDhjwrc5,931995610
2026-09-07,9015202,5CszMVts9ueMUSKdAwLFSLT7u4oyxN7fUBpo8Z3ETw1ggMUV,1052962211
2026-09-07,9015202,5Hmh4DCoGNC7PMtL2aShJ9W3bY29jNWHSmS57qVP1bU51Ab8,92867
2026-09-07,9015202,5CsvRJXuR955WojnGMdok1hbhffZyB4N5ocrv82f3p5A2zVp,622614537
2026-09-07,9015202,5E2LP6EnZ54m3wS8s1yPvD5c3xo71kQroBw7aUVK32TKeZ5u,19532608953
2026-09-07,9015202,5GroGY3XJtrJipxnB9qZcig6rVw69kT8fEbGpxcqekty6gV7,143054
2026-09-07,9015202,5E4z3h9yVhmQyCFWNbY9BPpwhx4xFiPwq3eeqmBgVF6KULde,562026626
2026-09-07,9015202,5HCEWVfmZYDeZRjnDAkjyuAQ4Qvewj6Vy8gxr1uRJVMYLKEy,215
2026-09-07,9015202,5FYwKoHYfiuy9m2yM4wbwM5pQyaEP38MBTTZS8RwNKRuQ8mi,23214784646
2026-09-07,9015202,5FFSBkNiymQWHaxc8dTmfTT7iHoz6YDexVG4xR2yLrffVR86,732440533
2026-09-07,9015202,5FLoWCDovMPeH3Gv4syQSZ8TuKcMv6N27g8diDU8zJSeRv8m,681458
2026-09-07,9015202,5CyQm9M2Jb2Lb5BVgZS9F5MYe97fMUkSVm56nQREqomL2568,34307
2026-09-07,9015202,5FBqnTwnCq6yeVeXTnVGHbiRR6zh6ZGbKVRBusu4zSCu4WUw,1860
2026-09-07,9015202,5FnGPRV7fQSWjHo8Q3Bgrn7GzciQKJKUitv9WCwqTzZKMVZZ,1506249427
2026-09-07,9015202,5H3pGapvFiu3zU9BpmxLCGfbEtD5nKMsqbcbq8TsoedRJuza,413521
2026-09-07,9015202,5GP7c3fFazW9GXK8Up3qgu2DJBk8inu4aK9TZy3RuoSWVCMi,13807856420
2026-09-07,9015202,5CAQAgXxoU3NPo1YG5VQKz4Ackh7goNx3TvPD9A6LoqA7FmJ,32165523
2026-09-07,9015202,5CcD4RLFJxtRPVtc4FyZqjXMEfrQUNY5F3mW5hfS9rVQDcdb,30943834
2026-09-07,9015202,5HbScNssaEfioJHXjcXdpyqo1AKnYjymidGF8opcF9rTFZdT,28666330
2026-09-07,9015202,5DM7CPqPKtMSADhFKYsstsCS4Tm4Kd6PMXoh6DdqY4MtxmtX,7609599
2026-09-07,9015202,5HK1Ubcg6MBwDGW7Td4RtAvE1FNyvkHvXKfwymW9q1BCRJAK,260068123
2026-09-07,9015202,5F7dvCS7mdzJU4o9bAUx4LPgpF3XeMM1XEz9nVqVNga9r6LW,114752
2026-09-07,9015202,5GcAZ4SFfghRCYqhSTaeGqmgfosWfRRtSjp5T1YxpVuNHZCV,7764929
2026-09-07,9015202,5G3wMP3g3d775hauwmAZioYFVZYnvw6eY46wkFy8hEWD5KP3,117571858
2026-09-07,9015202,5FeKsRjZ6zYiX1VNwoDqHJKTToMbks1bstr9ah9VGaPX9DGg,6825
2026-09-07,9015202,5DXdHixxtCvoa6GHKs2Jgrdzc61882Ftx1zN2sYFQuwgL1S1,3710066442
2026-09-07,9015202,5EtUYRu7sFqs9obCrN6JSNTnAAcpk98oJ27YV2EF9gC4tvzs,55201801
2026-09-07,9015202,5DjtmV76CRvxZqd68fDwWyTmsfqUZ5EUXVJ21FKTBzwLT4Kd,76548
2026-09-07,9015202,5HT9U1J85fyNVudFAHuhYSGajRth8r3kYo7hTvkUXFEEDhQD,3745100
2026-09-07,9015202,5ELREhApbCahM7FyGLM1V9WDsnnjCRmMCJTmtQD51oAEqwVh,1490976
2026-09-07,9015202,5CoZxgtfhcJKX2HmkwnsN18KbaT9aih9eF3b6qVPTgAUbifj,167400596
2026-09-07,9015202,5HZ7yqdZhZdFpvqz6mrXeiMazszseDyusP6bLiLKEx4TKvif,107
2026-09-07,9015202,5DvDypN8BPG4ThSTes2YQ64PUSYMngoQYnzR1Dw1a67TdiFp,549531810
2026-09-07,9015202,5Fppap6WurosERSFvetmrDjK34XMRgP5PctTX6y7BJ2dMEjv,98707
2026-09-07,9015202,5CV93B17wmt9cfx6LyYmZN47jxTqDRbGHMgdUo2iHTU5fQF2,918
2026-09-07,9015202,5Ckaoft1B1CQ9zBV2FLVju4KPuMQzJVn7QUf3JeTvTq1uUes,1118910581
2026-09-07,9015202,5DFZEJwgkg98h1kyngSEMYY1NnxXE9tkpLGCtQqf9XCtGBxf,42484251
2026-09-07,9015202,5GKH9FPPnWSUoeeTJp19wVtd84XqFW4pyK2ijV2GsFbhTrP1,3716398184
2026-09-07,9015202,5FsGZaVPH785MPRPQobkMuYkHmCKSkZkFp9aamjCbKdyRZQC,30112
2026-09-07,9015202,5H66JLTYFWaHDtBtScE4X9f5WDjrBS1iGeXeRykPuH3SMyNh,24
2026-09-07,9015202,5FtBncJvGhxjBs4aFn2pid6aur9tBUuo9QR7sHe5DkoRizzo,293837913
2026-09-07,9015202,5Deo9Q3SnZWNPSEPRTgapbyy6egKu2oaNSqD4RQHHJEuzD9Y,5587825
2026-09-07,9015202,5Fq5v71D4LX8Db1xsmRSy6udQThcZ8sFDqxQFwnUZ1BuqY5A,34356781
2026-09-08,9019162,5FFSag8NxXgHeEEFxp12EMoK93wLGR3MCehMTFw2LcWUA6fU,67697566
2026-09-08,9019162,5EqYdsxW1EYfb7PdJrazCYd1JuunqhABtHSWKh34jPbQoaUf,132583
2026-09-08,9019162,5GpDE9kN55cxaa5Ao6k7VQ6LCQVGBfr4Nexdpp51NwoB3fEz,43382538
2026-09-08,9019162,5HK5tp6t2S59DywmHRWPBVJeJ86T61KjurYqeooqj8sREpeN,25152567033
2026-09-08,9019162,5Ggasr6fQqKZXuovBTT44GvhuoFpxBsXGPY3AUtFr9mWxGTV,13760791
2026-09-08,9019162,5GztaLqpZxZeFSHCvArzBXS7PuybmerEN2Tcirgd95Hy2dQh,97
2026-09-08,9019162,5FyUNRQ26cvNwCPGobiNiabcVsRksczDE8mKxHvQSebNEBcD,13436471
2026-09-08,9019162,5G1NjW9YhXLadMWajvTkfcJy6up3yH2q1YzMXDTi6ijanChe,54752333
2026-09-08,9019162,5H9ABR2Z4hvFkZycn3DuUfWvRYUAQXXu46uHgLFaNZ1ZL9dd,8999649
2026-09-08,9019162,5EByfpgRHm7FDpJz9iLwU1khBes5tGGgRXyxno45uM4YJWs4,1313208
2026-09-08,9019162,5FFM6Nvvm78GqyMratgXXvjbqZPi7SHgSQ81nyS96jBuUWgt,4725317
2026-09-08,9019162,5CqRMuYSSqYkSa8AM3VawVfdyUhyBufyesvvgh3vCgaGb9Ed,58366024
2026-09-08,9019162,5E9vRSxypx39uaz747ZbwA2ey6gFGqFbxU6FuoaVd37KQs25,292304549
2026-09-08,9019162,5HK2LZRrvj581VjyxuFxb6ehFZoNi5PqAg3Y2HsmYPhGYYXr,38971692
2026-09-08,9019162,5GTWwu3NCbYmVFzwfrXa1sx8y4UNLR3padWfVZwjNnDmySXP,20821273170
2026-09-08,9019162,5Ft5kRgKDFafWX8mHneYqi44z8J3PGDguVjYnEADxjVJPTih,388
2026-09-08,9019162,5DkFEQdEwE5ZcJbv2efF4F5nRTxuEdYhLHqd2EfdR3aLM7Fn,688974
2026-09-08,9019162,5DUuFhF41eCf5Yu9h17j9ogGkJhXYr8mkU8tFcUDkH16k2GU,88
2026-09-08,9019162,5G9mJMfD12NxF3oXuTrLuCQHyQeJfMkHKHbPncDnGbTn423v,8091338
2026-09-08,9019162,5DvTpiniW9s3APmHRYn8FroUWyfnLtrsid5Mtn5EwMXHN2ed,3925135
2026-09-08,9019162,5HRB5xi9W1yEdJGEWPsgtH71mPjAvN2Z9HxNvRMMcK5kXuW2,13258
2026-09-08,9019162,5G9hfkx9wGB1CLMT9WXkpHSAiYzjZb5o1Boyq4KAdDhjwrc5,929492773
2026-09-08,9019162,5CszMVts9ueMUSKdAwLFSLT7u4oyxN7fUBpo8Z3ETw1ggMUV,1066742136
2026-09-08,9019162,5Hmh4DCoGNC7PMtL2aShJ9W3bY29jNWHSmS57qVP1bU51Ab8,95333
2026-09-08,9019162,5CsvRJXuR955WojnGMdok1hbhffZyB4N5ocrv82f3p5A2zVp,630591592
2026-09-08,9019162,5E2LP6EnZ54m3wS8s1yPvD5c3xo71kQroBw7aUVK32TKeZ5u,19171034819
2026-09-08,9019162,5GroGY3XJtrJipxnB9qZcig6rVw69kT8fEbGpxcqekty6gV7,144925
2026-09-08,9019162,5E4z3h9yVhmQyCFWNbY9BPpwhx4xFiPwq3eeqmBgVF6KULde,546866286
2026-09-08,9019162,5HCEWVfmZYDeZRjnDAkjyuAQ4Qvewj6Vy8gxr1uRJVMYLKEy,215
2026-09-08,9019162,5FYwKoHYfiuy9m2yM4wbwM5pQyaEP38MBTTZS8RwNKRuQ8mi,23271712580
2026-09-08,9019162,5FFSBkNiymQWHaxc8dTmfTT7iHoz6YDexVG4xR2yLrffVR86,739988328
2026-09-08,9019162,5FLoWCDovMPeH3Gv4syQSZ8TuKcMv6N27g8diDU8zJSeRv8m,675642
2026-09-08,9019162,5CyQm9M2Jb2Lb5BVgZS9F5MYe97fMUkSVm56nQREqomL2568,34674
2026-09-08,9019162,5FBqnTwnCq6yeVeXTnVGHbiRR6zh6ZGbKVRBusu4zSCu4WUw,1859
2026-09-08,9019162,5FnGPRV7fQSWjHo8Q3Bgrn7GzciQKJKUitv9WCwqTzZKMVZZ,1521185541
2026-09-08,9019162,5H3pGapvFiu3zU9BpmxLCGfbEtD5nKMsqbcbq8TsoedRJuza,413307
2026-09-08,9019162,5GP7c3fFazW9GXK8Up3qgu2DJBk8inu4aK9TZy3RuoSWVCMi,13959187689
2026-09-08,9019162,5CAQAgXxoU3NPo1YG5VQKz4Ackh7goNx3TvPD9A6LoqA7FmJ,32957159
2026-09-08,9019162,5CcD4RLFJxtRPVtc4FyZqjXMEfrQUNY5F3mW5hfS9rVQDcdb,30946149
2026-09-08,9019162,5HbScNssaEfioJHXjcXdpyqo1AKnYjymidGF8opcF9rTFZdT,29081904
2026-09-08,9019162,5DM7CPqPKtMSADhFKYsstsCS4Tm4Kd6PMXoh6DdqY4MtxmtX,7712181
2026-09-08,9019162,5HK1Ubcg6MBwDGW7Td4RtAvE1FNyvkHvXKfwymW9q1BCRJAK,262599655
2026-09-08,9019162,5F7dvCS7mdzJU4o9bAUx4LPgpF3XeMM1XEz9nVqVNga9r6LW,118174
2026-09-08,9019162,5GcAZ4SFfghRCYqhSTaeGqmgfosWfRRtSjp5T1YxpVuNHZCV,7974603
2026-09-08,9019162,5G3wMP3g3d775hauwmAZioYFVZYnvw6eY46wkFy8hEWD5KP3,119440956
2026-09-08,9019162,5FeKsRjZ6zYiX1VNwoDqHJKTToMbks1bstr9ah9VGaPX9DGg,6929
2026-09-08,9019162,5DXdHixxtCvoa6GHKs2Jgrdzc61882Ftx1zN2sYFQuwgL1S1,3737781058
2026-09-08,9019162,5EtUYRu7sFqs9obCrN6JSNTnAAcpk98oJ27YV2EF9gC4tvzs,55932488
2026-09-08,9019162,5DjtmV76CRvxZqd68fDwWyTmsfqUZ5EUXVJ21FKTBzwLT4Kd,84989
2026-09-08,9019162,5HT9U1J85fyNVudFAHuhYSGajRth8r3kYo7hTvkUXFEEDhQD,3796395
2026-09-08,9019162,5ELREhApbCahM7FyGLM1V9WDsnnjCRmMCJTmtQD51oAEqwVh,1498145
2026-09-08,9019162,5CoZxgtfhcJKX2HmkwnsN18KbaT9aih9eF3b6qVPTgAUbifj,169603827
2026-09-08,9019162,5HZ7yqdZhZdFpvqz6mrXeiMazszseDyusP6bLiLKEx4TKvif,107
2026-09-08,9019162,5DvDypN8BPG4ThSTes2YQ64PUSYMngoQYnzR1Dw1a67TdiFp,556712128
2026-09-08,9019162,5Fppap6WurosERSFvetmrDjK34XMRgP5PctTX6y7BJ2dMEjv,101039
2026-09-08,9019162,5CV93B17wmt9cfx6LyYmZN47jxTqDRbGHMgdUo2iHTU5fQF2,917
2026-09-08,9019162,5Ckaoft1B1CQ9zBV2FLVju4KPuMQzJVn7QUf3JeTvTq1uUes,738654223
2026-09-08,9019162,5DFZEJwgkg98h1kyngSEMYY1NnxXE9tkpLGCtQqf9XCtGBxf,43734758
2026-09-08,9019162,5GKH9FPPnWSUoeeTJp19wVtd84XqFW4pyK2ijV2GsFbhTrP1,3560228902
2026-09-08,9019162,5FsGZaVPH785MPRPQobkMuYkHmCKSkZkFp9aamjCbKdyRZQC,30531
2026-09-08,9019162,5H66JLTYFWaHDtBtScE4X9f5WDjrBS1iGeXeRykPuH3SMyNh,24
2026-09-08,9019162,5FtBncJvGhxjBs4aFn2pid6aur9tBUuo9QR7sHe5DkoRizzo,299049492
2026-09-08,9019162,5Deo9Q3SnZWNPSEPRTgapbyy6egKu2oaNSqD4RQHHJEuzD9Y,5555786
2026-09-08,9019162,5Fq5v71D4LX8Db1xsmRSy6udQThcZ8sFDqxQFwnUZ1BuqY5A,34853670
2026-09-09,9026362,5FFSag8NxXgHeEEFxp12EMoK93wLGR3MCehMTFw2LcWUA6fU,249762060
2026-09-09,9026362,5EqYdsxW1EYfb7PdJrazCYd1JuunqhABtHSWKh34jPbQoaUf,167580
2026-09-09,9026362,5GpDE9kN55cxaa5Ao6k7VQ6LCQVGBfr4Nexdpp51NwoB3fEz,53425135
2026-09-09,9026362,5HK5tp6t2S59DywmHRWPBVJeJ86T61KjurYqeooqj8sREpeN,30580097479
2026-09-09,9026362,5Ggasr6fQqKZXuovBTT44GvhuoFpxBsXGPY3AUtFr9mWxGTV,15649053
2026-09-09,9026362,5GztaLqpZxZeFSHCvArzBXS7PuybmerEN2Tcirgd95Hy2dQh,121
2026-09-09,9026362,5FyUNRQ26cvNwCPGobiNiabcVsRksczDE8mKxHvQSebNEBcD,16543412
2026-09-09,9026362,5G1NjW9YhXLadMWajvTkfcJy6up3yH2q1YzMXDTi6ijanChe,66896109
2026-09-09,9026362,5H9ABR2Z4hvFkZycn3DuUfWvRYUAQXXu46uHgLFaNZ1ZL9dd,11149512
2026-09-09,9026362,5EByfpgRHm7FDpJz9iLwU1khBes5tGGgRXyxno45uM4YJWs4,1648493
2026-09-09,9026362,5FFM6Nvvm78GqyMratgXXvjbqZPi7SHgSQ81nyS96jBuUWgt,5821393
2026-09-09,9026362,5CqRMuYSSqYkSa8AM3VawVfdyUhyBufyesvvgh3vCgaGb9Ed,73942989
2026-09-09,9026362,5E9vRSxypx39uaz747ZbwA2ey6gFGqFbxU6FuoaVd37KQs25,1006184644
2026-09-09,9026362,5HK2LZRrvj581VjyxuFxb6ehFZoNi5PqAg3Y2HsmYPhGYYXr,47691080
2026-09-09,9026362,5GTWwu3NCbYmVFzwfrXa1sx8y4UNLR3padWfVZwjNnDmySXP,25284797177
2026-09-09,9026362,5Ft5kRgKDFafWX8mHneYqi44z8J3PGDguVjYnEADxjVJPTih,461
2026-09-09,9026362,5DkFEQdEwE5ZcJbv2efF4F5nRTxuEdYhLHqd2EfdR3aLM7Fn,869335
2026-09-09,9026362,5DUuFhF41eCf5Yu9h17j9ogGkJhXYr8mkU8tFcUDkH16k2GU,118
2026-09-09,9026362,5G9mJMfD12NxF3oXuTrLuCQHyQeJfMkHKHbPncDnGbTn423v,10010920
2026-09-09,9026362,5DvTpiniW9s3APmHRYn8FroUWyfnLtrsid5Mtn5EwMXHN2ed,4878733
2026-09-09,9026362,5HRB5xi9W1yEdJGEWPsgtH71mPjAvN2Z9HxNvRMMcK5kXuW2,16242
2026-09-09,9026362,5G9hfkx9wGB1CLMT9WXkpHSAiYzjZb5o1Boyq4KAdDhjwrc5,1046471265
2026-09-09,9026362,5CszMVts9ueMUSKdAwLFSLT7u4oyxN7fUBpo8Z3ETw1ggMUV,1236621675
2026-09-09,9026362,5Hmh4DCoGNC7PMtL2aShJ9W3bY29jNWHSmS57qVP1bU51Ab8,117529
2026-09-09,9026362,5CsvRJXuR955WojnGMdok1hbhffZyB4N5ocrv82f3p5A2zVp,770966584
2026-09-09,9026362,5E2LP6EnZ54m3wS8s1yPvD5c3xo71kQroBw7aUVK32TKeZ5u,23605283221
2026-09-09,9026362,5GroGY3XJtrJipxnB9qZcig6rVw69kT8fEbGpxcqekty6gV7,176539
2026-09-09,9026362,5E4z3h9yVhmQyCFWNbY9BPpwhx4xFiPwq3eeqmBgVF6KULde,762134697
2026-09-09,9026362,5HCEWVfmZYDeZRjnDAkjyuAQ4Qvewj6Vy8gxr1uRJVMYLKEy,861
2026-09-09,9026362,5FYwKoHYfiuy9m2yM4wbwM5pQyaEP38MBTTZS8RwNKRuQ8mi,4595842726
2026-09-09,9026362,5FFSBkNiymQWHaxc8dTmfTT7iHoz6YDexVG4xR2yLrffVR86,904157242
2026-09-09,9026362,5FLoWCDovMPeH3Gv4syQSZ8TuKcMv6N27g8diDU8zJSeRv8m,838361
2026-09-09,9026362,5CyQm9M2Jb2Lb5BVgZS9F5MYe97fMUkSVm56nQREqomL2568,42368
2026-09-09,9026362,5FBqnTwnCq6yeVeXTnVGHbiRR6zh6ZGbKVRBusu4zSCu4WUw,2289
2026-09-09,9026362,5FnGPRV7fQSWjHo8Q3Bgrn7GzciQKJKUitv9WCwqTzZKMVZZ,1813905082
2026-09-09,9026362,5H3pGapvFiu3zU9BpmxLCGfbEtD5nKMsqbcbq8TsoedRJuza,514197
2026-09-09,9026362,5GP7c3fFazW9GXK8Up3qgu2DJBk8inu4aK9TZy3RuoSWVCMi,17066268362
2026-09-09,9026362,5CAQAgXxoU3NPo1YG5VQKz4Ackh7goNx3TvPD9A6LoqA7FmJ,126640834
2026-09-09,9026362,5CcD4RLFJxtRPVtc4FyZqjXMEfrQUNY5F3mW5hfS9rVQDcdb,38450067
2026-09-09,9026362,5HbScNssaEfioJHXjcXdpyqo1AKnYjymidGF8opcF9rTFZdT,35774862
2026-09-09,9026362,5DM7CPqPKtMSADhFKYsstsCS4Tm4Kd6PMXoh6DdqY4MtxmtX,9407851
2026-09-09,9026362,5HK1Ubcg6MBwDGW7Td4RtAvE1FNyvkHvXKfwymW9q1BCRJAK,321087216
2026-09-09,9026362,5F7dvCS7mdzJU4o9bAUx4LPgpF3XeMM1XEz9nVqVNga9r6LW,147511
2026-09-09,9026362,5GcAZ4SFfghRCYqhSTaeGqmgfosWfRRtSjp5T1YxpVuNHZCV,9973116
2026-09-09,9026362,5G3wMP3g3d775hauwmAZioYFVZYnvw6eY46wkFy8hEWD5KP3,146209602
2026-09-09,9026362,5FeKsRjZ6zYiX1VNwoDqHJKTToMbks1bstr9ah9VGaPX9DGg,8498
2026-09-09,9026362,5DXdHixxtCvoa6GHKs2Jgrdzc61882Ftx1zN2sYFQuwgL1S1,4529200580
2026-09-09,9026362,5EtUYRu7sFqs9obCrN6JSNTnAAcpk98oJ27YV2EF9gC4tvzs,68155140
2026-09-09,9026362,5DjtmV76CRvxZqd68fDwWyTmsfqUZ5EUXVJ21FKTBzwLT4Kd,99459
2026-09-09,9026362,5HT9U1J85fyNVudFAHuhYSGajRth8r3kYo7hTvkUXFEEDhQD,4625073
2026-09-09,9026362,5ELREhApbCahM7FyGLM1V9WDsnnjCRmMCJTmtQD51oAEqwVh,1856155
2026-09-09,9026362,5CoZxgtfhcJKX2HmkwnsN18KbaT9aih9eF3b6qVPTgAUbifj,206456065
2026-09-09,9026362,5HZ7yqdZhZdFpvqz6mrXeiMazszseDyusP6bLiLKEx4TKvif,134
2026-09-09,9026362,5DvDypN8BPG4ThSTes2YQ64PUSYMngoQYnzR1Dw1a67TdiFp,676822355
2026-09-09,9026362,5Fppap6WurosERSFvetmrDjK34XMRgP5PctTX6y7BJ2dMEjv,131724
2026-09-09,9026362,5CV93B17wmt9cfx6LyYmZN47jxTqDRbGHMgdUo2iHTU5fQF2,3433
2026-09-09,9026362,5Ckaoft1B1CQ9zBV2FLVju4KPuMQzJVn7QUf3JeTvTq1uUes,889493363
2026-09-09,9026362,5DFZEJwgkg98h1kyngSEMYY1NnxXE9tkpLGCtQqf9XCtGBxf,52556408
2026-09-09,9026362,5GKH9FPPnWSUoeeTJp19wVtd84XqFW4pyK2ijV2GsFbhTrP1,4357618520
2026-09-09,9026362,5FsGZaVPH785MPRPQobkMuYkHmCKSkZkFp9aamjCbKdyRZQC,112811
2026-09-09,9026362,5H66JLTYFWaHDtBtScE4X9f5WDjrBS1iGeXeRykPuH3SMyNh,24
2026-09-09,9026362,5FtBncJvGhxjBs4aFn2pid6aur9tBUuo9QR7sHe5DkoRizzo,364032686
2026-09-09,9026362,5Deo9Q3SnZWNPSEPRTgapbyy6egKu2oaNSqD4RQHHJEuzD9Y,6681503
2026-09-09,9026362,5Fq5v71D4LX8Db1xsmRSy6udQThcZ8sFDqxQFwnUZ1BuqY5A,42560181
2026-09-10,9033562,5FFSag8NxXgHeEEFxp12EMoK93wLGR3MCehMTFw2LcWUA6fU,61842447
2026-09-10,9033562,5EqYdsxW1EYfb7PdJrazCYd1JuunqhABtHSWKh34jPbQoaUf,129140
2026-09-10,9033562,5GpDE9kN55cxaa5Ao6k7VQ6LCQVGBfr4Nexdpp51NwoB3fEz,42796010
2026-09-10,9033562,5HK5tp6t2S59DywmHRWPBVJeJ86T61KjurYqeooqj8sREpeN,24537799853
2026-09-10,9033562,5Ggasr6fQqKZXuovBTT44GvhuoFpxBsXGPY3AUtFr9mWxGTV,12580192
2026-09-10,9033562,5GztaLqpZxZeFSHCvArzBXS7PuybmerEN2Tcirgd95Hy2dQh,97
2026-09-10,9033562,5FyUNRQ26cvNwCPGobiNiabcVsRksczDE8mKxHvQSebNEBcD,13249270
2026-09-10,9033562,5G1NjW9YhXLadMWajvTkfcJy6up3yH2q1YzMXDTi6ijanChe,53662082
2026-09-10,9033562,5H9ABR2Z4hvFkZycn3DuUfWvRYUAQXXu46uHgLFaNZ1ZL9dd,8924738
2026-09-10,9033562,5EByfpgRHm7FDpJz9iLwU1khBes5tGGgRXyxno45uM4YJWs4,1358353
2026-09-10,9033562,5FFM6Nvvm78GqyMratgXXvjbqZPi7SHgSQ81nyS96jBuUWgt,4709036
2026-09-10,9033562,5CqRMuYSSqYkSa8AM3VawVfdyUhyBufyesvvgh3vCgaGb9Ed,67880845
2026-09-10,9033562,5E9vRSxypx39uaz747ZbwA2ey6gFGqFbxU6FuoaVd37KQs25,274913906
2026-09-10,9033562,5HK2LZRrvj581VjyxuFxb6ehFZoNi5PqAg3Y2HsmYPhGYYXr,35235096
2026-09-10,9033562,5GTWwu3NCbYmVFzwfrXa1sx8y4UNLR3padWfVZwjNnDmySXP,19330677398
2026-09-10,9033562,5CyQFykVpfa9xgZVGgBsiNUpjbo1EihBTSkPvDC1FZbL1wxG,19436929075
2026-09-10,9033562,5Ft5kRgKDFafWX8mHneYqi44z8J3PGDguVjYnEADxjVJPTih,364
2026-09-10,9033562,5DkFEQdEwE5ZcJbv2efF4F5nRTxuEdYhLHqd2EfdR3aLM7Fn,708811
2026-09-10,9033562,5DUuFhF41eCf5Yu9h17j9ogGkJhXYr8mkU8tFcUDkH16k2GU,88
2026-09-10,9033562,5G9mJMfD12NxF3oXuTrLuCQHyQeJfMkHKHbPncDnGbTn423v,8132689
2026-09-10,9033562,5DvTpiniW9s3APmHRYn8FroUWyfnLtrsid5Mtn5EwMXHN2ed,3981486
2026-09-10,9033562,5HRB5xi9W1yEdJGEWPsgtH71mPjAvN2Z9HxNvRMMcK5kXuW2,14142
2026-09-10,9033562,5G9hfkx9wGB1CLMT9WXkpHSAiYzjZb5o1Boyq4KAdDhjwrc5,815231803
2026-09-10,9033562,5CszMVts9ueMUSKdAwLFSLT7u4oyxN7fUBpo8Z3ETw1ggMUV,989835310
2026-09-10,9033562,5Hmh4DCoGNC7PMtL2aShJ9W3bY29jNWHSmS57qVP1bU51Ab8,94257
2026-09-10,9033562,5CsvRJXuR955WojnGMdok1hbhffZyB4N5ocrv82f3p5A2zVp,620986442
2026-09-10,9033562,5E2LP6EnZ54m3wS8s1yPvD5c3xo71kQroBw7aUVK32TKeZ5u,19449852058
2026-09-10,9033562,5GroGY3XJtrJipxnB9qZcig6rVw69kT8fEbGpxcqekty6gV7,141176
2026-09-10,9033562,5E4z3h9yVhmQyCFWNbY9BPpwhx4xFiPwq3eeqmBgVF6KULde,686372737
2026-09-10,9033562,5HCEWVfmZYDeZRjnDAkjyuAQ4Qvewj6Vy8gxr1uRJVMYLKEy,215
2026-09-10,9033562,5FYwKoHYfiuy9m2yM4wbwM5pQyaEP38MBTTZS8RwNKRuQ8mi,1407534270
2026-09-10,9033562,5FFSBkNiymQWHaxc8dTmfTT7iHoz6YDexVG4xR2yLrffVR86,729801639
2026-09-10,9033562,5FLoWCDovMPeH3Gv4syQSZ8TuKcMv6N27g8diDU8zJSeRv8m,950784
2026-09-10,9033562,5CyQm9M2Jb2Lb5BVgZS9F5MYe97fMUkSVm56nQREqomL2568,34195
2026-09-10,9033562,5FBqnTwnCq6yeVeXTnVGHbiRR6zh6ZGbKVRBusu4zSCu4WUw,1831
2026-09-10,9033562,5FnGPRV7fQSWjHo8Q3Bgrn7GzciQKJKUitv9WCwqTzZKMVZZ,4222147278
2026-09-10,9033562,5H3pGapvFiu3zU9BpmxLCGfbEtD5nKMsqbcbq8TsoedRJuza,408845
2026-09-10,9033562,5GP7c3fFazW9GXK8Up3qgu2DJBk8inu4aK9TZy3RuoSWVCMi,13946132394
2026-09-10,9033562,5CAQAgXxoU3NPo1YG5VQKz4Ackh7goNx3TvPD9A6LoqA7FmJ,1764322645
2026-09-10,9033562,5CcD4RLFJxtRPVtc4FyZqjXMEfrQUNY5F3mW5hfS9rVQDcdb,30674800
2026-09-10,9033562,5HbScNssaEfioJHXjcXdpyqo1AKnYjymidGF8opcF9rTFZdT,29239215
2026-09-10,9033562,5DM7CPqPKtMSADhFKYsstsCS4Tm4Kd6PMXoh6DdqY4MtxmtX,7533122
2026-09-10,9033562,5HK1Ubcg6MBwDGW7Td4RtAvE1FNyvkHvXKfwymW9q1BCRJAK,242604738
2026-09-10,9033562,5F7dvCS7mdzJU4o9bAUx4LPgpF3XeMM1XEz9nVqVNga9r6LW,114164
2026-09-10,9033562,5GcAZ4SFfghRCYqhSTaeGqmgfosWfRRtSjp5T1YxpVuNHZCV,653661
2026-09-10,9033562,5G3wMP3g3d775hauwmAZioYFVZYnvw6eY46wkFy8hEWD5KP3,117502419
2026-09-10,9033562,5FeKsRjZ6zYiX1VNwoDqHJKTToMbks1bstr9ah9VGaPX9DGg,6820
2026-09-10,9033562,5DXdHixxtCvoa6GHKs2Jgrdzc61882Ftx1zN2sYFQuwgL1S1,3566905603
2026-09-10,9033562,5EtUYRu7sFqs9obCrN6JSNTnAAcpk98oJ27YV2EF9gC4tvzs,54522772
2026-09-10,9033562,5DjtmV76CRvxZqd68fDwWyTmsfqUZ5EUXVJ21FKTBzwLT4Kd,92361
2026-09-10,9033562,5HT9U1J85fyNVudFAHuhYSGajRth8r3kYo7hTvkUXFEEDhQD,3701013
2026-09-10,9033562,5ELREhApbCahM7FyGLM1V9WDsnnjCRmMCJTmtQD51oAEqwVh,1485354
2026-09-10,9033562,5CoZxgtfhcJKX2HmkwnsN18KbaT9aih9eF3b6qVPTgAUbifj,217918713
2026-09-10,9033562,5HZ7yqdZhZdFpvqz6mrXeiMazszseDyusP6bLiLKEx4TKvif,107
2026-09-10,9033562,5DvDypN8BPG4ThSTes2YQ64PUSYMngoQYnzR1Dw1a67TdiFp,541306659
2026-09-10,9033562,5Fppap6WurosERSFvetmrDjK34XMRgP5PctTX6y7BJ2dMEjv,106836
2026-09-10,9033562,5CV93B17wmt9cfx6LyYmZN47jxTqDRbGHMgdUo2iHTU5fQF2,828
2026-09-10,9033562,5Ckaoft1B1CQ9zBV2FLVju4KPuMQzJVn7QUf3JeTvTq1uUes,933967745
2026-09-10,9033562,5DFZEJwgkg98h1kyngSEMYY1NnxXE9tkpLGCtQqf9XCtGBxf,41595854
2026-09-10,9033562,5GKH9FPPnWSUoeeTJp19wVtd84XqFW4pyK2ijV2GsFbhTrP1,3795818476
2026-09-10,9033562,5FsGZaVPH785MPRPQobkMuYkHmCKSkZkFp9aamjCbKdyRZQC,27935
2026-09-10,9033562,5H66JLTYFWaHDtBtScE4X9f5WDjrBS1iGeXeRykPuH3SMyNh,24
2026-09-10,9033562,5FtBncJvGhxjBs4aFn2pid6aur9tBUuo9QR7sHe5DkoRizzo,299041511
2026-09-10,9033562,5Deo9Q3SnZWNPSEPRTgapbyy6egKu2oaNSqD4RQHHJEuzD9Y,5399160
2026-09-10,9033562,5Fq5v71D4LX8Db1xsmRSy6udQThcZ8sFDqxQFwnUZ1BuqY5A,34120939
2026-09-11,9040762,5FFSag8NxXgHeEEFxp12EMoK93wLGR3MCehMTFw2LcWUA6fU,64031587
2026-09-11,9040762,5EqYdsxW1EYfb7PdJrazCYd1JuunqhABtHSWKh34jPbQoaUf,137586
2026-09-11,9040762,5GpDE9kN55cxaa5Ao6k7VQ6LCQVGBfr4Nexdpp51NwoB3fEz,41519259
2026-09-11,9040762,5HK5tp6t2S59DywmHRWPBVJeJ86T61KjurYqeooqj8sREpeN,23822319268
2026-09-11,9040762,5Ggasr6fQqKZXuovBTT44GvhuoFpxBsXGPY3AUtFr9mWxGTV,12307772
2026-09-11,9040762,5GztaLqpZxZeFSHCvArzBXS7PuybmerEN2Tcirgd95Hy2dQh,97
2026-09-11,9040762,5FyUNRQ26cvNwCPGobiNiabcVsRksczDE8mKxHvQSebNEBcD,12851540
2026-09-11,9040762,5G1NjW9YhXLadMWajvTkfcJy6up3yH2q1YzMXDTi6ijanChe,52408445
2026-09-11,9040762,5H9ABR2Z4hvFkZycn3DuUfWvRYUAQXXu46uHgLFaNZ1ZL9dd,8683274
2026-09-11,9040762,5EByfpgRHm7FDpJz9iLwU1khBes5tGGgRXyxno45uM4YJWs4,1312532
2026-09-11,9040762,5FFM6Nvvm78GqyMratgXXvjbqZPi7SHgSQ81nyS96jBuUWgt,4638105
2026-09-11,9040762,5CqRMuYSSqYkSa8AM3VawVfdyUhyBufyesvvgh3vCgaGb9Ed,57062187
2026-09-11,9040762,5E9vRSxypx39uaz747ZbwA2ey6gFGqFbxU6FuoaVd37KQs25,277383284
2026-09-11,9040762,5HK2LZRrvj581VjyxuFxb6ehFZoNi5PqAg3Y2HsmYPhGYYXr,35843526
2026-09-11,9040762,5GTWwu3NCbYmVFzwfrXa1sx8y4UNLR3padWfVZwjNnDmySXP,18801946372
2026-09-11,9040762,5CyQFykVpfa9xgZVGgBsiNUpjbo1EihBTSkPvDC1FZbL1wxG,22328039270
2026-09-11,9040762,5Ft5kRgKDFafWX8mHneYqi44z8J3PGDguVjYnEADxjVJPTih,364
2026-09-11,9040762,5DkFEQdEwE5ZcJbv2efF4F5nRTxuEdYhLHqd2EfdR3aLM7Fn,514389
2026-09-11,9040762,5DUuFhF41eCf5Yu9h17j9ogGkJhXYr8mkU8tFcUDkH16k2GU,88
2026-09-11,9040762,5G9mJMfD12NxF3oXuTrLuCQHyQeJfMkHKHbPncDnGbTn423v,7836358
2026-09-11,9040762,5DvTpiniW9s3APmHRYn8FroUWyfnLtrsid5Mtn5EwMXHN2ed,3956040
2026-09-11,9040762,5HRB5xi9W1yEdJGEWPsgtH71mPjAvN2Z9HxNvRMMcK5kXuW2,13738
2026-09-11,9040762,5G9hfkx9wGB1CLMT9WXkpHSAiYzjZb5o1Boyq4KAdDhjwrc5,800019278
2026-09-11,9040762,5CszMVts9ueMUSKdAwLFSLT7u4oyxN7fUBpo8Z3ETw1ggMUV,963766939
2026-09-11,9040762,5Hmh4DCoGNC7PMtL2aShJ9W3bY29jNWHSmS57qVP1bU51Ab8,92897
2026-09-11,9040762,5CsvRJXuR955WojnGMdok1hbhffZyB4N5ocrv82f3p5A2zVp,603257202
2026-09-11,9040762,5E2LP6EnZ54m3wS8s1yPvD5c3xo71kQroBw7aUVK32TKeZ5u,18349438190
2026-09-11,9040762,5GroGY3XJtrJipxnB9qZcig6rVw69kT8fEbGpxcqekty6gV7,137474
2026-09-11,9040762,5E4z3h9yVhmQyCFWNbY9BPpwhx4xFiPwq3eeqmBgVF6KULde,1012419602
2026-09-11,9040762,5HCEWVfmZYDeZRjnDAkjyuAQ4Qvewj6Vy8gxr1uRJVMYLKEy,215
2026-09-11,9040762,5FYwKoHYfiuy9m2yM4wbwM5pQyaEP38MBTTZS8RwNKRuQ8mi,1441501687
2026-09-11,9040762,5FFSBkNiymQWHaxc8dTmfTT7iHoz6YDexVG4xR2yLrffVR86,709945212
2026-09-11,9040762,5FLoWCDovMPeH3Gv4syQSZ8TuKcMv6N27g8diDU8zJSeRv8m,686208
2026-09-11,9040762,5CyQm9M2Jb2Lb5BVgZS9F5MYe97fMUkSVm56nQREqomL2568,33260
2026-09-11,9040762,5FBqnTwnCq6yeVeXTnVGHbiRR6zh6ZGbKVRBusu4zSCu4WUw,1777
2026-09-11,9040762,5FnGPRV7fQSWjHo8Q3Bgrn7GzciQKJKUitv9WCwqTzZKMVZZ,3549266621
2026-09-11,9040762,5H3pGapvFiu3zU9BpmxLCGfbEtD5nKMsqbcbq8TsoedRJuza,397710
2026-09-11,9040762,5GP7c3fFazW9GXK8Up3qgu2DJBk8inu4aK9TZy3RuoSWVCMi,13382580035
2026-09-11,9040762,5CAQAgXxoU3NPo1YG5VQKz4Ackh7goNx3TvPD9A6LoqA7FmJ,1819845766
2026-09-11,9040762,5CcD4RLFJxtRPVtc4FyZqjXMEfrQUNY5F3mW5hfS9rVQDcdb,29800137
2026-09-11,9040762,5HbScNssaEfioJHXjcXdpyqo1AKnYjymidGF8opcF9rTFZdT,28600298
2026-09-11,9040762,5DM7CPqPKtMSADhFKYsstsCS4Tm4Kd6PMXoh6DdqY4MtxmtX,7343665
2026-09-11,9040762,5HK1Ubcg6MBwDGW7Td4RtAvE1FNyvkHvXKfwymW9q1BCRJAK,249022202
2026-09-11,9040762,5F7dvCS7mdzJU4o9bAUx4LPgpF3XeMM1XEz9nVqVNga9r6LW,120264
2026-09-11,9040762,5GcAZ4SFfghRCYqhSTaeGqmgfosWfRRtSjp5T1YxpVuNHZCV,832602
2026-09-11,9040762,5G3wMP3g3d775hauwmAZioYFVZYnvw6eY46wkFy8hEWD5KP3,114782610
2026-09-11,9040762,5FeKsRjZ6zYiX1VNwoDqHJKTToMbks1bstr9ah9VGaPX9DGg,6660
2026-09-11,9040762,5DXdHixxtCvoa6GHKs2Jgrdzc61882Ftx1zN2sYFQuwgL1S1,3423633006
2026-09-11,9040762,5EtUYRu7sFqs9obCrN6JSNTnAAcpk98oJ27YV2EF9gC4tvzs,53100699
2026-09-11,9040762,5DjtmV76CRvxZqd68fDwWyTmsfqUZ5EUXVJ21FKTBzwLT4Kd,104260
2026-09-11,9040762,5HT9U1J85fyNVudFAHuhYSGajRth8r3kYo7hTvkUXFEEDhQD,3603624
2026-09-11,9040762,5ELREhApbCahM7FyGLM1V9WDsnnjCRmMCJTmtQD51oAEqwVh,1415269
2026-09-11,9040762,5CoZxgtfhcJKX2HmkwnsN18KbaT9aih9eF3b6qVPTgAUbifj,212203170
2026-09-11,9040762,5HZ7yqdZhZdFpvqz6mrXeiMazszseDyusP6bLiLKEx4TKvif,107
2026-09-11,9040762,5DvDypN8BPG4ThSTes2YQ64PUSYMngoQYnzR1Dw1a67TdiFp,527049333
2026-09-11,9040762,5Fppap6WurosERSFvetmrDjK34XMRgP5PctTX6y7BJ2dMEjv,108138
2026-09-11,9040762,5CV93B17wmt9cfx6LyYmZN47jxTqDRbGHMgdUo2iHTU5fQF2,858
2026-09-11,9040762,5Ckaoft1B1CQ9zBV2FLVju4KPuMQzJVn7QUf3JeTvTq1uUes,1015523193
2026-09-11,9040762,5DFZEJwgkg98h1kyngSEMYY1NnxXE9tkpLGCtQqf9XCtGBxf,40625068
2026-09-11,9040762,5GKH9FPPnWSUoeeTJp19wVtd84XqFW4pyK2ijV2GsFbhTrP1,3666280583
2026-09-11,9040762,5FsGZaVPH785MPRPQobkMuYkHmCKSkZkFp9aamjCbKdyRZQC,28958
2026-09-11,9040762,5H66JLTYFWaHDtBtScE4X9f5WDjrBS1iGeXeRykPuH3SMyNh,24
2026-09-11,9040762,5FtBncJvGhxjBs4aFn2pid6aur9tBUuo9QR7sHe5DkoRizzo,284290889
2026-09-11,9040762,5Deo9Q3SnZWNPSEPRTgapbyy6egKu2oaNSqD4RQHHJEuzD9Y,5287562
2026-09-11,9040762,5Fq5v71D4LX8Db1xsmRSy6udQThcZ8sFDqxQFwnUZ1BuqY5A,33304347
2026-09-12,9047962,5FFSag8NxXgHeEEFxp12EMoK93wLGR3MCehMTFw2LcWUA6fU,64344562
2026-09-12,9047962,5EqYdsxW1EYfb7PdJrazCYd1JuunqhABtHSWKh34jPbQoaUf,142193
2026-09-12,9047962,5GpDE9kN55cxaa5Ao6k7VQ6LCQVGBfr4Nexdpp51NwoB3fEz,41133136
2026-09-12,9047962,5HK5tp6t2S59DywmHRWPBVJeJ86T61KjurYqeooqj8sREpeN,23653784722
2026-09-12,9047962,5Ggasr6fQqKZXuovBTT44GvhuoFpxBsXGPY3AUtFr9mWxGTV,12267251
2026-09-12,9047962,5GztaLqpZxZeFSHCvArzBXS7PuybmerEN2Tcirgd95Hy2dQh,97
2026-09-12,9047962,5FyUNRQ26cvNwCPGobiNiabcVsRksczDE8mKxHvQSebNEBcD,12729690
2026-09-12,9047962,5G1NjW9YhXLadMWajvTkfcJy6up3yH2q1YzMXDTi6ijanChe,52195590
2026-09-12,9047962,5H9ABR2Z4hvFkZycn3DuUfWvRYUAQXXu46uHgLFaNZ1ZL9dd,8539210
2026-09-12,9047962,5EByfpgRHm7FDpJz9iLwU1khBes5tGGgRXyxno45uM4YJWs4,1342669
2026-09-12,9047962,5FFM6Nvvm78GqyMratgXXvjbqZPi7SHgSQ81nyS96jBuUWgt,4657793
2026-09-12,9047962,5CqRMuYSSqYkSa8AM3VawVfdyUhyBufyesvvgh3vCgaGb9Ed,55199545
2026-09-12,9047962,5E9vRSxypx39uaz747ZbwA2ey6gFGqFbxU6FuoaVd37KQs25,278541546
2026-09-12,9047962,5HK2LZRrvj581VjyxuFxb6ehFZoNi5PqAg3Y2HsmYPhGYYXr,36041843
2026-09-12,9047962,5GTWwu3NCbYmVFzwfrXa1sx8y4UNLR3padWfVZwjNnDmySXP,18668858807
2026-09-12,9047962,5CyQFykVpfa9xgZVGgBsiNUpjbo1EihBTSkPvDC1FZbL1wxG,22659902031
2026-09-12,9047962,5Ft5kRgKDFafWX8mHneYqi44z8J3PGDguVjYnEADxjVJPTih,364
2026-09-12,9047962,5DkFEQdEwE5ZcJbv2efF4F5nRTxuEdYhLHqd2EfdR3aLM7Fn,526448
2026-09-12,9047962,5DUuFhF41eCf5Yu9h17j9ogGkJhXYr8mkU8tFcUDkH16k2GU,88
2026-09-12,9047962,5G9mJMfD12NxF3oXuTrLuCQHyQeJfMkHKHbPncDnGbTn423v,7905449
2026-09-12,9047962,5DvTpiniW9s3APmHRYn8FroUWyfnLtrsid5Mtn5EwMXHN2ed,4006610
2026-09-12,9047962,5HRB5xi9W1yEdJGEWPsgtH71mPjAvN2Z9HxNvRMMcK5kXuW2,13713
2026-09-12,9047962,5G9hfkx9wGB1CLMT9WXkpHSAiYzjZb5o1Boyq4KAdDhjwrc5,796111969
2026-09-12,9047962,5CszMVts9ueMUSKdAwLFSLT7u4oyxN7fUBpo8Z3ETw1ggMUV,956948850
2026-09-12,9047962,5Hmh4DCoGNC7PMtL2aShJ9W3bY29jNWHSmS57qVP1bU51Ab8,92133
2026-09-12,9047962,5CsvRJXuR955WojnGMdok1hbhffZyB4N5ocrv82f3p5A2zVp,600296343
2026-09-12,9047962,5E2LP6EnZ54m3wS8s1yPvD5c3xo71kQroBw7aUVK32TKeZ5u,18321484658
2026-09-12,9047962,5GroGY3XJtrJipxnB9qZcig6rVw69kT8fEbGpxcqekty6gV7,136486
2026-09-12,9047962,5E4z3h9yVhmQyCFWNbY9BPpwhx4xFiPwq3eeqmBgVF6KULde,1313969119
2026-09-12,9047962,5HCEWVfmZYDeZRjnDAkjyuAQ4Qvewj6Vy8gxr1uRJVMYLKEy,215
2026-09-12,9047962,5FYwKoHYfiuy9m2yM4wbwM5pQyaEP38MBTTZS8RwNKRuQ8mi,1365521417
2026-09-12,9047962,5FFSBkNiymQWHaxc8dTmfTT7iHoz6YDexVG4xR2yLrffVR86,707604265
2026-09-12,9047962,5FLoWCDovMPeH3Gv4syQSZ8TuKcMv6N27g8diDU8zJSeRv8m,650711
2026-09-12,9047962,5CyQm9M2Jb2Lb5BVgZS9F5MYe97fMUkSVm56nQREqomL2568,33148
2026-09-12,9047962,5FBqnTwnCq6yeVeXTnVGHbiRR6zh6ZGbKVRBusu4zSCu4WUw,1778
2026-09-12,9047962,5FnGPRV7fQSWjHo8Q3Bgrn7GzciQKJKUitv9WCwqTzZKMVZZ,3536378733
2026-09-12,9047962,5H3pGapvFiu3zU9BpmxLCGfbEtD5nKMsqbcbq8TsoedRJuza,396313
2026-09-12,9047962,5GP7c3fFazW9GXK8Up3qgu2DJBk8inu4aK9TZy3RuoSWVCMi,13236685051
2026-09-12,9047962,5CAQAgXxoU3NPo1YG5VQKz4Ackh7goNx3TvPD9A6LoqA7FmJ,1809364334
2026-09-12,9047962,5CcD4RLFJxtRPVtc4FyZqjXMEfrQUNY5F3mW5hfS9rVQDcdb,29650219
2026-09-12,9047962,5HbScNssaEfioJHXjcXdpyqo1AKnYjymidGF8opcF9rTFZdT,28660926
2026-09-12,9047962,5DM7CPqPKtMSADhFKYsstsCS4Tm4Kd6PMXoh6DdqY4MtxmtX,7300599
2026-09-12,9047962,5HK1Ubcg6MBwDGW7Td4RtAvE1FNyvkHvXKfwymW9q1BCRJAK,248437356
2026-09-12,9047962,5F7dvCS7mdzJU4o9bAUx4LPgpF3XeMM1XEz9nVqVNga9r6LW,124784
2026-09-12,9047962,5GcAZ4SFfghRCYqhSTaeGqmgfosWfRRtSjp5T1YxpVuNHZCV,1014470
2026-09-12,9047962,5G3wMP3g3d775hauwmAZioYFVZYnvw6eY46wkFy8hEWD5KP3,114072703
2026-09-12,9047962,5FeKsRjZ6zYiX1VNwoDqHJKTToMbks1bstr9ah9VGaPX9DGg,8393
2026-09-12,9047962,5DXdHixxtCvoa6GHKs2Jgrdzc61882Ftx1zN2sYFQuwgL1S1,3391357080
2026-09-12,9047962,5EtUYRu7sFqs9obCrN6JSNTnAAcpk98oJ27YV2EF9gC4tvzs,52736923
2026-09-12,9047962,5DjtmV76CRvxZqd68fDwWyTmsfqUZ5EUXVJ21FKTBzwLT4Kd,107412
2026-09-12,9047962,5HT9U1J85fyNVudFAHuhYSGajRth8r3kYo7hTvkUXFEEDhQD,3532731
2026-09-12,9047962,5ELREhApbCahM7FyGLM1V9WDsnnjCRmMCJTmtQD51oAEqwVh,1427008
2026-09-12,9047962,5CoZxgtfhcJKX2HmkwnsN18KbaT9aih9eF3b6qVPTgAUbifj,210725331
2026-09-12,9047962,5HZ7yqdZhZdFpvqz6mrXeiMazszseDyusP6bLiLKEx4TKvif,107
2026-09-12,9047962,5DvDypN8BPG4ThSTes2YQ64PUSYMngoQYnzR1Dw1a67TdiFp,523319382
2026-09-12,9047962,5Fppap6WurosERSFvetmrDjK34XMRgP5PctTX6y7BJ2dMEjv,111646
2026-09-12,9047962,5CV93B17wmt9cfx6LyYmZN47jxTqDRbGHMgdUo2iHTU5fQF2,858
2026-09-12,9047962,5Ckaoft1B1CQ9zBV2FLVju4KPuMQzJVn7QUf3JeTvTq1uUes,1013145894
2026-09-12,9047962,5DFZEJwgkg98h1kyngSEMYY1NnxXE9tkpLGCtQqf9XCtGBxf,40670843
2026-09-12,9047962,5GKH9FPPnWSUoeeTJp19wVtd84XqFW4pyK2ijV2GsFbhTrP1,3627118728
2026-09-12,9047962,5FsGZaVPH785MPRPQobkMuYkHmCKSkZkFp9aamjCbKdyRZQC,29097
2026-09-12,9047962,5H66JLTYFWaHDtBtScE4X9f5WDjrBS1iGeXeRykPuH3SMyNh,24
2026-09-12,9047962,5FtBncJvGhxjBs4aFn2pid6aur9tBUuo9QR7sHe5DkoRizzo,282378687
2026-09-12,9047962,5Deo9Q3SnZWNPSEPRTgapbyy6egKu2oaNSqD4RQHHJEuzD9Y,5280415
2026-09-12,9047962,5Fq5v71D4LX8Db1xsmRSy6udQThcZ8sFDqxQFwnUZ1BuqY5A,33149911
2026-09-13,9055162,5FFSag8NxXgHeEEFxp12EMoK93wLGR3MCehMTFw2LcWUA6fU,63658694
2026-09-13,9055162,5EqYdsxW1EYfb7PdJrazCYd1JuunqhABtHSWKh34jPbQoaUf,142976
2026-09-13,9055162,5GpDE9kN55cxaa5Ao6k7VQ6LCQVGBfr4Nexdpp51NwoB3fEz,41026112
2026-09-13,9055162,5HK5tp6t2S59DywmHRWPBVJeJ86T61KjurYqeooqj8sREpeN,23712432640
2026-09-13,9055162,5Ggasr6fQqKZXuovBTT44GvhuoFpxBsXGPY3AUtFr9mWxGTV,12360309
2026-09-13,9055162,5GztaLqpZxZeFSHCvArzBXS7PuybmerEN2Tcirgd95Hy2dQh,97
2026-09-13,9055162,5FyUNRQ26cvNwCPGobiNiabcVsRksczDE8mKxHvQSebNEBcD,12694189
2026-09-13,9055162,5G1NjW9YhXLadMWajvTkfcJy6up3yH2q1YzMXDTi6ijanChe,52483474
2026-09-13,9055162,5H9ABR2Z4hvFkZycn3DuUfWvRYUAQXXu46uHgLFaNZ1ZL9dd,8542103
2026-09-13,9055162,5EByfpgRHm7FDpJz9iLwU1khBes5tGGgRXyxno45uM4YJWs4,1385485
2026-09-13,9055162,5FFM6Nvvm78GqyMratgXXvjbqZPi7SHgSQ81nyS96jBuUWgt,4721979
2026-09-13,9055162,5CqRMuYSSqYkSa8AM3VawVfdyUhyBufyesvvgh3vCgaGb9Ed,55608999
2026-09-13,9055162,5E9vRSxypx39uaz747ZbwA2ey6gFGqFbxU6FuoaVd37KQs25,275898577
2026-09-13,9055162,5HK2LZRrvj581VjyxuFxb6ehFZoNi5PqAg3Y2HsmYPhGYYXr,35591772
2026-09-13,9055162,5GTWwu3NCbYmVFzwfrXa1sx8y4UNLR3padWfVZwjNnDmySXP,18659706189
2026-09-13,9055162,5CyQFykVpfa9xgZVGgBsiNUpjbo1EihBTSkPvDC1FZbL1wxG,22739962340
2026-09-13,9055162,5Ft5kRgKDFafWX8mHneYqi44z8J3PGDguVjYnEADxjVJPTih,364
2026-09-13,9055162,5DkFEQdEwE5ZcJbv2efF4F5nRTxuEdYhLHqd2EfdR3aLM7Fn,539835
2026-09-13,9055162,5DUuFhF41eCf5Yu9h17j9ogGkJhXYr8mkU8tFcUDkH16k2GU,88
2026-09-13,9055162,5G9mJMfD12NxF3oXuTrLuCQHyQeJfMkHKHbPncDnGbTn423v,8049829
2026-09-13,9055162,5DvTpiniW9s3APmHRYn8FroUWyfnLtrsid5Mtn5EwMXHN2ed,4095246
2026-09-13,9055162,5HRB5xi9W1yEdJGEWPsgtH71mPjAvN2Z9HxNvRMMcK5kXuW2,13660
2026-09-13,9055162,5G9hfkx9wGB1CLMT9WXkpHSAiYzjZb5o1Boyq4KAdDhjwrc5,765114371
2026-09-13,9055162,5CszMVts9ueMUSKdAwLFSLT7u4oyxN7fUBpo8Z3ETw1ggMUV,1024320651
2026-09-13,9055162,5Hmh4DCoGNC7PMtL2aShJ9W3bY29jNWHSmS57qVP1bU51Ab8,93278
2026-09-13,9055162,5CsvRJXuR955WojnGMdok1hbhffZyB4N5ocrv82f3p5A2zVp,599091149
2026-09-13,9055162,5E2LP6EnZ54m3wS8s1yPvD5c3xo71kQroBw7aUVK32TKeZ5u,17972007188
2026-09-13,9055162,5GroGY3XJtrJipxnB9qZcig6rVw69kT8fEbGpxcqekty6gV7,136847
2026-09-13,9055162,5E4z3h9yVhmQyCFWNbY9BPpwhx4xFiPwq3eeqmBgVF6KULde,1356926038
2026-09-13,9055162,5HCEWVfmZYDeZRjnDAkjyuAQ4Qvewj6Vy8gxr1uRJVMYLKEy,215
2026-09-13,9055162,5FYwKoHYfiuy9m2yM4wbwM5pQyaEP38MBTTZS8RwNKRuQ8mi,1351636608
2026-09-13,9055162,5FFSBkNiymQWHaxc8dTmfTT7iHoz6YDexVG4xR2yLrffVR86,704443350
2026-09-13,9055162,5FLoWCDovMPeH3Gv4syQSZ8TuKcMv6N27g8diDU8zJSeRv8m,652707
2026-09-13,9055162,5CyQm9M2Jb2Lb5BVgZS9F5MYe97fMUkSVm56nQREqomL2568,33003
2026-09-13,9055162,5FBqnTwnCq6yeVeXTnVGHbiRR6zh6ZGbKVRBusu4zSCu4WUw,1778
2026-09-13,9055162,5FnGPRV7fQSWjHo8Q3Bgrn7GzciQKJKUitv9WCwqTzZKMVZZ,3492604976
2026-09-13,9055162,5H3pGapvFiu3zU9BpmxLCGfbEtD5nKMsqbcbq8TsoedRJuza,395621
2026-09-13,9055162,5GP7c3fFazW9GXK8Up3qgu2DJBk8inu4aK9TZy3RuoSWVCMi,13328809015
2026-09-13,9055162,5CAQAgXxoU3NPo1YG5VQKz4Ackh7goNx3TvPD9A6LoqA7FmJ,1798428749
2026-09-13,9055162,5CcD4RLFJxtRPVtc4FyZqjXMEfrQUNY5F3mW5hfS9rVQDcdb,29668996
2026-09-13,9055162,5HbScNssaEfioJHXjcXdpyqo1AKnYjymidGF8opcF9rTFZdT,28743756
2026-09-13,9055162,5DM7CPqPKtMSADhFKYsstsCS4Tm4Kd6PMXoh6DdqY4MtxmtX,7327626
2026-09-13,9055162,5HK1Ubcg6MBwDGW7Td4RtAvE1FNyvkHvXKfwymW9q1BCRJAK,244252902
2026-09-13,9055162,5F7dvCS7mdzJU4o9bAUx4LPgpF3XeMM1XEz9nVqVNga9r6LW,125535
2026-09-13,9055162,5GcAZ4SFfghRCYqhSTaeGqmgfosWfRRtSjp5T1YxpVuNHZCV,1211734
2026-09-13,9055162,5G3wMP3g3d775hauwmAZioYFVZYnvw6eY46wkFy8hEWD5KP3,114458516
2026-09-13,9055162,5FeKsRjZ6zYiX1VNwoDqHJKTToMbks1bstr9ah9VGaPX9DGg,8447
2026-09-13,9055162,5DXdHixxtCvoa6GHKs2Jgrdzc61882Ftx1zN2sYFQuwgL1S1,3382448527
2026-09-13,9055162,5EtUYRu7sFqs9obCrN6JSNTnAAcpk98oJ27YV2EF9gC4tvzs,52881718
2026-09-13,9055162,5DjtmV76CRvxZqd68fDwWyTmsfqUZ5EUXVJ21FKTBzwLT4Kd,107684
2026-09-13,9055162,5HT9U1J85fyNVudFAHuhYSGajRth8r3kYo7hTvkUXFEEDhQD,3541561
2026-09-13,9055162,5ELREhApbCahM7FyGLM1V9WDsnnjCRmMCJTmtQD51oAEqwVh,1451944
2026-09-13,9055162,5CoZxgtfhcJKX2HmkwnsN18KbaT9aih9eF3b6qVPTgAUbifj,211272775
2026-09-13,9055162,5HZ7yqdZhZdFpvqz6mrXeiMazszseDyusP6bLiLKEx4TKvif,107
2026-09-13,9055162,5DvDypN8BPG4ThSTes2YQ64PUSYMngoQYnzR1Dw1a67TdiFp,524618808
2026-09-13,9055162,5Fppap6WurosERSFvetmrDjK34XMRgP5PctTX6y7BJ2dMEjv,115322
2026-09-13,9055162,5CV93B17wmt9cfx6LyYmZN47jxTqDRbGHMgdUo2iHTU5fQF2,858
2026-09-13,9055162,5Ckaoft1B1CQ9zBV2FLVju4KPuMQzJVn7QUf3JeTvTq1uUes,982218732
2026-09-13,9055162,5DFZEJwgkg98h1kyngSEMYY1NnxXE9tkpLGCtQqf9XCtGBxf,41541086
2026-09-13,9055162,5GKH9FPPnWSUoeeTJp19wVtd84XqFW4pyK2ijV2GsFbhTrP1,3765382787
2026-09-13,9055162,5FsGZaVPH785MPRPQobkMuYkHmCKSkZkFp9aamjCbKdyRZQC,28802
2026-09-13,9055162,5H66JLTYFWaHDtBtScE4X9f5WDjrBS1iGeXeRykPuH3SMyNh,24
2026-09-13,9055162,5FtBncJvGhxjBs4aFn2pid6aur9tBUuo9QR7sHe5DkoRizzo,281352799
2026-09-13,9055162,5Deo9Q3SnZWNPSEPRTgapbyy6egKu2oaNSqD4RQHHJEuzD9Y,5323846
2026-09-13,9055162,5Fq5v71D4LX8Db1xsmRSy6udQThcZ8sFDqxQFwnUZ1BuqY5A,33313599
2026-09-14,9062362,5FFSag8NxXgHeEEFxp12EMoK93wLGR3MCehMTFw2LcWUA6fU,63680635
2026-09-14,9062362,5EqYdsxW1EYfb7PdJrazCYd1JuunqhABtHSWKh34jPbQoaUf,146826
2026-09-14,9062362,5GpDE9kN55cxaa5Ao6k7VQ6LCQVGBfr4Nexdpp51NwoB3fEz,41067750
2026-09-14,9062362,5HK5tp6t2S59DywmHRWPBVJeJ86T61KjurYqeooqj8sREpeN,23681301581
2026-09-14,9062362,5Ggasr6fQqKZXuovBTT44GvhuoFpxBsXGPY3AUtFr9mWxGTV,12400488
2026-09-14,9062362,5GztaLqpZxZeFSHCvArzBXS7PuybmerEN2Tcirgd95Hy2dQh,97
2026-09-14,9062362,5FyUNRQ26cvNwCPGobiNiabcVsRksczDE8mKxHvQSebNEBcD,12704799
2026-09-14,9062362,5G1NjW9YhXLadMWajvTkfcJy6up3yH2q1YzMXDTi6ijanChe,52591991
2026-09-14,9062362,5H9ABR2Z4hvFkZycn3DuUfWvRYUAQXXu46uHgLFaNZ1ZL9dd,8508191
2026-09-14,9062362,5EByfpgRHm7FDpJz9iLwU1khBes5tGGgRXyxno45uM4YJWs4,1423415
2026-09-14,9062362,5FFM6Nvvm78GqyMratgXXvjbqZPi7SHgSQ81nyS96jBuUWgt,4769848
2026-09-14,9062362,5CqRMuYSSqYkSa8AM3VawVfdyUhyBufyesvvgh3vCgaGb9Ed,54557860
2026-09-14,9062362,5E9vRSxypx39uaz747ZbwA2ey6gFGqFbxU6FuoaVd37KQs25,276126556
2026-09-14,9062362,5HK2LZRrvj581VjyxuFxb6ehFZoNi5PqAg3Y2HsmYPhGYYXr,33462622
2026-09-14,9062362,5GTWwu3NCbYmVFzwfrXa1sx8y4UNLR3padWfVZwjNnDmySXP,19087206822
2026-09-14,9062362,5CyQFykVpfa9xgZVGgBsiNUpjbo1EihBTSkPvDC1FZbL1wxG,22987601896
2026-09-14,9062362,5Ft5kRgKDFafWX8mHneYqi44z8J3PGDguVjYnEADxjVJPTih,364
2026-09-14,9062362,5DkFEQdEwE5ZcJbv2efF4F5nRTxuEdYhLHqd2EfdR3aLM7Fn,554030
2026-09-14,9062362,5DUuFhF41eCf5Yu9h17j9ogGkJhXYr8mkU8tFcUDkH16k2GU,88
2026-09-14,9062362,5G9mJMfD12NxF3oXuTrLuCQHyQeJfMkHKHbPncDnGbTn423v,8166275
2026-09-14,9062362,5DvTpiniW9s3APmHRYn8FroUWyfnLtrsid5Mtn5EwMXHN2ed,4169580
2026-09-14,9062362,5HRB5xi9W1yEdJGEWPsgtH71mPjAvN2Z9HxNvRMMcK5kXuW2,13688
2026-09-14,9062362,5G9hfkx9wGB1CLMT9WXkpHSAiYzjZb5o1Boyq4KAdDhjwrc5,763069960
2026-09-14,9062362,5CszMVts9ueMUSKdAwLFSLT7u4oyxN7fUBpo8Z3ETw1ggMUV,775460914
2026-09-14,9062362,5Hmh4DCoGNC7PMtL2aShJ9W3bY29jNWHSmS57qVP1bU51Ab8,93481
2026-09-14,9062362,5CsvRJXuR955WojnGMdok1hbhffZyB4N5ocrv82f3p5A2zVp,599557855
2026-09-14,9062362,5E2LP6EnZ54m3wS8s1yPvD5c3xo71kQroBw7aUVK32TKeZ5u,17821524327
2026-09-14,9062362,5GroGY3XJtrJipxnB9qZcig6rVw69kT8fEbGpxcqekty6gV7,136712
2026-09-14,9062362,5E4z3h9yVhmQyCFWNbY9BPpwhx4xFiPwq3eeqmBgVF6KULde,1423363240
2026-09-14,9062362,5HCEWVfmZYDeZRjnDAkjyuAQ4Qvewj6Vy8gxr1uRJVMYLKEy,215
2026-09-14,9062362,5FYwKoHYfiuy9m2yM4wbwM5pQyaEP38MBTTZS8RwNKRuQ8mi,1352825472
2026-09-14,9062362,5FFSBkNiymQWHaxc8dTmfTT7iHoz6YDexVG4xR2yLrffVR86,705101044
2026-09-14,9062362,5FLoWCDovMPeH3Gv4syQSZ8TuKcMv6N27g8diDU8zJSeRv8m,650507
2026-09-14,9062362,5CyQm9M2Jb2Lb5BVgZS9F5MYe97fMUkSVm56nQREqomL2568,33035
2026-09-14,9062362,5FBqnTwnCq6yeVeXTnVGHbiRR6zh6ZGbKVRBusu4zSCu4WUw,1778
2026-09-14,9062362,5FnGPRV7fQSWjHo8Q3Bgrn7GzciQKJKUitv9WCwqTzZKMVZZ,3516330324
2026-09-14,9062362,5H3pGapvFiu3zU9BpmxLCGfbEtD5nKMsqbcbq8TsoedRJuza,394472
2026-09-14,9062362,5GP7c3fFazW9GXK8Up3qgu2DJBk8inu4aK9TZy3RuoSWVCMi,13370871328
2026-09-14,9062362,5CAQAgXxoU3NPo1YG5VQKz4Ackh7goNx3TvPD9A6LoqA7FmJ,1800601774
2026-09-14,9062362,5CcD4RLFJxtRPVtc4FyZqjXMEfrQUNY5F3mW5hfS9rVQDcdb,29602778
2026-09-14,9062362,5HbScNssaEfioJHXjcXdpyqo1AKnYjymidGF8opcF9rTFZdT,28925097
2026-09-14,9062362,5DM7CPqPKtMSADhFKYsstsCS4Tm4Kd6PMXoh6DdqY4MtxmtX,7329675
2026-09-14,9062362,5HK1Ubcg6MBwDGW7Td4RtAvE1FNyvkHvXKfwymW9q1BCRJAK,244299402
2026-09-14,9062362,5F7dvCS7mdzJU4o9bAUx4LPgpF3XeMM1XEz9nVqVNga9r6LW,120856
2026-09-14,9062362,5GcAZ4SFfghRCYqhSTaeGqmgfosWfRRtSjp5T1YxpVuNHZCV,1404993
2026-09-14,9062362,5G3wMP3g3d775hauwmAZioYFVZYnvw6eY46wkFy8hEWD5KP3,114454138
2026-09-14,9062362,5FeKsRjZ6zYiX1VNwoDqHJKTToMbks1bstr9ah9VGaPX9DGg,8447
2026-09-14,9062362,5DXdHixxtCvoa6GHKs2Jgrdzc61882Ftx1zN2sYFQuwgL1S1,3385820593
2026-09-14,9062362,5EtUYRu7sFqs9obCrN6JSNTnAAcpk98oJ27YV2EF9gC4tvzs,52846443
2026-09-14,9062362,5DjtmV76CRvxZqd68fDwWyTmsfqUZ5EUXVJ21FKTBzwLT4Kd,107575
2026-09-14,9062362,5HT9U1J85fyNVudFAHuhYSGajRth8r3kYo7hTvkUXFEEDhQD,3540118
2026-09-14,9062362,5ELREhApbCahM7FyGLM1V9WDsnnjCRmMCJTmtQD51oAEqwVh,1451215
2026-09-14,9062362,5CoZxgtfhcJKX2HmkwnsN18KbaT9aih9eF3b6qVPTgAUbifj,211098310
2026-09-14,9062362,5HZ7yqdZhZdFpvqz6mrXeiMazszseDyusP6bLiLKEx4TKvif,107
2026-09-14,9062362,5DvDypN8BPG4ThSTes2YQ64PUSYMngoQYnzR1Dw1a67TdiFp,524132241
2026-09-14,9062362,5Fppap6WurosERSFvetmrDjK34XMRgP5PctTX6y7BJ2dMEjv,116932
2026-09-14,9062362,5CV93B17wmt9cfx6LyYmZN47jxTqDRbGHMgdUo2iHTU5fQF2,858
2026-09-14,9062362,5Ckaoft1B1CQ9zBV2FLVju4KPuMQzJVn7QUf3JeTvTq1uUes,585934414
2026-09-14,9062362,5DFZEJwgkg98h1kyngSEMYY1NnxXE9tkpLGCtQqf9XCtGBxf,41348606
2026-09-14,9062362,5GKH9FPPnWSUoeeTJp19wVtd84XqFW4pyK2ijV2GsFbhTrP1,3831111376
2026-09-14,9062362,5FsGZaVPH785MPRPQobkMuYkHmCKSkZkFp9aamjCbKdyRZQC,28831
2026-09-14,9062362,5H66JLTYFWaHDtBtScE4X9f5WDjrBS1iGeXeRykPuH3SMyNh,24
2026-09-14,9062362,5FtBncJvGhxjBs4aFn2pid6aur9tBUuo9QR7sHe5DkoRizzo,281501659
2026-09-14,9062362,5Deo9Q3SnZWNPSEPRTgapbyy6egKu2oaNSqD4RQHHJEuzD9Y,5349018
2026-09-14,9062362,5Fq5v71D4LX8Db1xsmRSy6udQThcZ8sFDqxQFwnUZ1BuqY5A,33363504
2026-09-15,9069562,5FFSag8NxXgHeEEFxp12EMoK93wLGR3MCehMTFw2LcWUA6fU,65162722
2026-09-15,9069562,5EqYdsxW1EYfb7PdJrazCYd1JuunqhABtHSWKh34jPbQoaUf,154247
2026-09-15,9069562,5GpDE9kN55cxaa5Ao6k7VQ6LCQVGBfr4Nexdpp51NwoB3fEz,40792948
2026-09-15,9069562,5HK5tp6t2S59DywmHRWPBVJeJ86T61KjurYqeooqj8sREpeN,23649787059
2026-09-15,9069562,5Ggasr6fQqKZXuovBTT44GvhuoFpxBsXGPY3AUtFr9mWxGTV,12355457
2026-09-15,9069562,5GztaLqpZxZeFSHCvArzBXS7PuybmerEN2Tcirgd95Hy2dQh,97
2026-09-15,9069562,5FyUNRQ26cvNwCPGobiNiabcVsRksczDE8mKxHvQSebNEBcD,12630188
2026-09-15,9069562,5G1NjW9YhXLadMWajvTkfcJy6up3yH2q1YzMXDTi6ijanChe,52296546
2026-09-15,9069562,5H9ABR2Z4hvFkZycn3DuUfWvRYUAQXXu46uHgLFaNZ1ZL9dd,8511933
2026-09-15,9069562,5EByfpgRHm7FDpJz9iLwU1khBes5tGGgRXyxno45uM4YJWs4,1421580
2026-09-15,9069562,5FFM6Nvvm78GqyMratgXXvjbqZPi7SHgSQ81nyS96jBuUWgt,4780512
2026-09-15,9069562,5CqRMuYSSqYkSa8AM3VawVfdyUhyBufyesvvgh3vCgaGb9Ed,55533467
2026-09-15,9069562,5E9vRSxypx39uaz747ZbwA2ey6gFGqFbxU6FuoaVd37KQs25,281970882
2026-09-15,9069562,5HK2LZRrvj581VjyxuFxb6ehFZoNi5PqAg3Y2HsmYPhGYYXr,34244736
2026-09-15,9069562,5GTWwu3NCbYmVFzwfrXa1sx8y4UNLR3padWfVZwjNnDmySXP,19599745687
2026-09-15,9069562,5CyQFykVpfa9xgZVGgBsiNUpjbo1EihBTSkPvDC1FZbL1wxG,22986721456
2026-09-15,9069562,5Ft5kRgKDFafWX8mHneYqi44z8J3PGDguVjYnEADxjVJPTih,364
2026-09-15,9069562,5DkFEQdEwE5ZcJbv2efF4F5nRTxuEdYhLHqd2EfdR3aLM7Fn,567093
2026-09-15,9069562,5DUuFhF41eCf5Yu9h17j9ogGkJhXYr8mkU8tFcUDkH16k2GU,88
2026-09-15,9069562,5G9mJMfD12NxF3oXuTrLuCQHyQeJfMkHKHbPncDnGbTn423v,8120885
2026-09-15,9069562,5DvTpiniW9s3APmHRYn8FroUWyfnLtrsid5Mtn5EwMXHN2ed,4170594
2026-09-15,9069562,5HRB5xi9W1yEdJGEWPsgtH71mPjAvN2Z9HxNvRMMcK5kXuW2,13640
2026-09-15,9069562,5G9hfkx9wGB1CLMT9WXkpHSAiYzjZb5o1Boyq4KAdDhjwrc5,760911677
2026-09-15,9069562,5CszMVts9ueMUSKdAwLFSLT7u4oyxN7fUBpo8Z3ETw1ggMUV,768823765
2026-09-15,9069562,5Hmh4DCoGNC7PMtL2aShJ9W3bY29jNWHSmS57qVP1bU51Ab8,94346
2026-09-15,9069562,5CsvRJXuR955WojnGMdok1hbhffZyB4N5ocrv82f3p5A2zVp,598333417
2026-09-15,9069562,5E2LP6EnZ54m3wS8s1yPvD5c3xo71kQroBw7aUVK32TKeZ5u,17983097298
2026-09-15,9069562,5GroGY3XJtrJipxnB9qZcig6rVw69kT8fEbGpxcqekty6gV7,135525
2026-09-15,9069562,5E4z3h9yVhmQyCFWNbY9BPpwhx4xFiPwq3eeqmBgVF6KULde,1587233129
2026-09-15,9069562,5HCEWVfmZYDeZRjnDAkjyuAQ4Qvewj6Vy8gxr1uRJVMYLKEy,215
2026-09-15,9069562,5FYwKoHYfiuy9m2yM4wbwM5pQyaEP38MBTTZS8RwNKRuQ8mi,1022992360
2026-09-15,9069562,5FFSBkNiymQWHaxc8dTmfTT7iHoz6YDexVG4xR2yLrffVR86,702438452
2026-09-15,9069562,5FLoWCDovMPeH3Gv4syQSZ8TuKcMv6N27g8diDU8zJSeRv8m,640552
2026-09-15,9069562,5CyQm9M2Jb2Lb5BVgZS9F5MYe97fMUkSVm56nQREqomL2568,32903
2026-09-15,9069562,5FBqnTwnCq6yeVeXTnVGHbiRR6zh6ZGbKVRBusu4zSCu4WUw,1779
2026-09-15,9069562,5FnGPRV7fQSWjHo8Q3Bgrn7GzciQKJKUitv9WCwqTzZKMVZZ,3472406424
2026-09-15,9069562,5H3pGapvFiu3zU9BpmxLCGfbEtD5nKMsqbcbq8TsoedRJuza,393867
2026-09-15,9069562,5GP7c3fFazW9GXK8Up3qgu2DJBk8inu4aK9TZy3RuoSWVCMi,13417078680
2026-09-15,9069562,5CAQAgXxoU3NPo1YG5VQKz4Ackh7goNx3TvPD9A6LoqA7FmJ,1541632309
2026-09-15,9069562,5CcD4RLFJxtRPVtc4FyZqjXMEfrQUNY5F3mW5hfS9rVQDcdb,29823193
2026-09-15,9069562,5HbScNssaEfioJHXjcXdpyqo1AKnYjymidGF8opcF9rTFZdT,28946963
2026-09-15,9069562,5DM7CPqPKtMSADhFKYsstsCS4Tm4Kd6PMXoh6DdqY4MtxmtX,7275634
2026-09-15,9069562,5HK1Ubcg6MBwDGW7Td4RtAvE1FNyvkHvXKfwymW9q1BCRJAK,246554083
2026-09-15,9069562,5F7dvCS7mdzJU4o9bAUx4LPgpF3XeMM1XEz9nVqVNga9r6LW,125839
2026-09-15,9069562,5GcAZ4SFfghRCYqhSTaeGqmgfosWfRRtSjp5T1YxpVuNHZCV,1590487
2026-09-15,9069562,5G3wMP3g3d775hauwmAZioYFVZYnvw6eY46wkFy8hEWD5KP3,113572664
2026-09-15,9069562,5FeKsRjZ6zYiX1VNwoDqHJKTToMbks1bstr9ah9VGaPX9DGg,8424
2026-09-15,9069562,5DXdHixxtCvoa6GHKs2Jgrdzc61882Ftx1zN2sYFQuwgL1S1,3404441884
2026-09-15,9069562,5EtUYRu7sFqs9obCrN6JSNTnAAcpk98oJ27YV2EF9gC4tvzs,52405841
2026-09-15,9069562,5DjtmV76CRvxZqd68fDwWyTmsfqUZ5EUXVJ21FKTBzwLT4Kd,106672
2026-09-15,9069562,5HT9U1J85fyNVudFAHuhYSGajRth8r3kYo7hTvkUXFEEDhQD,3509883
2026-09-15,9069562,5ELREhApbCahM7FyGLM1V9WDsnnjCRmMCJTmtQD51oAEqwVh,1435114
2026-09-15,9069562,5CoZxgtfhcJKX2HmkwnsN18KbaT9aih9eF3b6qVPTgAUbifj,209314628
2026-09-15,9069562,5HZ7yqdZhZdFpvqz6mrXeiMazszseDyusP6bLiLKEx4TKvif,107
2026-09-15,9069562,5DvDypN8BPG4ThSTes2YQ64PUSYMngoQYnzR1Dw1a67TdiFp,519644478
2026-09-15,9069562,5Fppap6WurosERSFvetmrDjK34XMRgP5PctTX6y7BJ2dMEjv,120713
2026-09-15,9069562,5CV93B17wmt9cfx6LyYmZN47jxTqDRbGHMgdUo2iHTU5fQF2,888
2026-09-15,9069562,5Ckaoft1B1CQ9zBV2FLVju4KPuMQzJVn7QUf3JeTvTq1uUes,562027611
2026-09-15,9069562,5DFZEJwgkg98h1kyngSEMYY1NnxXE9tkpLGCtQqf9XCtGBxf,39579396
2026-09-15,9069562,5GKH9FPPnWSUoeeTJp19wVtd84XqFW4pyK2ijV2GsFbhTrP1,3777019386
2026-09-15,9069562,5FsGZaVPH785MPRPQobkMuYkHmCKSkZkFp9aamjCbKdyRZQC,29517
2026-09-15,9069562,5H66JLTYFWaHDtBtScE4X9f5WDjrBS1iGeXeRykPuH3SMyNh,24
2026-09-15,9069562,5FtBncJvGhxjBs4aFn2pid6aur9tBUuo9QR7sHe5DkoRizzo,280794911
2026-09-15,9069562,5Deo9Q3SnZWNPSEPRTgapbyy6egKu2oaNSqD4RQHHJEuzD9Y,5148593
2026-09-15,9069562,5Fq5v71D4LX8Db1xsmRSy6udQThcZ8sFDqxQFwnUZ1BuqY5A,33157530
2026-09-16,9076762,5FFSag8NxXgHeEEFxp12EMoK93wLGR3MCehMTFw2LcWUA6fU,62966181
2026-09-16,9076762,5EqYdsxW1EYfb7PdJrazCYd1JuunqhABtHSWKh34jPbQoaUf,152851
2026-09-16,9076762,5GpDE9kN55cxaa5Ao6k7VQ6LCQVGBfr4Nexdpp51NwoB3fEz,40109021
2026-09-16,9076762,5HK5tp6t2S59DywmHRWPBVJeJ86T61KjurYqeooqj8sREpeN,23578054119
2026-09-16,9076762,5Ggasr6fQqKZXuovBTT44GvhuoFpxBsXGPY3AUtFr9mWxGTV,12368872
2026-09-16,9076762,5GztaLqpZxZeFSHCvArzBXS7PuybmerEN2Tcirgd95Hy2dQh,96
2026-09-16,9076762,5FyUNRQ26cvNwCPGobiNiabcVsRksczDE8mKxHvQSebNEBcD,12416234
2026-09-16,9076762,5G1NjW9YhXLadMWajvTkfcJy6up3yH2q1YzMXDTi6ijanChe,52244686
2026-09-16,9076762,5H9ABR2Z4hvFkZycn3DuUfWvRYUAQXXu46uHgLFaNZ1ZL9dd,8349142
2026-09-16,9076762,5EByfpgRHm7FDpJz9iLwU1khBes5tGGgRXyxno45uM4YJWs4,1454734
2026-09-16,9076762,5FFM6Nvvm78GqyMratgXXvjbqZPi7SHgSQ81nyS96jBuUWgt,4813250
2026-09-16,9076762,5CqRMuYSSqYkSa8AM3VawVfdyUhyBufyesvvgh3vCgaGb9Ed,55761263
2026-09-16,9076762,5E9vRSxypx39uaz747ZbwA2ey6gFGqFbxU6FuoaVd37KQs25,273267952
2026-09-16,9076762,5HK2LZRrvj581VjyxuFxb6ehFZoNi5PqAg3Y2HsmYPhGYYXr,33086252
2026-09-16,9076762,5GTWwu3NCbYmVFzwfrXa1sx8y4UNLR3padWfVZwjNnDmySXP,19440831553
2026-09-16,9076762,5CyQFykVpfa9xgZVGgBsiNUpjbo1EihBTSkPvDC1FZbL1wxG,22813987945
2026-09-16,9076762,5Ft5kRgKDFafWX8mHneYqi44z8J3PGDguVjYnEADxjVJPTih,362
2026-09-16,9076762,5DkFEQdEwE5ZcJbv2efF4F5nRTxuEdYhLHqd2EfdR3aLM7Fn,1140492
2026-09-16,9076762,5DUuFhF41eCf5Yu9h17j9ogGkJhXYr8mkU8tFcUDkH16k2GU,88
2026-09-16,9076762,5G9mJMfD12NxF3oXuTrLuCQHyQeJfMkHKHbPncDnGbTn423v,8211243
2026-09-16,9076762,5DvTpiniW9s3APmHRYn8FroUWyfnLtrsid5Mtn5EwMXHN2ed,4231574
2026-09-16,9076762,5HRB5xi9W1yEdJGEWPsgtH71mPjAvN2Z9HxNvRMMcK5kXuW2,13529
2026-09-16,9076762,5G9hfkx9wGB1CLMT9WXkpHSAiYzjZb5o1Boyq4KAdDhjwrc5,752370428
2026-09-16,9076762,5CszMVts9ueMUSKdAwLFSLT7u4oyxN7fUBpo8Z3ETw1ggMUV,765780132
2026-09-16,9076762,5Hmh4DCoGNC7PMtL2aShJ9W3bY29jNWHSmS57qVP1bU51Ab8,92862
2026-09-16,9076762,5CsvRJXuR955WojnGMdok1hbhffZyB4N5ocrv82f3p5A2zVp,592891900
2026-09-16,9076762,5E2LP6EnZ54m3wS8s1yPvD5c3xo71kQroBw7aUVK32TKeZ5u,18101247516
2026-09-16,9076762,5GroGY3XJtrJipxnB9qZcig6rVw69kT8fEbGpxcqekty6gV7,135015
2026-09-16,9076762,5E4z3h9yVhmQyCFWNbY9BPpwhx4xFiPwq3eeqmBgVF6KULde,1263200030
2026-09-16,9076762,5HCEWVfmZYDeZRjnDAkjyuAQ4Qvewj6Vy8gxr1uRJVMYLKEy,214
2026-09-16,9076762,5FYwKoHYfiuy9m2yM4wbwM5pQyaEP38MBTTZS8RwNKRuQ8mi,989172070
2026-09-16,9076762,5FFSBkNiymQWHaxc8dTmfTT7iHoz6YDexVG4xR2yLrffVR86,696573354
2026-09-16,9076762,5FLoWCDovMPeH3Gv4syQSZ8TuKcMv6N27g8diDU8zJSeRv8m,635883
2026-09-16,9076762,5CyQm9M2Jb2Lb5BVgZS9F5MYe97fMUkSVm56nQREqomL2568,32649
2026-09-16,9076762,5FBqnTwnCq6yeVeXTnVGHbiRR6zh6ZGbKVRBusu4zSCu4WUw,1771
2026-09-16,9076762,5FnGPRV7fQSWjHo8Q3Bgrn7GzciQKJKUitv9WCwqTzZKMVZZ,3505038923
2026-09-16,9076762,5H3pGapvFiu3zU9BpmxLCGfbEtD5nKMsqbcbq8TsoedRJuza,389354
2026-09-16,9076762,5GP7c3fFazW9GXK8Up3qgu2DJBk8inu4aK9TZy3RuoSWVCMi,13417620022
2026-09-16,9076762,5CAQAgXxoU3NPo1YG5VQKz4Ackh7goNx3TvPD9A6LoqA7FmJ,1494285949
2026-09-16,9076762,5CcD4RLFJxtRPVtc4FyZqjXMEfrQUNY5F3mW5hfS9rVQDcdb,29507697
2026-09-16,9076762,5HbScNssaEfioJHXjcXdpyqo1AKnYjymidGF8opcF9rTFZdT,28866891
2026-09-16,9076762,5DM7CPqPKtMSADhFKYsstsCS4Tm4Kd6PMXoh6DdqY4MtxmtX,7255510
2026-09-16,9076762,5HK1Ubcg6MBwDGW7Td4RtAvE1FNyvkHvXKfwymW9q1BCRJAK,240194610
2026-09-16,9076762,5F7dvCS7mdzJU4o9bAUx4LPgpF3XeMM1XEz9nVqVNga9r6LW,125391
2026-09-16,9076762,5GcAZ4SFfghRCYqhSTaeGqmgfosWfRRtSjp5T1YxpVuNHZCV,1782404
2026-09-16,9076762,5G3wMP3g3d775hauwmAZioYFVZYnvw6eY46wkFy8hEWD5KP3,113223222
2026-09-16,9076762,5FeKsRjZ6zYiX1VNwoDqHJKTToMbks1bstr9ah9VGaPX9DGg,8416
2026-09-16,9076762,5DXdHixxtCvoa6GHKs2Jgrdzc61882Ftx1zN2sYFQuwgL1S1,3559940930
2026-09-16,9076762,5EtUYRu7sFqs9obCrN6JSNTnAAcpk98oJ27YV2EF9gC4tvzs,52211886
2026-09-16,9076762,5DjtmV76CRvxZqd68fDwWyTmsfqUZ5EUXVJ21FKTBzwLT4Kd,106225
2026-09-16,9076762,5HT9U1J85fyNVudFAHuhYSGajRth8r3kYo7hTvkUXFEEDhQD,3497787
2026-09-16,9076762,5ELREhApbCahM7FyGLM1V9WDsnnjCRmMCJTmtQD51oAEqwVh,1428625
2026-09-16,9076762,5CoZxgtfhcJKX2HmkwnsN18KbaT9aih9eF3b6qVPTgAUbifj,208509703
2026-09-16,9076762,5HZ7yqdZhZdFpvqz6mrXeiMazszseDyusP6bLiLKEx4TKvif,107
2026-09-16,9076762,5DvDypN8BPG4ThSTes2YQ64PUSYMngoQYnzR1Dw1a67TdiFp,517585572
2026-09-16,9076762,5Fppap6WurosERSFvetmrDjK34XMRgP5PctTX6y7BJ2dMEjv,123098
2026-09-16,9076762,5CV93B17wmt9cfx6LyYmZN47jxTqDRbGHMgdUo2iHTU5fQF2,855
2026-09-16,9076762,5Ckaoft1B1CQ9zBV2FLVju4KPuMQzJVn7QUf3JeTvTq1uUes,555167773
2026-09-16,9076762,5DFZEJwgkg98h1kyngSEMYY1NnxXE9tkpLGCtQqf9XCtGBxf,39083256
2026-09-16,9076762,5GKH9FPPnWSUoeeTJp19wVtd84XqFW4pyK2ijV2GsFbhTrP1,3871631335
2026-09-16,9076762,5FsGZaVPH785MPRPQobkMuYkHmCKSkZkFp9aamjCbKdyRZQC,28535
2026-09-16,9076762,5H66JLTYFWaHDtBtScE4X9f5WDjrBS1iGeXeRykPuH3SMyNh,24
2026-09-16,9076762,5FtBncJvGhxjBs4aFn2pid6aur9tBUuo9QR7sHe5DkoRizzo,278109392
2026-09-16,9076762,5Deo9Q3SnZWNPSEPRTgapbyy6egKu2oaNSqD4RQHHJEuzD9Y,5158865
2026-09-16,9076762,5Fq5v71D4LX8Db1xsmRSy6udQThcZ8sFDqxQFwnUZ1BuqY5A,33106071
2026-09-17,9083962,5FFSag8NxXgHeEEFxp12EMoK93wLGR3MCehMTFw2LcWUA6fU,61398904
2026-09-17,9083962,5EqYdsxW1EYfb7PdJrazCYd1JuunqhABtHSWKh34jPbQoaUf,152807
2026-09-17,9083962,5GpDE9kN55cxaa5Ao6k7VQ6LCQVGBfr4Nexdpp51NwoB3fEz,40317180
2026-09-17,9083962,5HK5tp6t2S59DywmHRWPBVJeJ86T61KjurYqeooqj8sREpeN,23256131667
2026-09-17,9083962,5Ggasr6fQqKZXuovBTT44GvhuoFpxBsXGPY3AUtFr9mWxGTV,12304472
2026-09-17,9083962,5GztaLqpZxZeFSHCvArzBXS7PuybmerEN2Tcirgd95Hy2dQh,96
2026-09-17,9083962,5FyUNRQ26cvNwCPGobiNiabcVsRksczDE8mKxHvQSebNEBcD,12479925
2026-09-17,9083962,5G1NjW9YhXLadMWajvTkfcJy6up3yH2q1YzMXDTi6ijanChe,52093190
2026-09-17,9083962,5H9ABR2Z4hvFkZycn3DuUfWvRYUAQXXu46uHgLFaNZ1ZL9dd,8340026
2026-09-17,9083962,5EByfpgRHm7FDpJz9iLwU1khBes5tGGgRXyxno45uM4YJWs4,1485806
2026-09-17,9083962,5FFM6Nvvm78GqyMratgXXvjbqZPi7SHgSQ81nyS96jBuUWgt,4837527
2026-09-17,9083962,5CqRMuYSSqYkSa8AM3VawVfdyUhyBufyesvvgh3vCgaGb9Ed,53082421
2026-09-17,9083962,5E9vRSxypx39uaz747ZbwA2ey6gFGqFbxU6FuoaVd37KQs25,267051933
2026-09-17,9083962,5HK2LZRrvj581VjyxuFxb6ehFZoNi5PqAg3Y2HsmYPhGYYXr,32288965
2026-09-17,9083962,5GTWwu3NCbYmVFzwfrXa1sx8y4UNLR3padWfVZwjNnDmySXP,19384630313
2026-09-17,9083962,5CyQFykVpfa9xgZVGgBsiNUpjbo1EihBTSkPvDC1FZbL1wxG,22763187697
2026-09-17,9083962,5Ft5kRgKDFafWX8mHneYqi44z8J3PGDguVjYnEADxjVJPTih,338
2026-09-17,9083962,5DkFEQdEwE5ZcJbv2efF4F5nRTxuEdYhLHqd2EfdR3aLM7Fn,13128815
2026-09-17,9083962,5DUuFhF41eCf5Yu9h17j9ogGkJhXYr8mkU8tFcUDkH16k2GU,88
2026-09-17,9083962,5G9mJMfD12NxF3oXuTrLuCQHyQeJfMkHKHbPncDnGbTn423v,8287861
2026-09-17,9083962,5DvTpiniW9s3APmHRYn8FroUWyfnLtrsid5Mtn5EwMXHN2ed,4285746
2026-09-17,9083962,5HRB5xi9W1yEdJGEWPsgtH71mPjAvN2Z9HxNvRMMcK5kXuW2,13397
2026-09-17,9083962,5G9hfkx9wGB1CLMT9WXkpHSAiYzjZb5o1Boyq4KAdDhjwrc5,779370827
2026-09-17,9083962,5CszMVts9ueMUSKdAwLFSLT7u4oyxN7fUBpo8Z3ETw1ggMUV,749123242
2026-09-17,9083962,5Hmh4DCoGNC7PMtL2aShJ9W3bY29jNWHSmS57qVP1bU51Ab8,69629
2026-09-17,9083962,5CsvRJXuR955WojnGMdok1hbhffZyB4N5ocrv82f3p5A2zVp,591250590
2026-09-17,9083962,5E2LP6EnZ54m3wS8s1yPvD5c3xo71kQroBw7aUVK32TKeZ5u,18044153043
2026-09-17,9083962,5GroGY3XJtrJipxnB9qZcig6rVw69kT8fEbGpxcqekty6gV7,134185
2026-09-17,9083962,5E4z3h9yVhmQyCFWNbY9BPpwhx4xFiPwq3eeqmBgVF6KULde,1229437326
2026-09-17,9083962,5HCEWVfmZYDeZRjnDAkjyuAQ4Qvewj6Vy8gxr1uRJVMYLKEy,214
2026-09-17,9083962,5FYwKoHYfiuy9m2yM4wbwM5pQyaEP38MBTTZS8RwNKRuQ8mi,964152627
2026-09-17,9083962,5FFSBkNiymQWHaxc8dTmfTT7iHoz6YDexVG4xR2yLrffVR86,690165117
2026-09-17,9083962,5FLoWCDovMPeH3Gv4syQSZ8TuKcMv6N27g8diDU8zJSeRv8m,633898
2026-09-17,9083962,5CyQm9M2Jb2Lb5BVgZS9F5MYe97fMUkSVm56nQREqomL2568,32335
2026-09-17,9083962,5FBqnTwnCq6yeVeXTnVGHbiRR6zh6ZGbKVRBusu4zSCu4WUw,1718
2026-09-17,9083962,5FnGPRV7fQSWjHo8Q3Bgrn7GzciQKJKUitv9WCwqTzZKMVZZ,3419645417
2026-09-17,9083962,5H3pGapvFiu3zU9BpmxLCGfbEtD5nKMsqbcbq8TsoedRJuza,382346
2026-09-17,9083962,5GP7c3fFazW9GXK8Up3qgu2DJBk8inu4aK9TZy3RuoSWVCMi,13416839352
2026-09-17,9083962,5CAQAgXxoU3NPo1YG5VQKz4Ackh7goNx3TvPD9A6LoqA7FmJ,1557932949
2026-09-17,9083962,5CcD4RLFJxtRPVtc4FyZqjXMEfrQUNY5F3mW5hfS9rVQDcdb,29008083
2026-09-17,9083962,5HbScNssaEfioJHXjcXdpyqo1AKnYjymidGF8opcF9rTFZdT,28756065
2026-09-17,9083962,5DM7CPqPKtMSADhFKYsstsCS4Tm4Kd6PMXoh6DdqY4MtxmtX,7221331
2026-09-17,9083962,5HK1Ubcg6MBwDGW7Td4RtAvE1FNyvkHvXKfwymW9q1BCRJAK,234369713
2026-09-17,9083962,5F7dvCS7mdzJU4o9bAUx4LPgpF3XeMM1XEz9nVqVNga9r6LW,124299
2026-09-17,9083962,5GcAZ4SFfghRCYqhSTaeGqmgfosWfRRtSjp5T1YxpVuNHZCV,1975255
2026-09-17,9083962,5G3wMP3g3d775hauwmAZioYFVZYnvw6eY46wkFy8hEWD5KP3,112653203
2026-09-17,9083962,5FeKsRjZ6zYiX1VNwoDqHJKTToMbks1bstr9ah9VGaPX9DGg,8391
2026-09-17,9083962,5DXdHixxtCvoa6GHKs2Jgrdzc61882Ftx1zN2sYFQuwgL1S1,3584693363
2026-09-17,9083962,5EtUYRu7sFqs9obCrN6JSNTnAAcpk98oJ27YV2EF9gC4tvzs,51915592
2026-09-17,9083962,5DjtmV76CRvxZqd68fDwWyTmsfqUZ5EUXVJ21FKTBzwLT4Kd,134569
2026-09-17,9083962,5HT9U1J85fyNVudFAHuhYSGajRth8r3kYo7hTvkUXFEEDhQD,3477090
2026-09-17,9083962,5ELREhApbCahM7FyGLM1V9WDsnnjCRmMCJTmtQD51oAEqwVh,1430310
2026-09-17,9083962,5CoZxgtfhcJKX2HmkwnsN18KbaT9aih9eF3b6qVPTgAUbifj,207290992
2026-09-17,9083962,5HZ7yqdZhZdFpvqz6mrXeiMazszseDyusP6bLiLKEx4TKvif,107
2026-09-17,9083962,5DvDypN8BPG4ThSTes2YQ64PUSYMngoQYnzR1Dw1a67TdiFp,514509303
2026-09-17,9083962,5Fppap6WurosERSFvetmrDjK34XMRgP5PctTX6y7BJ2dMEjv,124655
2026-09-17,9083962,5CV93B17wmt9cfx6LyYmZN47jxTqDRbGHMgdUo2iHTU5fQF2,826
2026-09-17,9083962,5Ckaoft1B1CQ9zBV2FLVju4KPuMQzJVn7QUf3JeTvTq1uUes,825925536
2026-09-17,9083962,5DFZEJwgkg98h1kyngSEMYY1NnxXE9tkpLGCtQqf9XCtGBxf,37900134
2026-09-17,9083962,5GKH9FPPnWSUoeeTJp19wVtd84XqFW4pyK2ijV2GsFbhTrP1,4140261756
2026-09-17,9083962,5FsGZaVPH785MPRPQobkMuYkHmCKSkZkFp9aamjCbKdyRZQC,27842
2026-09-17,9083962,5H66JLTYFWaHDtBtScE4X9f5WDjrBS1iGeXeRykPuH3SMyNh,24
2026-09-17,9083962,5FtBncJvGhxjBs4aFn2pid6aur9tBUuo9QR7sHe5DkoRizzo,275842919
2026-09-17,9083962,5Deo9Q3SnZWNPSEPRTgapbyy6egKu2oaNSqD4RQHHJEuzD9Y,5018713
2026-09-17,9083962,5Fq5v71D4LX8Db1xsmRSy6udQThcZ8sFDqxQFwnUZ1BuqY5A,32991126
2026-09-18,9091162,5FFSag8NxXgHeEEFxp12EMoK93wLGR3MCehMTFw2LcWUA6fU,62252730
2026-09-18,9091162,5EqYdsxW1EYfb7PdJrazCYd1JuunqhABtHSWKh34jPbQoaUf,158762
2026-09-18,9091162,5GpDE9kN55cxaa5Ao6k7VQ6LCQVGBfr4Nexdpp51NwoB3fEz,69734212
2026-09-18,9091162,5HK5tp6t2S59DywmHRWPBVJeJ86T61KjurYqeooqj8sREpeN,23252954693
2026-09-18,9091162,5Ggasr6fQqKZXuovBTT44GvhuoFpxBsXGPY3AUtFr9mWxGTV,12464335
2026-09-18,9091162,5GztaLqpZxZeFSHCvArzBXS7PuybmerEN2Tcirgd95Hy2dQh,96
2026-09-18,9091162,5FyUNRQ26cvNwCPGobiNiabcVsRksczDE8mKxHvQSebNEBcD,12434340
2026-09-18,9091162,5G1NjW9YhXLadMWajvTkfcJy6up3yH2q1YzMXDTi6ijanChe,52230956
2026-09-18,9091162,5H9ABR2Z4hvFkZycn3DuUfWvRYUAQXXu46uHgLFaNZ1ZL9dd,8551158
2026-09-18,9091162,5EByfpgRHm7FDpJz9iLwU1khBes5tGGgRXyxno45uM4YJWs4,1502673
2026-09-18,9091162,5FFM6Nvvm78GqyMratgXXvjbqZPi7SHgSQ81nyS96jBuUWgt,4888341
2026-09-18,9091162,5CqRMuYSSqYkSa8AM3VawVfdyUhyBufyesvvgh3vCgaGb9Ed,54267443
2026-09-18,9091162,5E9vRSxypx39uaz747ZbwA2ey6gFGqFbxU6FuoaVd37KQs25,270412811
2026-09-18,9091162,5HK2LZRrvj581VjyxuFxb6ehFZoNi5PqAg3Y2HsmYPhGYYXr,33334957
2026-09-18,9091162,5GTWwu3NCbYmVFzwfrXa1sx8y4UNLR3padWfVZwjNnDmySXP,19395462618
2026-09-18,9091162,5CyQFykVpfa9xgZVGgBsiNUpjbo1EihBTSkPvDC1FZbL1wxG,22766792461
2026-09-18,9091162,5Ft5kRgKDFafWX8mHneYqi44z8J3PGDguVjYnEADxjVJPTih,338
2026-09-18,9091162,5DkFEQdEwE5ZcJbv2efF4F5nRTxuEdYhLHqd2EfdR3aLM7Fn,13226718
2026-09-18,9091162,5DUuFhF41eCf5Yu9h17j9ogGkJhXYr8mkU8tFcUDkH16k2GU,4487
2026-09-18,9091162,5G9mJMfD12NxF3oXuTrLuCQHyQeJfMkHKHbPncDnGbTn423v,8409652
2026-09-18,9091162,5DvTpiniW9s3APmHRYn8FroUWyfnLtrsid5Mtn5EwMXHN2ed,4363135
2026-09-18,9091162,5HRB5xi9W1yEdJGEWPsgtH71mPjAvN2Z9HxNvRMMcK5kXuW2,13352
2026-09-18,9091162,5G9hfkx9wGB1CLMT9WXkpHSAiYzjZb5o1Boyq4KAdDhjwrc5,735694530
2026-09-18,9091162,5CszMVts9ueMUSKdAwLFSLT7u4oyxN7fUBpo8Z3ETw1ggMUV,748840517
2026-09-18,9091162,5Hmh4DCoGNC7PMtL2aShJ9W3bY29jNWHSmS57qVP1bU51Ab8,70714
2026-09-18,9091162,5CsvRJXuR955WojnGMdok1hbhffZyB4N5ocrv82f3p5A2zVp,590167232
2026-09-18,9091162,5E2LP6EnZ54m3wS8s1yPvD5c3xo71kQroBw7aUVK32TKeZ5u,17900598215
2026-09-18,9091162,5GroGY3XJtrJipxnB9qZcig6rVw69kT8fEbGpxcqekty6gV7,139259
2026-09-18,9091162,5E4z3h9yVhmQyCFWNbY9BPpwhx4xFiPwq3eeqmBgVF6KULde,1208535423
2026-09-18,9091162,5HCEWVfmZYDeZRjnDAkjyuAQ4Qvewj6Vy8gxr1uRJVMYLKEy,214
2026-09-18,9091162,5FYwKoHYfiuy9m2yM4wbwM5pQyaEP38MBTTZS8RwNKRuQ8mi,978143941
2026-09-18,9091162,5FFSBkNiymQWHaxc8dTmfTT7iHoz6YDexVG4xR2yLrffVR86,687593436
2026-09-18,9091162,5FLoWCDovMPeH3Gv4syQSZ8TuKcMv6N27g8diDU8zJSeRv8m,621128
2026-09-18,9091162,5CyQm9M2Jb2Lb5BVgZS9F5MYe97fMUkSVm56nQREqomL2568,32209
2026-09-18,9091162,5FBqnTwnCq6yeVeXTnVGHbiRR6zh6ZGbKVRBusu4zSCu4WUw,1773
2026-09-18,9091162,5FnGPRV7fQSWjHo8Q3Bgrn7GzciQKJKUitv9WCwqTzZKMVZZ,3496038793
2026-09-18,9091162,5H3pGapvFiu3zU9BpmxLCGfbEtD5nKMsqbcbq8TsoedRJuza,389850
2026-09-18,9091162,5GP7c3fFazW9GXK8Up3qgu2DJBk8inu4aK9TZy3RuoSWVCMi,13401754697
2026-09-18,9091162,5CAQAgXxoU3NPo1YG5VQKz4Ackh7goNx3TvPD9A6LoqA7FmJ,1580999758
2026-09-18,9091162,5CcD4RLFJxtRPVtc4FyZqjXMEfrQUNY5F3mW5hfS9rVQDcdb,29587512
2026-09-18,9091162,5HbScNssaEfioJHXjcXdpyqo1AKnYjymidGF8opcF9rTFZdT,28802109
2026-09-18,9091162,5DM7CPqPKtMSADhFKYsstsCS4Tm4Kd6PMXoh6DdqY4MtxmtX,7227380
2026-09-18,9091162,5HK1Ubcg6MBwDGW7Td4RtAvE1FNyvkHvXKfwymW9q1BCRJAK,237820378
2026-09-18,9091162,5F7dvCS7mdzJU4o9bAUx4LPgpF3XeMM1XEz9nVqVNga9r6LW,129772
2026-09-18,9091162,5GcAZ4SFfghRCYqhSTaeGqmgfosWfRRtSjp5T1YxpVuNHZCV,2174924
2026-09-18,9091162,5G3wMP3g3d775hauwmAZioYFVZYnvw6eY46wkFy8hEWD5KP3,111921073
2026-09-18,9091162,5FeKsRjZ6zYiX1VNwoDqHJKTToMbks1bstr9ah9VGaPX9DGg,10070
2026-09-18,9091162,5DXdHixxtCvoa6GHKs2Jgrdzc61882Ftx1zN2sYFQuwgL1S1,3655112642
2026-09-18,9091162,5EtUYRu7sFqs9obCrN6JSNTnAAcpk98oJ27YV2EF9gC4tvzs,51907033
2026-09-18,9091162,5DjtmV76CRvxZqd68fDwWyTmsfqUZ5EUXVJ21FKTBzwLT4Kd,158626
2026-09-18,9091162,5HT9U1J85fyNVudFAHuhYSGajRth8r3kYo7hTvkUXFEEDhQD,3477500
2026-09-18,9091162,5ELREhApbCahM7FyGLM1V9WDsnnjCRmMCJTmtQD51oAEqwVh,32128124
2026-09-18,9091162,5CoZxgtfhcJKX2HmkwnsN18KbaT9aih9eF3b6qVPTgAUbifj,207236996
2026-09-18,9091162,5HZ7yqdZhZdFpvqz6mrXeiMazszseDyusP6bLiLKEx4TKvif,107
2026-09-18,9091162,5DvDypN8BPG4ThSTes2YQ64PUSYMngoQYnzR1Dw1a67TdiFp,514303616
2026-09-18,9091162,5Fppap6WurosERSFvetmrDjK34XMRgP5PctTX6y7BJ2dMEjv,130993
2026-09-18,9091162,5CV93B17wmt9cfx6LyYmZN47jxTqDRbGHMgdUo2iHTU5fQF2,856
2026-09-18,9091162,5Ckaoft1B1CQ9zBV2FLVju4KPuMQzJVn7QUf3JeTvTq1uUes,1002190632
2026-09-18,9091162,5DFZEJwgkg98h1kyngSEMYY1NnxXE9tkpLGCtQqf9XCtGBxf,38310404
2026-09-18,9091162,5GKH9FPPnWSUoeeTJp19wVtd84XqFW4pyK2ijV2GsFbhTrP1,3965806281
2026-09-18,9091162,5FsGZaVPH785MPRPQobkMuYkHmCKSkZkFp9aamjCbKdyRZQC,28262
2026-09-18,9091162,5H66JLTYFWaHDtBtScE4X9f5WDjrBS1iGeXeRykPuH3SMyNh,24
2026-09-18,9091162,5FtBncJvGhxjBs4aFn2pid6aur9tBUuo9QR7sHe5DkoRizzo,274962615
2026-09-18,9091162,5Deo9Q3SnZWNPSEPRTgapbyy6egKu2oaNSqD4RQHHJEuzD9Y,5210659
2026-09-18,9091162,5Fq5v71D4LX8Db1xsmRSy6udQThcZ8sFDqxQFwnUZ1BuqY5A,33059514
2026-09-19,9098362,5FFSag8NxXgHeEEFxp12EMoK93wLGR3MCehMTFw2LcWUA6fU,73429181
2026-09-19,9098362,5EqYdsxW1EYfb7PdJrazCYd1JuunqhABtHSWKh34jPbQoaUf,191805
2026-09-19,9098362,5GpDE9kN55cxaa5Ao6k7VQ6LCQVGBfr4Nexdpp51NwoB3fEz,82397312
2026-09-19,9098362,5HK5tp6t2S59DywmHRWPBVJeJ86T61KjurYqeooqj8sREpeN,27180748584
2026-09-19,9098362,5Ggasr6fQqKZXuovBTT44GvhuoFpxBsXGPY3AUtFr9mWxGTV,15076313
2026-09-19,9098362,5GztaLqpZxZeFSHCvArzBXS7PuybmerEN2Tcirgd95Hy2dQh,96
2026-09-19,9098362,5FyUNRQ26cvNwCPGobiNiabcVsRksczDE8mKxHvQSebNEBcD,14689893
2026-09-19,9098362,5G1NjW9YhXLadMWajvTkfcJy6up3yH2q1YzMXDTi6ijanChe,61643272
2026-09-19,9098362,5H9ABR2Z4hvFkZycn3DuUfWvRYUAQXXu46uHgLFaNZ1ZL9dd,2436452
2026-09-19,9098362,5EByfpgRHm7FDpJz9iLwU1khBes5tGGgRXyxno45uM4YJWs4,1814566
2026-09-19,9098362,5FFM6Nvvm78GqyMratgXXvjbqZPi7SHgSQ81nyS96jBuUWgt,5813707
2026-09-19,9098362,5CqRMuYSSqYkSa8AM3VawVfdyUhyBufyesvvgh3vCgaGb9Ed,63627736
2026-09-19,9098362,5E9vRSxypx39uaz747ZbwA2ey6gFGqFbxU6FuoaVd37KQs25,318971607
2026-09-19,9098362,5HK2LZRrvj581VjyxuFxb6ehFZoNi5PqAg3Y2HsmYPhGYYXr,39905273
2026-09-19,9098362,5GTWwu3NCbYmVFzwfrXa1sx8y4UNLR3padWfVZwjNnDmySXP,22879343322
2026-09-19,9098362,5CyQFykVpfa9xgZVGgBsiNUpjbo1EihBTSkPvDC1FZbL1wxG,9130604729
2026-09-19,9098362,5DkFEQdEwE5ZcJbv2efF4F5nRTxuEdYhLHqd2EfdR3aLM7Fn,8419852
2026-09-19,9098362,5DUuFhF41eCf5Yu9h17j9ogGkJhXYr8mkU8tFcUDkH16k2GU,19455
2026-09-19,9098362,5G9mJMfD12NxF3oXuTrLuCQHyQeJfMkHKHbPncDnGbTn423v,10041837
2026-09-19,9098362,5DvTpiniW9s3APmHRYn8FroUWyfnLtrsid5Mtn5EwMXHN2ed,5226592
2026-09-19,9098362,5HRB5xi9W1yEdJGEWPsgtH71mPjAvN2Z9HxNvRMMcK5kXuW2,15635
2026-09-19,9098362,5G9hfkx9wGB1CLMT9WXkpHSAiYzjZb5o1Boyq4KAdDhjwrc5,902178742
2026-09-19,9098362,5CszMVts9ueMUSKdAwLFSLT7u4oyxN7fUBpo8Z3ETw1ggMUV,798635763
2026-09-19,9098362,5Hmh4DCoGNC7PMtL2aShJ9W3bY29jNWHSmS57qVP1bU51Ab8,83689
2026-09-19,9098362,5CsvRJXuR955WojnGMdok1hbhffZyB4N5ocrv82f3p5A2zVp,693004260
2026-09-19,9098362,5E2LP6EnZ54m3wS8s1yPvD5c3xo71kQroBw7aUVK32TKeZ5u,21120374871
2026-09-19,9098362,5GroGY3XJtrJipxnB9qZcig6rVw69kT8fEbGpxcqekty6gV7,184369
2026-09-19,9098362,5E4z3h9yVhmQyCFWNbY9BPpwhx4xFiPwq3eeqmBgVF6KULde,1751617971
2026-09-19,9098362,5HCEWVfmZYDeZRjnDAkjyuAQ4Qvewj6Vy8gxr1uRJVMYLKEy,241
2026-09-19,9098362,5FYwKoHYfiuy9m2yM4wbwM5pQyaEP38MBTTZS8RwNKRuQ8mi,1061922235
2026-09-19,9098362,5FFSBkNiymQWHaxc8dTmfTT7iHoz6YDexVG4xR2yLrffVR86,808912767
2026-09-19,9098362,5FLoWCDovMPeH3Gv4syQSZ8TuKcMv6N27g8diDU8zJSeRv8m,732871
2026-09-19,9098362,5CyQm9M2Jb2Lb5BVgZS9F5MYe97fMUkSVm56nQREqomL2568,37888
2026-09-19,9098362,5FBqnTwnCq6yeVeXTnVGHbiRR6zh6ZGbKVRBusu4zSCu4WUw,2014
2026-09-19,9098362,5FnGPRV7fQSWjHo8Q3Bgrn7GzciQKJKUitv9WCwqTzZKMVZZ,4092280234
2026-09-19,9098362,5H3pGapvFiu3zU9BpmxLCGfbEtD5nKMsqbcbq8TsoedRJuza,443962
2026-09-19,9098362,5GP7c3fFazW9GXK8Up3qgu2DJBk8inu4aK9TZy3RuoSWVCMi,15631838595
2026-09-19,9098362,5CAQAgXxoU3NPo1YG5VQKz4Ackh7goNx3TvPD9A6LoqA7FmJ,1866544842
2026-09-19,9098362,5CcD4RLFJxtRPVtc4FyZqjXMEfrQUNY5F3mW5hfS9rVQDcdb,33783455
2026-09-19,9098362,5HbScNssaEfioJHXjcXdpyqo1AKnYjymidGF8opcF9rTFZdT,33895169
2026-09-19,9098362,5EAdPk767CtE8HhjhjAUNtLzd8vNm9Nm6fq9h3PGSL2VpYDc,48
2026-09-19,9098362,5DM7CPqPKtMSADhFKYsstsCS4Tm4Kd6PMXoh6DdqY4MtxmtX,8515502
2026-09-19,9098362,5HK1Ubcg6MBwDGW7Td4RtAvE1FNyvkHvXKfwymW9q1BCRJAK,280793442
2026-09-19,9098362,5F7dvCS7mdzJU4o9bAUx4LPgpF3XeMM1XEz9nVqVNga9r6LW,157510
2026-09-19,9098362,5GcAZ4SFfghRCYqhSTaeGqmgfosWfRRtSjp5T1YxpVuNHZCV,2795475
2026-09-19,9098362,5G3wMP3g3d775hauwmAZioYFVZYnvw6eY46wkFy8hEWD5KP3,132356280
2026-09-19,9098362,5FeKsRjZ6zYiX1VNwoDqHJKTToMbks1bstr9ah9VGaPX9DGg,11877
2026-09-19,9098362,5DXdHixxtCvoa6GHKs2Jgrdzc61882Ftx1zN2sYFQuwgL1S1,4196231847
2026-09-19,9098362,5EtUYRu7sFqs9obCrN6JSNTnAAcpk98oJ27YV2EF9gC4tvzs,61092554
2026-09-19,9098362,5DjtmV76CRvxZqd68fDwWyTmsfqUZ5EUXVJ21FKTBzwLT4Kd,195735
2026-09-19,9098362,5HT9U1J85fyNVudFAHuhYSGajRth8r3kYo7hTvkUXFEEDhQD,4093893
2026-09-19,9098362,5ELREhApbCahM7FyGLM1V9WDsnnjCRmMCJTmtQD51oAEqwVh,91322718
2026-09-19,9098362,5CoZxgtfhcJKX2HmkwnsN18KbaT9aih9eF3b6qVPTgAUbifj,243878345
2026-09-19,9098362,5HZ7yqdZhZdFpvqz6mrXeiMazszseDyusP6bLiLKEx4TKvif,107
2026-09-19,9098362,5DvDypN8BPG4ThSTes2YQ64PUSYMngoQYnzR1Dw1a67TdiFp,605152825
2026-09-19,9098362,5Fppap6WurosERSFvetmrDjK34XMRgP5PctTX6y7BJ2dMEjv,153340
2026-09-19,9098362,5CV93B17wmt9cfx6LyYmZN47jxTqDRbGHMgdUo2iHTU5fQF2,1003
2026-09-19,9098362,5Ckaoft1B1CQ9zBV2FLVju4KPuMQzJVn7QUf3JeTvTq1uUes,1210795152
2026-09-19,9098362,5DFZEJwgkg98h1kyngSEMYY1NnxXE9tkpLGCtQqf9XCtGBxf,48538277
2026-09-19,9098362,5GKH9FPPnWSUoeeTJp19wVtd84XqFW4pyK2ijV2GsFbhTrP1,3936236587
2026-09-19,9098362,5FsGZaVPH785MPRPQobkMuYkHmCKSkZkFp9aamjCbKdyRZQC,33340
2026-09-19,9098362,5H66JLTYFWaHDtBtScE4X9f5WDjrBS1iGeXeRykPuH3SMyNh,24
2026-09-19,9098362,5FtBncJvGhxjBs4aFn2pid6aur9tBUuo9QR7sHe5DkoRizzo,323108866
2026-09-19,9098362,5Deo9Q3SnZWNPSEPRTgapbyy6egKu2oaNSqD4RQHHJEuzD9Y,6311438
2026-09-19,9098362,5Fq5v71D4LX8Db1xsmRSy6udQThcZ8sFDqxQFwnUZ1BuqY5A,38994992
2026-09-20,9105562,5FFSag8NxXgHeEEFxp12EMoK93wLGR3MCehMTFw2LcWUA6fU,65204223
2026-09-20,9105562,5EqYdsxW1EYfb7PdJrazCYd1JuunqhABtHSWKh34jPbQoaUf,174655
2026-09-20,9105562,5GpDE9kN55cxaa5Ao6k7VQ6LCQVGBfr4Nexdpp51NwoB3fEz,72861504
2026-09-20,9105562,5HK5tp6t2S59DywmHRWPBVJeJ86T61KjurYqeooqj8sREpeN,24038589803
2026-09-20,9105562,5Ggasr6fQqKZXuovBTT44GvhuoFpxBsXGPY3AUtFr9mWxGTV,13805435
2026-09-20,9105562,5GztaLqpZxZeFSHCvArzBXS7PuybmerEN2Tcirgd95Hy2dQh,96
2026-09-20,9105562,5FyUNRQ26cvNwCPGobiNiabcVsRksczDE8mKxHvQSebNEBcD,12987545
2026-09-20,9105562,5G1NjW9YhXLadMWajvTkfcJy6up3yH2q1YzMXDTi6ijanChe,55357107
2026-09-20,9105562,5H9ABR2Z4hvFkZycn3DuUfWvRYUAQXXu46uHgLFaNZ1ZL9dd,2237989
2026-09-20,9105562,5EByfpgRHm7FDpJz9iLwU1khBes5tGGgRXyxno45uM4YJWs4,1666159
2026-09-20,9105562,5FFM6Nvvm78GqyMratgXXvjbqZPi7SHgSQ81nyS96jBuUWgt,2460907
2026-09-20,9105562,5CqRMuYSSqYkSa8AM3VawVfdyUhyBufyesvvgh3vCgaGb9Ed,56631852
2026-09-20,9105562,5E9vRSxypx39uaz747ZbwA2ey6gFGqFbxU6FuoaVd37KQs25,283439791
2026-09-20,9105562,5HK2LZRrvj581VjyxuFxb6ehFZoNi5PqAg3Y2HsmYPhGYYXr,35501158
2026-09-20,9105562,5GTWwu3NCbYmVFzwfrXa1sx8y4UNLR3padWfVZwjNnDmySXP,19666476696
2026-09-20,9105562,5CyQFykVpfa9xgZVGgBsiNUpjbo1EihBTSkPvDC1FZbL1wxG,21685035107
2026-09-20,9105562,5DkFEQdEwE5ZcJbv2efF4F5nRTxuEdYhLHqd2EfdR3aLM7Fn,1031955
2026-09-20,9105562,5DUuFhF41eCf5Yu9h17j9ogGkJhXYr8mkU8tFcUDkH16k2GU,29255
2026-09-20,9105562,5G9mJMfD12NxF3oXuTrLuCQHyQeJfMkHKHbPncDnGbTn423v,9121940
2026-09-20,9105562,5DvTpiniW9s3APmHRYn8FroUWyfnLtrsid5Mtn5EwMXHN2ed,4762484
2026-09-20,9105562,5HRB5xi9W1yEdJGEWPsgtH71mPjAvN2Z9HxNvRMMcK5kXuW2,13781
2026-09-20,9105562,5G9hfkx9wGB1CLMT9WXkpHSAiYzjZb5o1Boyq4KAdDhjwrc5,805195650
2026-09-20,9105562,5CszMVts9ueMUSKdAwLFSLT7u4oyxN7fUBpo8Z3ETw1ggMUV,719026248
2026-09-20,9105562,5Hmh4DCoGNC7PMtL2aShJ9W3bY29jNWHSmS57qVP1bU51Ab8,75478
2026-09-20,9105562,5CsvRJXuR955WojnGMdok1hbhffZyB4N5ocrv82f3p5A2zVp,615612300
2026-09-20,9105562,5E2LP6EnZ54m3wS8s1yPvD5c3xo71kQroBw7aUVK32TKeZ5u,18252422854
2026-09-20,9105562,5GroGY3XJtrJipxnB9qZcig6rVw69kT8fEbGpxcqekty6gV7,184593
2026-09-20,9105562,5E4z3h9yVhmQyCFWNbY9BPpwhx4xFiPwq3eeqmBgVF6KULde,998274803
2026-09-20,9105562,5HCEWVfmZYDeZRjnDAkjyuAQ4Qvewj6Vy8gxr1uRJVMYLKEy,214
2026-09-20,9105562,5FYwKoHYfiuy9m2yM4wbwM5pQyaEP38MBTTZS8RwNKRuQ8mi,942533498
2026-09-20,9105562,5FFSBkNiymQWHaxc8dTmfTT7iHoz6YDexVG4xR2yLrffVR86,719587394
2026-09-20,9105562,5FLoWCDovMPeH3Gv4syQSZ8TuKcMv6N27g8diDU8zJSeRv8m,663859
2026-09-20,9105562,5CyQm9M2Jb2Lb5BVgZS9F5MYe97fMUkSVm56nQREqomL2568,33721
2026-09-20,9105562,5FBqnTwnCq6yeVeXTnVGHbiRR6zh6ZGbKVRBusu4zSCu4WUw,1826
2026-09-20,9105562,5FnGPRV7fQSWjHo8Q3Bgrn7GzciQKJKUitv9WCwqTzZKMVZZ,3642306231
2026-09-20,9105562,5H3pGapvFiu3zU9BpmxLCGfbEtD5nKMsqbcbq8TsoedRJuza,402930
2026-09-20,9105562,5GP7c3fFazW9GXK8Up3qgu2DJBk8inu4aK9TZy3RuoSWVCMi,13929044815
2026-09-20,9105562,5CAQAgXxoU3NPo1YG5VQKz4Ackh7goNx3TvPD9A6LoqA7FmJ,1658991889
2026-09-20,9105562,5CcD4RLFJxtRPVtc4FyZqjXMEfrQUNY5F3mW5hfS9rVQDcdb,30561998
2026-09-20,9105562,5HbScNssaEfioJHXjcXdpyqo1AKnYjymidGF8opcF9rTFZdT,30028388
2026-09-20,9105562,5EAdPk767CtE8HhjhjAUNtLzd8vNm9Nm6fq9h3PGSL2VpYDc,2439
2026-09-20,9105562,5DM7CPqPKtMSADhFKYsstsCS4Tm4Kd6PMXoh6DdqY4MtxmtX,7633480
2026-09-20,9105562,5HK1Ubcg6MBwDGW7Td4RtAvE1FNyvkHvXKfwymW9q1BCRJAK,196747755
2026-09-20,9105562,5F7dvCS7mdzJU4o9bAUx4LPgpF3XeMM1XEz9nVqVNga9r6LW,142170
2026-09-20,9105562,5GcAZ4SFfghRCYqhSTaeGqmgfosWfRRtSjp5T1YxpVuNHZCV,2716420
2026-09-20,9105562,5G3wMP3g3d775hauwmAZioYFVZYnvw6eY46wkFy8hEWD5KP3,118793403
2026-09-20,9105562,5FeKsRjZ6zYiX1VNwoDqHJKTToMbks1bstr9ah9VGaPX9DGg,10680
2026-09-20,9105562,5DXdHixxtCvoa6GHKs2Jgrdzc61882Ftx1zN2sYFQuwgL1S1,3707270042
2026-09-20,9105562,5EtUYRu7sFqs9obCrN6JSNTnAAcpk98oJ27YV2EF9gC4tvzs,54712308
2026-09-20,9105562,5DjtmV76CRvxZqd68fDwWyTmsfqUZ5EUXVJ21FKTBzwLT4Kd,183737
2026-09-20,9105562,5HT9U1J85fyNVudFAHuhYSGajRth8r3kYo7hTvkUXFEEDhQD,3664663
2026-09-20,9105562,5ELREhApbCahM7FyGLM1V9WDsnnjCRmMCJTmtQD51oAEqwVh,82731132
2026-09-20,9105562,5CoZxgtfhcJKX2HmkwnsN18KbaT9aih9eF3b6qVPTgAUbifj,218380542
2026-09-20,9105562,5HZ7yqdZhZdFpvqz6mrXeiMazszseDyusP6bLiLKEx4TKvif,107
2026-09-20,9105562,5DvDypN8BPG4ThSTes2YQ64PUSYMngoQYnzR1Dw1a67TdiFp,541807833
2026-09-20,9105562,5Fppap6WurosERSFvetmrDjK34XMRgP5PctTX6y7BJ2dMEjv,141286
2026-09-20,9105562,5Ckaoft1B1CQ9zBV2FLVju4KPuMQzJVn7QUf3JeTvTq1uUes,982408553
2026-09-20,9105562,5DFZEJwgkg98h1kyngSEMYY1NnxXE9tkpLGCtQqf9XCtGBxf,43022237
2026-09-20,9105562,5GKH9FPPnWSUoeeTJp19wVtd84XqFW4pyK2ijV2GsFbhTrP1,3151846931
2026-09-20,9105562,5FsGZaVPH785MPRPQobkMuYkHmCKSkZkFp9aamjCbKdyRZQC,29631
2026-09-20,9105562,5H66JLTYFWaHDtBtScE4X9f5WDjrBS1iGeXeRykPuH3SMyNh,24
2026-09-20,9105562,5FtBncJvGhxjBs4aFn2pid6aur9tBUuo9QR7sHe5DkoRizzo,287563084
2026-09-20,9105562,5Deo9Q3SnZWNPSEPRTgapbyy6egKu2oaNSqD4RQHHJEuzD9Y,5794921
2026-09-20,9105562,5Fq5v71D4LX8Db1xsmRSy6udQThcZ8sFDqxQFwnUZ1BuqY5A,34998769
2026-09-21,9112402,5FFSag8NxXgHeEEFxp12EMoK93wLGR3MCehMTFw2LcWUA6fU,64529661
2026-09-21,9112402,5EqYdsxW1EYfb7PdJrazCYd1JuunqhABtHSWKh34jPbQoaUf,175425
2026-09-21,9112402,5GpDE9kN55cxaa5Ao6k7VQ6LCQVGBfr4Nexdpp51NwoB3fEz,72447362
2026-09-21,9112402,5HK5tp6t2S59DywmHRWPBVJeJ86T61KjurYqeooqj8sREpeN,23620311897
2026-09-21,9112402,5Ggasr6fQqKZXuovBTT44GvhuoFpxBsXGPY3AUtFr9mWxGTV,13901211
2026-09-21,9112402,5GztaLqpZxZeFSHCvArzBXS7PuybmerEN2Tcirgd95Hy2dQh,96
2026-09-21,9112402,5FyUNRQ26cvNwCPGobiNiabcVsRksczDE8mKxHvQSebNEBcD,12911699
2026-09-21,9112402,5G1NjW9YhXLadMWajvTkfcJy6up3yH2q1YzMXDTi6ijanChe,54561758
2026-09-21,9112402,5H9ABR2Z4hvFkZycn3DuUfWvRYUAQXXu46uHgLFaNZ1ZL9dd,2094429
2026-09-21,9112402,5EByfpgRHm7FDpJz9iLwU1khBes5tGGgRXyxno45uM4YJWs4,1674487
2026-09-21,9112402,5FFM6Nvvm78GqyMratgXXvjbqZPi7SHgSQ81nyS96jBuUWgt,2470247
2026-09-21,9112402,5CqRMuYSSqYkSa8AM3VawVfdyUhyBufyesvvgh3vCgaGb9Ed,56373531
2026-09-21,9112402,5E9vRSxypx39uaz747ZbwA2ey6gFGqFbxU6FuoaVd37KQs25,280735667
2026-09-21,9112402,5HK2LZRrvj581VjyxuFxb6ehFZoNi5PqAg3Y2HsmYPhGYYXr,35030932
2026-09-21,9112402,5GTWwu3NCbYmVFzwfrXa1sx8y4UNLR3padWfVZwjNnDmySXP,19429987063
2026-09-21,9112402,5CyQFykVpfa9xgZVGgBsiNUpjbo1EihBTSkPvDC1FZbL1wxG,23399393094
2026-09-21,9112402,5DkFEQdEwE5ZcJbv2efF4F5nRTxuEdYhLHqd2EfdR3aLM7Fn,1183901
2026-09-21,9112402,5DUuFhF41eCf5Yu9h17j9ogGkJhXYr8mkU8tFcUDkH16k2GU,41629
2026-09-21,9112402,5G9mJMfD12NxF3oXuTrLuCQHyQeJfMkHKHbPncDnGbTn423v,9087287
2026-09-21,9112402,5DvTpiniW9s3APmHRYn8FroUWyfnLtrsid5Mtn5EwMXHN2ed,4757824
2026-09-21,9112402,5HRB5xi9W1yEdJGEWPsgtH71mPjAvN2Z9HxNvRMMcK5kXuW2,13755
2026-09-21,9112402,5G9hfkx9wGB1CLMT9WXkpHSAiYzjZb5o1Boyq4KAdDhjwrc5,759303023
2026-09-21,9112402,5CszMVts9ueMUSKdAwLFSLT7u4oyxN7fUBpo8Z3ETw1ggMUV,706731710
2026-09-21,9112402,5Hmh4DCoGNC7PMtL2aShJ9W3bY29jNWHSmS57qVP1bU51Ab8,75172
2026-09-21,9112402,5CsvRJXuR955WojnGMdok1hbhffZyB4N5ocrv82f3p5A2zVp,613402643
2026-09-21,9112402,5E2LP6EnZ54m3wS8s1yPvD5c3xo71kQroBw7aUVK32TKeZ5u,17772923952
2026-09-21,9112402,5GroGY3XJtrJipxnB9qZcig6rVw69kT8fEbGpxcqekty6gV7,197901
2026-09-21,9112402,5E4z3h9yVhmQyCFWNbY9BPpwhx4xFiPwq3eeqmBgVF6KULde,411068894
2026-09-21,9112402,5HCEWVfmZYDeZRjnDAkjyuAQ4Qvewj6Vy8gxr1uRJVMYLKEy,214
2026-09-21,9112402,5FYwKoHYfiuy9m2yM4wbwM5pQyaEP38MBTTZS8RwNKRuQ8mi,933293675
2026-09-21,9112402,5FFSBkNiymQWHaxc8dTmfTT7iHoz6YDexVG4xR2yLrffVR86,714658649
2026-09-21,9112402,5FLoWCDovMPeH3Gv4syQSZ8TuKcMv6N27g8diDU8zJSeRv8m,655268
2026-09-21,9112402,5CyQm9M2Jb2Lb5BVgZS9F5MYe97fMUkSVm56nQREqomL2568,33492
2026-09-21,9112402,5FBqnTwnCq6yeVeXTnVGHbiRR6zh6ZGbKVRBusu4zSCu4WUw,1826
2026-09-21,9112402,5FnGPRV7fQSWjHo8Q3Bgrn7GzciQKJKUitv9WCwqTzZKMVZZ,3625718873
2026-09-21,9112402,5H3pGapvFiu3zU9BpmxLCGfbEtD5nKMsqbcbq8TsoedRJuza,402327
2026-09-21,9112402,5GP7c3fFazW9GXK8Up3qgu2DJBk8inu4aK9TZy3RuoSWVCMi,13838513347
2026-09-21,9112402,5CAQAgXxoU3NPo1YG5VQKz4Ackh7goNx3TvPD9A6LoqA7FmJ,1643244255
2026-09-21,9112402,5CcD4RLFJxtRPVtc4FyZqjXMEfrQUNY5F3mW5hfS9rVQDcdb,30533825
2026-09-21,9112402,5HbScNssaEfioJHXjcXdpyqo1AKnYjymidGF8opcF9rTFZdT,30119857
2026-09-21,9112402,5EAdPk767CtE8HhjhjAUNtLzd8vNm9Nm6fq9h3PGSL2VpYDc,6983
2026-09-21,9112402,5DM7CPqPKtMSADhFKYsstsCS4Tm4Kd6PMXoh6DdqY4MtxmtX,7509526
2026-09-21,9112402,5HK1Ubcg6MBwDGW7Td4RtAvE1FNyvkHvXKfwymW9q1BCRJAK,194551058
2026-09-21,9112402,5F7dvCS7mdzJU4o9bAUx4LPgpF3XeMM1XEz9nVqVNga9r6LW,143064
2026-09-21,9112402,5GcAZ4SFfghRCYqhSTaeGqmgfosWfRRtSjp5T1YxpVuNHZCV,2867574
2026-09-21,9112402,5G3wMP3g3d775hauwmAZioYFVZYnvw6eY46wkFy8hEWD5KP3,117269130
2026-09-21,9112402,5FeKsRjZ6zYiX1VNwoDqHJKTToMbks1bstr9ah9VGaPX9DGg,10522
2026-09-21,9112402,5DXdHixxtCvoa6GHKs2Jgrdzc61882Ftx1zN2sYFQuwgL1S1,3690067674
2026-09-21,9112402,5EtUYRu7sFqs9obCrN6JSNTnAAcpk98oJ27YV2EF9gC4tvzs,53720043
2026-09-21,9112402,5DjtmV76CRvxZqd68fDwWyTmsfqUZ5EUXVJ21FKTBzwLT4Kd,187715
2026-09-21,9112402,5HT9U1J85fyNVudFAHuhYSGajRth8r3kYo7hTvkUXFEEDhQD,3603872
2026-09-21,9112402,5ELREhApbCahM7FyGLM1V9WDsnnjCRmMCJTmtQD51oAEqwVh,81664648
2026-09-21,9112402,5CoZxgtfhcJKX2HmkwnsN18KbaT9aih9eF3b6qVPTgAUbifj,214663042
2026-09-21,9112402,5DvDypN8BPG4ThSTes2YQ64PUSYMngoQYnzR1Dw1a67TdiFp,532511259
2026-09-21,9112402,5Fppap6WurosERSFvetmrDjK34XMRgP5PctTX6y7BJ2dMEjv,145584
2026-09-21,9112402,5Ckaoft1B1CQ9zBV2FLVju4KPuMQzJVn7QUf3JeTvTq1uUes,669304650
2026-09-21,9112402,5DFZEJwgkg98h1kyngSEMYY1NnxXE9tkpLGCtQqf9XCtGBxf,44149866
2026-09-21,9112402,5GKH9FPPnWSUoeeTJp19wVtd84XqFW4pyK2ijV2GsFbhTrP1,3495227337
2026-09-21,9112402,5FsGZaVPH785MPRPQobkMuYkHmCKSkZkFp9aamjCbKdyRZQC,29338
2026-09-21,9112402,5H66JLTYFWaHDtBtScE4X9f5WDjrBS1iGeXeRykPuH3SMyNh,24
2026-09-21,9112402,5FtBncJvGhxjBs4aFn2pid6aur9tBUuo9QR7sHe5DkoRizzo,285769414
2026-09-21,9112402,5Deo9Q3SnZWNPSEPRTgapbyy6egKu2oaNSqD4RQHHJEuzD9Y,5936035
2026-09-21,9112402,5Fq5v71D4LX8Db1xsmRSy6udQThcZ8sFDqxQFwnUZ1BuqY5A,34477743
2026-09-22,9119602,5FFSag8NxXgHeEEFxp12EMoK93wLGR3MCehMTFw2LcWUA6fU,95100490
2026-09-22,9119602,5EqYdsxW1EYfb7PdJrazCYd1JuunqhABtHSWKh34jPbQoaUf,265036
2026-09-22,9119602,5GpDE9kN55cxaa5Ao6k7VQ6LCQVGBfr4Nexdpp51NwoB3fEz,72725408
2026-09-22,9119602,5HK5tp6t2S59DywmHRWPBVJeJ86T61KjurYqeooqj8sREpeN,26568669899
2026-09-22,9119602,5Ggasr6fQqKZXuovBTT44GvhuoFpxBsXGPY3AUtFr9mWxGTV,16389979
2026-09-22,9119602,5GztaLqpZxZeFSHCvArzBXS7PuybmerEN2Tcirgd95Hy2dQh,96
2026-09-22,9119602,5G1NjW9YhXLadMWajvTkfcJy6up3yH2q1YzMXDTi6ijanChe,62906304
2026-09-22,9119602,5H9ABR2Z4hvFkZycn3DuUfWvRYUAQXXu46uHgLFaNZ1ZL9dd,2053368
2026-09-22,9119602,5EByfpgRHm7FDpJz9iLwU1khBes5tGGgRXyxno45uM4YJWs4,1971429
2026-09-22,9119602,5FFM6Nvvm78GqyMratgXXvjbqZPi7SHgSQ81nyS96jBuUWgt,2901940
2026-09-22,9119602,5CqRMuYSSqYkSa8AM3VawVfdyUhyBufyesvvgh3vCgaGb9Ed,39662586
2026-09-22,9119602,5E9vRSxypx39uaz747ZbwA2ey6gFGqFbxU6FuoaVd37KQs25,401776300
2026-09-22,9119602,5HK2LZRrvj581VjyxuFxb6ehFZoNi5PqAg3Y2HsmYPhGYYXr,51721808
2026-09-22,9119602,5GTWwu3NCbYmVFzwfrXa1sx8y4UNLR3padWfVZwjNnDmySXP,13148772413
2026-09-22,9119602,5CyQFykVpfa9xgZVGgBsiNUpjbo1EihBTSkPvDC1FZbL1wxG,24773709962
2026-09-22,9119602,5DkFEQdEwE5ZcJbv2efF4F5nRTxuEdYhLHqd2EfdR3aLM7Fn,1413086
2026-09-22,9119602,5DUuFhF41eCf5Yu9h17j9ogGkJhXYr8mkU8tFcUDkH16k2GU,3544
2026-09-22,9119602,5G9mJMfD12NxF3oXuTrLuCQHyQeJfMkHKHbPncDnGbTn423v,10592370
2026-09-22,9119602,5DvTpiniW9s3APmHRYn8FroUWyfnLtrsid5Mtn5EwMXHN2ed,5562367
2026-09-22,9119602,5HRB5xi9W1yEdJGEWPsgtH71mPjAvN2Z9HxNvRMMcK5kXuW2,14351
2026-09-22,9119602,5G9hfkx9wGB1CLMT9WXkpHSAiYzjZb5o1Boyq4KAdDhjwrc5,930215000
2026-09-22,9119602,5CszMVts9ueMUSKdAwLFSLT7u4oyxN7fUBpo8Z3ETw1ggMUV,811726548
2026-09-22,9119602,5Hmh4DCoGNC7PMtL2aShJ9W3bY29jNWHSmS57qVP1bU51Ab8,78682
2026-09-22,9119602,5CsvRJXuR955WojnGMdok1hbhffZyB4N5ocrv82f3p5A2zVp,641540687
2026-09-22,9119602,5E2LP6EnZ54m3wS8s1yPvD5c3xo71kQroBw7aUVK32TKeZ5u,14260355760
2026-09-22,9119602,5GroGY3XJtrJipxnB9qZcig6rVw69kT8fEbGpxcqekty6gV7,250384
2026-09-22,9119602,5E4z3h9yVhmQyCFWNbY9BPpwhx4xFiPwq3eeqmBgVF6KULde,1249165737
2026-09-22,9119602,5HCEWVfmZYDeZRjnDAkjyuAQ4Qvewj6Vy8gxr1uRJVMYLKEy,322
2026-09-22,9119602,5FYwKoHYfiuy9m2yM4wbwM5pQyaEP38MBTTZS8RwNKRuQ8mi,1333896645
2026-09-22,9119602,5FFSBkNiymQWHaxc8dTmfTT7iHoz6YDexVG4xR2yLrffVR86,746998439
2026-09-22,9119602,5FLoWCDovMPeH3Gv4syQSZ8TuKcMv6N27g8diDU8zJSeRv8m,805282
2026-09-22,9119602,5CyQm9M2Jb2Lb5BVgZS9F5MYe97fMUkSVm56nQREqomL2568,34989
2026-09-22,9119602,5FBqnTwnCq6yeVeXTnVGHbiRR6zh6ZGbKVRBusu4zSCu4WUw,1585
2026-09-22,9119602,5FnGPRV7fQSWjHo8Q3Bgrn7GzciQKJKUitv9WCwqTzZKMVZZ,3591856917
2026-09-22,9119602,5H3pGapvFiu3zU9BpmxLCGfbEtD5nKMsqbcbq8TsoedRJuza,31596405
2026-09-22,9119602,5GP7c3fFazW9GXK8Up3qgu2DJBk8inu4aK9TZy3RuoSWVCMi,14475753530
2026-09-22,9119602,5CAQAgXxoU3NPo1YG5VQKz4Ackh7goNx3TvPD9A6LoqA7FmJ,224683597
2026-09-22,9119602,5CcD4RLFJxtRPVtc4FyZqjXMEfrQUNY5F3mW5hfS9rVQDcdb,493723
2026-09-22,9119602,5HbScNssaEfioJHXjcXdpyqo1AKnYjymidGF8opcF9rTFZdT,31591310
2026-09-22,9119602,5EAdPk767CtE8HhjhjAUNtLzd8vNm9Nm6fq9h3PGSL2VpYDc,10773
2026-09-22,9119602,5DM7CPqPKtMSADhFKYsstsCS4Tm4Kd6PMXoh6DdqY4MtxmtX,8642795
2026-09-22,9119602,5HK1Ubcg6MBwDGW7Td4RtAvE1FNyvkHvXKfwymW9q1BCRJAK,188029776
2026-09-22,9119602,5F7dvCS7mdzJU4o9bAUx4LPgpF3XeMM1XEz9nVqVNga9r6LW,214370
2026-09-22,9119602,5GcAZ4SFfghRCYqhSTaeGqmgfosWfRRtSjp5T1YxpVuNHZCV,3547320
2026-09-22,9119602,5G3wMP3g3d775hauwmAZioYFVZYnvw6eY46wkFy8hEWD5KP3,135239389
2026-09-22,9119602,5FeKsRjZ6zYiX1VNwoDqHJKTToMbks1bstr9ah9VGaPX9DGg,12147
2026-09-22,9119602,5DXdHixxtCvoa6GHKs2Jgrdzc61882Ftx1zN2sYFQuwgL1S1,3832212293
2026-09-22,9119602,5EtUYRu7sFqs9obCrN6JSNTnAAcpk98oJ27YV2EF9gC4tvzs,61767688
2026-09-22,9119602,5DjtmV76CRvxZqd68fDwWyTmsfqUZ5EUXVJ21FKTBzwLT4Kd,226373
2026-09-22,9119602,5HT9U1J85fyNVudFAHuhYSGajRth8r3kYo7hTvkUXFEEDhQD,4066359
2026-09-22,9119602,5ELREhApbCahM7FyGLM1V9WDsnnjCRmMCJTmtQD51oAEqwVh,99322039
2026-09-22,9119602,5CoZxgtfhcJKX2HmkwnsN18KbaT9aih9eF3b6qVPTgAUbifj,246791592
2026-09-22,9119602,5DvDypN8BPG4ThSTes2YQ64PUSYMngoQYnzR1Dw1a67TdiFp,612128295
2026-09-22,9119602,5Fppap6WurosERSFvetmrDjK34XMRgP5PctTX6y7BJ2dMEjv,126403
2026-09-22,9119602,5Ckaoft1B1CQ9zBV2FLVju4KPuMQzJVn7QUf3JeTvTq1uUes,691473886
2026-09-22,9119602,5DFZEJwgkg98h1kyngSEMYY1NnxXE9tkpLGCtQqf9XCtGBxf,45544862
2026-09-22,9119602,5GKH9FPPnWSUoeeTJp19wVtd84XqFW4pyK2ijV2GsFbhTrP1,6729103592
2026-09-22,9119602,5FsGZaVPH785MPRPQobkMuYkHmCKSkZkFp9aamjCbKdyRZQC,43242
2026-09-22,9119602,5H66JLTYFWaHDtBtScE4X9f5WDjrBS1iGeXeRykPuH3SMyNh,24
2026-09-22,9119602,5FtBncJvGhxjBs4aFn2pid6aur9tBUuo9QR7sHe5DkoRizzo,298949834
2026-09-22,9119602,5Deo9Q3SnZWNPSEPRTgapbyy6egKu2oaNSqD4RQHHJEuzD9Y,4191913
2026-09-22,9119602,5Fq5v71D4LX8Db1xsmRSy6udQThcZ8sFDqxQFwnUZ1BuqY5A,39728717
2026-09-23,9126802,5FFSag8NxXgHeEEFxp12EMoK93wLGR3MCehMTFw2LcWUA6fU,16271294
2026-09-23,9126802,5EqYdsxW1EYfb7PdJrazCYd1JuunqhABtHSWKh34jPbQoaUf,46150
2026-09-23,9126802,5GpDE9kN55cxaa5Ao6k7VQ6LCQVGBfr4Nexdpp51NwoB3fEz,77754133
2026-09-23,9126802,5HK5tp6t2S59DywmHRWPBVJeJ86T61KjurYqeooqj8sREpeN,26529783868
2026-09-23,9126802,5Ggasr6fQqKZXuovBTT44GvhuoFpxBsXGPY3AUtFr9mWxGTV,16278949
2026-09-23,9126802,5GztaLqpZxZeFSHCvArzBXS7PuybmerEN2Tcirgd95Hy2dQh,96
2026-09-23,9126802,5G1NjW9YhXLadMWajvTkfcJy6up3yH2q1YzMXDTi6ijanChe,62335571
2026-09-23,9126802,5H9ABR2Z4hvFkZycn3DuUfWvRYUAQXXu46uHgLFaNZ1ZL9dd,2252390
2026-09-23,9126802,5EByfpgRHm7FDpJz9iLwU1khBes5tGGgRXyxno45uM4YJWs4,1950147
2026-09-23,9126802,5FFM6Nvvm78GqyMratgXXvjbqZPi7SHgSQ81nyS96jBuUWgt,2930623
2026-09-23,9126802,5CqRMuYSSqYkSa8AM3VawVfdyUhyBufyesvvgh3vCgaGb9Ed,62015036
2026-09-23,9126802,5E9vRSxypx39uaz747ZbwA2ey6gFGqFbxU6FuoaVd37KQs25,96996339
2026-09-23,9126802,5HK2LZRrvj581VjyxuFxb6ehFZoNi5PqAg3Y2HsmYPhGYYXr,8858872
2026-09-23,9126802,5GTWwu3NCbYmVFzwfrXa1sx8y4UNLR3padWfVZwjNnDmySXP,12853100399
2026-09-23,9126802,5CyQFykVpfa9xgZVGgBsiNUpjbo1EihBTSkPvDC1FZbL1wxG,26715041544
2026-09-23,9126802,5DkFEQdEwE5ZcJbv2efF4F5nRTxuEdYhLHqd2EfdR3aLM7Fn,2685506
2026-09-23,9126802,5DUuFhF41eCf5Yu9h17j9ogGkJhXYr8mkU8tFcUDkH16k2GU,15215
2026-09-23,9126802,5G9mJMfD12NxF3oXuTrLuCQHyQeJfMkHKHbPncDnGbTn423v,10376882
2026-09-23,9126802,5DvTpiniW9s3APmHRYn8FroUWyfnLtrsid5Mtn5EwMXHN2ed,5579854
2026-09-23,9126802,5HRB5xi9W1yEdJGEWPsgtH71mPjAvN2Z9HxNvRMMcK5kXuW2,15539
2026-09-23,9126802,5G9hfkx9wGB1CLMT9WXkpHSAiYzjZb5o1Boyq4KAdDhjwrc5,1186116005
2026-09-23,9126802,5CszMVts9ueMUSKdAwLFSLT7u4oyxN7fUBpo8Z3ETw1ggMUV,828006155
2026-09-23,9126802,5Hmh4DCoGNC7PMtL2aShJ9W3bY29jNWHSmS57qVP1bU51Ab8,84330
2026-09-23,9126802,5CsvRJXuR955WojnGMdok1hbhffZyB4N5ocrv82f3p5A2zVp,685010608
2026-09-23,9126802,5E2LP6EnZ54m3wS8s1yPvD5c3xo71kQroBw7aUVK32TKeZ5u,15462760425
2026-09-23,9126802,5GroGY3XJtrJipxnB9qZcig6rVw69kT8fEbGpxcqekty6gV7,280990
2026-09-23,9126802,5E4z3h9yVhmQyCFWNbY9BPpwhx4xFiPwq3eeqmBgVF6KULde,201702772
2026-09-23,9126802,5HCEWVfmZYDeZRjnDAkjyuAQ4Qvewj6Vy8gxr1uRJVMYLKEy,53
2026-09-23,9126802,5FYwKoHYfiuy9m2yM4wbwM5pQyaEP38MBTTZS8RwNKRuQ8mi,228086484
2026-09-23,9126802,5FFSBkNiymQWHaxc8dTmfTT7iHoz6YDexVG4xR2yLrffVR86,833311196
2026-09-23,9126802,5FLoWCDovMPeH3Gv4syQSZ8TuKcMv6N27g8diDU8zJSeRv8m,732789
2026-09-23,9126802,5CyQm9M2Jb2Lb5BVgZS9F5MYe97fMUkSVm56nQREqomL2568,35963
2026-09-23,9126802,5FBqnTwnCq6yeVeXTnVGHbiRR6zh6ZGbKVRBusu4zSCu4WUw,1989
2026-09-23,9126802,5FnGPRV7fQSWjHo8Q3Bgrn7GzciQKJKUitv9WCwqTzZKMVZZ,4952318419
2026-09-23,9126802,5H3pGapvFiu3zU9BpmxLCGfbEtD5nKMsqbcbq8TsoedRJuza,40639299
2026-09-23,9126802,5GP7c3fFazW9GXK8Up3qgu2DJBk8inu4aK9TZy3RuoSWVCMi,15561294995
2026-09-23,9126802,5CAQAgXxoU3NPo1YG5VQKz4Ackh7goNx3TvPD9A6LoqA7FmJ,31592587
2026-09-23,9126802,5CcD4RLFJxtRPVtc4FyZqjXMEfrQUNY5F3mW5hfS9rVQDcdb,635037
2026-09-23,9126802,5HbScNssaEfioJHXjcXdpyqo1AKnYjymidGF8opcF9rTFZdT,34346489
2026-09-23,9126802,5EAdPk767CtE8HhjhjAUNtLzd8vNm9Nm6fq9h3PGSL2VpYDc,14229
2026-09-23,9126802,5DM7CPqPKtMSADhFKYsstsCS4Tm4Kd6PMXoh6DdqY4MtxmtX,8549281
2026-09-23,9126802,5HK1Ubcg6MBwDGW7Td4RtAvE1FNyvkHvXKfwymW9q1BCRJAK,27066218
2026-09-23,9126802,5F7dvCS7mdzJU4o9bAUx4LPgpF3XeMM1XEz9nVqVNga9r6LW,37411
2026-09-23,9126802,5GcAZ4SFfghRCYqhSTaeGqmgfosWfRRtSjp5T1YxpVuNHZCV,3734185
2026-09-23,9126802,5G3wMP3g3d775hauwmAZioYFVZYnvw6eY46wkFy8hEWD5KP3,134263319
2026-09-23,9126802,5FeKsRjZ6zYiX1VNwoDqHJKTToMbks1bstr9ah9VGaPX9DGg,12045
2026-09-23,9126802,5DXdHixxtCvoa6GHKs2Jgrdzc61882Ftx1zN2sYFQuwgL1S1,4171677965
2026-09-23,9126802,5EtUYRu7sFqs9obCrN6JSNTnAAcpk98oJ27YV2EF9gC4tvzs,61035476
2026-09-23,9126802,5DjtmV76CRvxZqd68fDwWyTmsfqUZ5EUXVJ21FKTBzwLT4Kd,234725
2026-09-23,9126802,5HT9U1J85fyNVudFAHuhYSGajRth8r3kYo7hTvkUXFEEDhQD,4020746
2026-09-23,9126802,5ELREhApbCahM7FyGLM1V9WDsnnjCRmMCJTmtQD51oAEqwVh,90387743
2026-09-23,9126802,5CoZxgtfhcJKX2HmkwnsN18KbaT9aih9eF3b6qVPTgAUbifj,243835645
2026-09-23,9126802,5DvDypN8BPG4ThSTes2YQ64PUSYMngoQYnzR1Dw1a67TdiFp,604712715
2026-09-23,9126802,5Ckaoft1B1CQ9zBV2FLVju4KPuMQzJVn7QUf3JeTvTq1uUes,502313001
2026-09-23,9126802,5DFZEJwgkg98h1kyngSEMYY1NnxXE9tkpLGCtQqf9XCtGBxf,51197337
2026-09-23,9126802,5GKH9FPPnWSUoeeTJp19wVtd84XqFW4pyK2ijV2GsFbhTrP1,4145267604
2026-09-23,9126802,5H66JLTYFWaHDtBtScE4X9f5WDjrBS1iGeXeRykPuH3SMyNh,24
2026-09-23,9126802,5FtBncJvGhxjBs4aFn2pid6aur9tBUuo9QR7sHe5DkoRizzo,322392073
2026-09-23,9126802,5Deo9Q3SnZWNPSEPRTgapbyy6egKu2oaNSqD4RQHHJEuzD9Y,6976516
2026-09-23,9126802,5Fq5v71D4LX8Db1xsmRSy6udQThcZ8sFDqxQFwnUZ1BuqY5A,39345874
2026-09-24,9134002,5FFSag8NxXgHeEEFxp12EMoK93wLGR3MCehMTFw2LcWUA6fU,2248415
2026-09-24,9134002,5EqYdsxW1EYfb7PdJrazCYd1JuunqhABtHSWKh34jPbQoaUf,208120
2026-09-24,9134002,5GpDE9kN55cxaa5Ao6k7VQ6LCQVGBfr4Nexdpp51NwoB3fEz,43327875
2026-09-24,9134002,5HK5tp6t2S59DywmHRWPBVJeJ86T61KjurYqeooqj8sREpeN,25798644018
2026-09-24,9134002,5Ggasr6fQqKZXuovBTT44GvhuoFpxBsXGPY3AUtFr9mWxGTV,16169108
2026-09-24,9134002,5GztaLqpZxZeFSHCvArzBXS7PuybmerEN2Tcirgd95Hy2dQh,96
2026-09-24,9134002,5G1NjW9YhXLadMWajvTkfcJy6up3yH2q1YzMXDTi6ijanChe,60513617
2026-09-24,9134002,5H9ABR2Z4hvFkZycn3DuUfWvRYUAQXXu46uHgLFaNZ1ZL9dd,2293671
2026-09-24,9134002,5EByfpgRHm7FDpJz9iLwU1khBes5tGGgRXyxno45uM4YJWs4,1934223
2026-09-24,9134002,5FFM6Nvvm78GqyMratgXXvjbqZPi7SHgSQ81nyS96jBuUWgt,2898900
2026-09-24,9134002,5CqRMuYSSqYkSa8AM3VawVfdyUhyBufyesvvgh3vCgaGb9Ed,60654248
2026-09-24,9134002,5E9vRSxypx39uaz747ZbwA2ey6gFGqFbxU6FuoaVd37KQs25,41015772
2026-09-24,9134002,5HK2LZRrvj581VjyxuFxb6ehFZoNi5PqAg3Y2HsmYPhGYYXr,39383909
2026-09-24,9134002,5GTWwu3NCbYmVFzwfrXa1sx8y4UNLR3padWfVZwjNnDmySXP,12402213016
2026-09-24,9134002,5CyQFykVpfa9xgZVGgBsiNUpjbo1EihBTSkPvDC1FZbL1wxG,26546764750
2026-09-24,9134002,5DkFEQdEwE5ZcJbv2efF4F5nRTxuEdYhLHqd2EfdR3aLM7Fn,1901536
2026-09-24,9134002,5DUuFhF41eCf5Yu9h17j9ogGkJhXYr8mkU8tFcUDkH16k2GU,59579
2026-09-24,9134002,5G9mJMfD12NxF3oXuTrLuCQHyQeJfMkHKHbPncDnGbTn423v,10172105
2026-09-24,9134002,5DvTpiniW9s3APmHRYn8FroUWyfnLtrsid5Mtn5EwMXHN2ed,5490994
2026-09-24,9134002,5HRB5xi9W1yEdJGEWPsgtH71mPjAvN2Z9HxNvRMMcK5kXuW2,15383
2026-09-24,9134002,5G9hfkx9wGB1CLMT9WXkpHSAiYzjZb5o1Boyq4KAdDhjwrc5,1101911024
2026-09-24,9134002,5CszMVts9ueMUSKdAwLFSLT7u4oyxN7fUBpo8Z3ETw1ggMUV,794622261
2026-09-24,9134002,5Hmh4DCoGNC7PMtL2aShJ9W3bY29jNWHSmS57qVP1bU51Ab8,86635
2026-09-24,9134002,5CsvRJXuR955WojnGMdok1hbhffZyB4N5ocrv82f3p5A2zVp,679056712
2026-09-24,9134002,5E2LP6EnZ54m3wS8s1yPvD5c3xo71kQroBw7aUVK32TKeZ5u,15961321515
2026-09-24,9134002,5GroGY3XJtrJipxnB9qZcig6rVw69kT8fEbGpxcqekty6gV7,293848
2026-09-24,9134002,5E4z3h9yVhmQyCFWNbY9BPpwhx4xFiPwq3eeqmBgVF6KULde,133846977
2026-09-24,9134002,5FYwKoHYfiuy9m2yM4wbwM5pQyaEP38MBTTZS8RwNKRuQ8mi,31167479
2026-09-24,9134002,5FFSBkNiymQWHaxc8dTmfTT7iHoz6YDexVG4xR2yLrffVR86,861337716
2026-09-24,9134002,5FLoWCDovMPeH3Gv4syQSZ8TuKcMv6N27g8diDU8zJSeRv8m,718751
2026-09-24,9134002,5CyQm9M2Jb2Lb5BVgZS9F5MYe97fMUkSVm56nQREqomL2568,37199
2026-09-24,9134002,5FBqnTwnCq6yeVeXTnVGHbiRR6zh6ZGbKVRBusu4zSCu4WUw,1990
2026-09-24,9134002,5FnGPRV7fQSWjHo8Q3Bgrn7GzciQKJKUitv9WCwqTzZKMVZZ,5347892287
2026-09-24,9134002,5H3pGapvFiu3zU9BpmxLCGfbEtD5nKMsqbcbq8TsoedRJuza,40529687
2026-09-24,9134002,5GP7c3fFazW9GXK8Up3qgu2DJBk8inu4aK9TZy3RuoSWVCMi,15432494241
2026-09-24,9134002,5CAQAgXxoU3NPo1YG5VQKz4Ackh7goNx3TvPD9A6LoqA7FmJ,4311657
2026-09-24,9134002,5CcD4RLFJxtRPVtc4FyZqjXMEfrQUNY5F3mW5hfS9rVQDcdb,644353
2026-09-24,9134002,5HbScNssaEfioJHXjcXdpyqo1AKnYjymidGF8opcF9rTFZdT,34175405
2026-09-24,9134002,5EAdPk767CtE8HhjhjAUNtLzd8vNm9Nm6fq9h3PGSL2VpYDc,20579
2026-09-24,9134002,5DM7CPqPKtMSADhFKYsstsCS4Tm4Kd6PMXoh6DdqY4MtxmtX,8284176
2026-09-24,9134002,5HK1Ubcg6MBwDGW7Td4RtAvE1FNyvkHvXKfwymW9q1BCRJAK,119199421
2026-09-24,9134002,5F7dvCS7mdzJU4o9bAUx4LPgpF3XeMM1XEz9nVqVNga9r6LW,169350
2026-09-24,9134002,5GcAZ4SFfghRCYqhSTaeGqmgfosWfRRtSjp5T1YxpVuNHZCV,166238273
2026-09-24,9134002,5G3wMP3g3d775hauwmAZioYFVZYnvw6eY46wkFy8hEWD5KP3,130557991
2026-09-24,9134002,5FeKsRjZ6zYiX1VNwoDqHJKTToMbks1bstr9ah9VGaPX9DGg,11676
2026-09-24,9134002,5DXdHixxtCvoa6GHKs2Jgrdzc61882Ftx1zN2sYFQuwgL1S1,4163993347
2026-09-24,9134002,5EtUYRu7sFqs9obCrN6JSNTnAAcpk98oJ27YV2EF9gC4tvzs,59085359
2026-09-24,9134002,5DjtmV76CRvxZqd68fDwWyTmsfqUZ5EUXVJ21FKTBzwLT4Kd,237844
2026-09-24,9134002,5HT9U1J85fyNVudFAHuhYSGajRth8r3kYo7hTvkUXFEEDhQD,3920987
2026-09-24,9134002,5ELREhApbCahM7FyGLM1V9WDsnnjCRmMCJTmtQD51oAEqwVh,88660335
2026-09-24,9134002,5CoZxgtfhcJKX2HmkwnsN18KbaT9aih9eF3b6qVPTgAUbifj,236005235
2026-09-24,9134002,5DvDypN8BPG4ThSTes2YQ64PUSYMngoQYnzR1Dw1a67TdiFp,585212927
2026-09-24,9134002,5Ckaoft1B1CQ9zBV2FLVju4KPuMQzJVn7QUf3JeTvTq1uUes,422712724
2026-09-24,9134002,5DFZEJwgkg98h1kyngSEMYY1NnxXE9tkpLGCtQqf9XCtGBxf,39542937
2026-09-24,9134002,5GKH9FPPnWSUoeeTJp19wVtd84XqFW4pyK2ijV2GsFbhTrP1,5217802092
2026-09-24,9134002,5H66JLTYFWaHDtBtScE4X9f5WDjrBS1iGeXeRykPuH3SMyNh,24
2026-09-24,9134002,5FtBncJvGhxjBs4aFn2pid6aur9tBUuo9QR7sHe5DkoRizzo,319563149
2026-09-24,9134002,5Deo9Q3SnZWNPSEPRTgapbyy6egKu2oaNSqD4RQHHJEuzD9Y,6957826
2026-09-24,9134002,5Fq5v71D4LX8Db1xsmRSy6udQThcZ8sFDqxQFwnUZ1BuqY5A,38173909
2026-09-25,9141202,5FFSag8NxXgHeEEFxp12EMoK93wLGR3MCehMTFw2LcWUA6fU,168302
2026-09-25,9141202,5EqYdsxW1EYfb7PdJrazCYd1JuunqhABtHSWKh34jPbQoaUf,247799
2026-09-25,9141202,5GpDE9kN55cxaa5Ao6k7VQ6LCQVGBfr4Nexdpp51NwoB3fEz,50327055
2026-09-25,9141202,5HK5tp6t2S59DywmHRWPBVJeJ86T61KjurYqeooqj8sREpeN,30208755619
2026-09-25,9141202,5D4gEn5S422dTGR5NJJKZ93FNV6hDmfwDPfxFNgcoVnUkZ4f,24424765
2026-09-25,9141202,5Ggasr6fQqKZXuovBTT44GvhuoFpxBsXGPY3AUtFr9mWxGTV,19365129
2026-09-25,9141202,5GztaLqpZxZeFSHCvArzBXS7PuybmerEN2Tcirgd95Hy2dQh,121
2026-09-25,9141202,5G1NjW9YhXLadMWajvTkfcJy6up3yH2q1YzMXDTi6ijanChe,71048619
2026-09-25,9141202,5H9ABR2Z4hvFkZycn3DuUfWvRYUAQXXu46uHgLFaNZ1ZL9dd,2720553
2026-09-25,9141202,5EByfpgRHm7FDpJz9iLwU1khBes5tGGgRXyxno45uM4YJWs4,2299702
2026-09-25,9141202,5FFM6Nvvm78GqyMratgXXvjbqZPi7SHgSQ81nyS96jBuUWgt,3465796
2026-09-25,9141202,5CqRMuYSSqYkSa8AM3VawVfdyUhyBufyesvvgh3vCgaGb9Ed,64149379
2026-09-25,9141202,5E9vRSxypx39uaz747ZbwA2ey6gFGqFbxU6FuoaVd37KQs25,37924261
2026-09-25,9141202,5HK2LZRrvj581VjyxuFxb6ehFZoNi5PqAg3Y2HsmYPhGYYXr,46161018
2026-09-25,9141202,5GTWwu3NCbYmVFzwfrXa1sx8y4UNLR3padWfVZwjNnDmySXP,14874375975
2026-09-25,9141202,5CyQFykVpfa9xgZVGgBsiNUpjbo1EihBTSkPvDC1FZbL1wxG,13145566453
2026-09-25,9141202,5DkFEQdEwE5ZcJbv2efF4F5nRTxuEdYhLHqd2EfdR3aLM7Fn,2441386
2026-09-25,9141202,5DUuFhF41eCf5Yu9h17j9ogGkJhXYr8mkU8tFcUDkH16k2GU,84942
2026-09-25,9141202,5G9mJMfD12NxF3oXuTrLuCQHyQeJfMkHKHbPncDnGbTn423v,12056659
2026-09-25,9141202,5DvTpiniW9s3APmHRYn8FroUWyfnLtrsid5Mtn5EwMXHN2ed,6535924
2026-09-25,9141202,5HRB5xi9W1yEdJGEWPsgtH71mPjAvN2Z9HxNvRMMcK5kXuW2,17999
2026-09-25,9141202,5G9hfkx9wGB1CLMT9WXkpHSAiYzjZb5o1Boyq4KAdDhjwrc5,1303396907
2026-09-25,9141202,5CszMVts9ueMUSKdAwLFSLT7u4oyxN7fUBpo8Z3ETw1ggMUV,930162308
2026-09-25,9141202,5Hmh4DCoGNC7PMtL2aShJ9W3bY29jNWHSmS57qVP1bU51Ab8,100782
2026-09-25,9141202,5CsvRJXuR955WojnGMdok1hbhffZyB4N5ocrv82f3p5A2zVp,789024458
2026-09-25,9141202,5E2LP6EnZ54m3wS8s1yPvD5c3xo71kQroBw7aUVK32TKeZ5u,19386991721
2026-09-25,9141202,5GroGY3XJtrJipxnB9qZcig6rVw69kT8fEbGpxcqekty6gV7,368065
2026-09-25,9141202,5E4z3h9yVhmQyCFWNbY9BPpwhx4xFiPwq3eeqmBgVF6KULde,384041986
2026-09-25,9141202,5FYwKoHYfiuy9m2yM4wbwM5pQyaEP38MBTTZS8RwNKRuQ8mi,2333377
2026-09-25,9141202,5FFSBkNiymQWHaxc8dTmfTT7iHoz6YDexVG4xR2yLrffVR86,1005919125
2026-09-25,9141202,5FLoWCDovMPeH3Gv4syQSZ8TuKcMv6N27g8diDU8zJSeRv8m,839986
2026-09-25,9141202,5CyQm9M2Jb2Lb5BVgZS9F5MYe97fMUkSVm56nQREqomL2568,43427
2026-09-25,9141202,5FnGPRV7fQSWjHo8Q3Bgrn7GzciQKJKUitv9WCwqTzZKMVZZ,6401465720
2026-09-25,9141202,5H3pGapvFiu3zU9BpmxLCGfbEtD5nKMsqbcbq8TsoedRJuza,47702358
2026-09-25,9141202,5GP7c3fFazW9GXK8Up3qgu2DJBk8inu4aK9TZy3RuoSWVCMi,17956876668
2026-09-25,9141202,5CAQAgXxoU3NPo1YG5VQKz4Ackh7goNx3TvPD9A6LoqA7FmJ,322698
2026-09-25,9141202,5HbScNssaEfioJHXjcXdpyqo1AKnYjymidGF8opcF9rTFZdT,40184502
2026-09-25,9141202,5EAdPk767CtE8HhjhjAUNtLzd8vNm9Nm6fq9h3PGSL2VpYDc,28171
2026-09-25,9141202,5DM7CPqPKtMSADhFKYsstsCS4Tm4Kd6PMXoh6DdqY4MtxmtX,9628653
2026-09-25,9141202,5HK1Ubcg6MBwDGW7Td4RtAvE1FNyvkHvXKfwymW9q1BCRJAK,138974070
2026-09-25,9141202,5F7dvCS7mdzJU4o9bAUx4LPgpF3XeMM1XEz9nVqVNga9r6LW,202045
2026-09-25,9141202,5GcAZ4SFfghRCYqhSTaeGqmgfosWfRRtSjp5T1YxpVuNHZCV,190874153
2026-09-25,9141202,5G3wMP3g3d775hauwmAZioYFVZYnvw6eY46wkFy8hEWD5KP3,153582901
2026-09-25,9141202,5FeKsRjZ6zYiX1VNwoDqHJKTToMbks1bstr9ah9VGaPX9DGg,13730
2026-09-25,9141202,5DXdHixxtCvoa6GHKs2Jgrdzc61882Ftx1zN2sYFQuwgL1S1,4819798550
2026-09-25,9141202,5EtUYRu7sFqs9obCrN6JSNTnAAcpk98oJ27YV2EF9gC4tvzs,69176292
2026-09-25,9141202,5DjtmV76CRvxZqd68fDwWyTmsfqUZ5EUXVJ21FKTBzwLT4Kd,284127
2026-09-25,9141202,5HT9U1J85fyNVudFAHuhYSGajRth8r3kYo7hTvkUXFEEDhQD,4593460
2026-09-25,9141202,5ELREhApbCahM7FyGLM1V9WDsnnjCRmMCJTmtQD51oAEqwVh,103621069
2026-09-25,9141202,5CoZxgtfhcJKX2HmkwnsN18KbaT9aih9eF3b6qVPTgAUbifj,275041328
2026-09-25,9141202,5DvDypN8BPG4ThSTes2YQ64PUSYMngoQYnzR1Dw1a67TdiFp,684989387
2026-09-25,9141202,5Ckaoft1B1CQ9zBV2FLVju4KPuMQzJVn7QUf3JeTvTq1uUes,538193632
2026-09-25,9141202,5DFZEJwgkg98h1kyngSEMYY1NnxXE9tkpLGCtQqf9XCtGBxf,51477512
2026-09-25,9141202,5GKH9FPPnWSUoeeTJp19wVtd84XqFW4pyK2ijV2GsFbhTrP1,5162319474
2026-09-25,9141202,5H66JLTYFWaHDtBtScE4X9f5WDjrBS1iGeXeRykPuH3SMyNh,24
2026-09-25,9141202,5FtBncJvGhxjBs4aFn2pid6aur9tBUuo9QR7sHe5DkoRizzo,371530003
2026-09-25,9141202,5Deo9Q3SnZWNPSEPRTgapbyy6egKu2oaNSqD4RQHHJEuzD9Y,8382799
2026-09-25,9141202,5Fq5v71D4LX8Db1xsmRSy6udQThcZ8sFDqxQFwnUZ1BuqY5A,44794393
2026-09-26,9148402,5EqYdsxW1EYfb7PdJrazCYd1JuunqhABtHSWKh34jPbQoaUf,220248
2026-09-26,9148402,5GpDE9kN55cxaa5Ao6k7VQ6LCQVGBfr4Nexdpp51NwoB3fEz,43981884
2026-09-26,9148402,5HK5tp6t2S59DywmHRWPBVJeJ86T61KjurYqeooqj8sREpeN,26435506355
2026-09-26,9148402,5D4gEn5S422dTGR5NJJKZ93FNV6hDmfwDPfxFNgcoVnUkZ4f,21459667
2026-09-26,9148402,5Ggasr6fQqKZXuovBTT44GvhuoFpxBsXGPY3AUtFr9mWxGTV,17348349
2026-09-26,9148402,5GztaLqpZxZeFSHCvArzBXS7PuybmerEN2Tcirgd95Hy2dQh,96
2026-09-26,9148402,5G1NjW9YhXLadMWajvTkfcJy6up3yH2q1YzMXDTi6ijanChe,62333582
2026-09-26,9148402,5H9ABR2Z4hvFkZycn3DuUfWvRYUAQXXu46uHgLFaNZ1ZL9dd,2249234
2026-09-26,9148402,5EByfpgRHm7FDpJz9iLwU1khBes5tGGgRXyxno45uM4YJWs4,2058419
2026-09-26,9148402,5FFM6Nvvm78GqyMratgXXvjbqZPi7SHgSQ81nyS96jBuUWgt,3094173
2026-09-26,9148402,5CqRMuYSSqYkSa8AM3VawVfdyUhyBufyesvvgh3vCgaGb9Ed,56558882
2026-09-26,9148402,5E9vRSxypx39uaz747ZbwA2ey6gFGqFbxU6FuoaVd37KQs25,32516703
2026-09-26,9148402,5HK2LZRrvj581VjyxuFxb6ehFZoNi5PqAg3Y2HsmYPhGYYXr,40427179
2026-09-26,9148402,5GTWwu3NCbYmVFzwfrXa1sx8y4UNLR3padWfVZwjNnDmySXP,13020471144
2026-09-26,9148402,5CyQFykVpfa9xgZVGgBsiNUpjbo1EihBTSkPvDC1FZbL1wxG,23503769851
2026-09-26,9148402,5DkFEQdEwE5ZcJbv2efF4F5nRTxuEdYhLHqd2EfdR3aLM7Fn,2331865
2026-09-26,9148402,5DUuFhF41eCf5Yu9h17j9ogGkJhXYr8mkU8tFcUDkH16k2GU,85334
2026-09-26,9148402,5G9mJMfD12NxF3oXuTrLuCQHyQeJfMkHKHbPncDnGbTn423v,10675514
2026-09-26,9148402,5DvTpiniW9s3APmHRYn8FroUWyfnLtrsid5Mtn5EwMXHN2ed,5810659
2026-09-26,9148402,5HRB5xi9W1yEdJGEWPsgtH71mPjAvN2Z9HxNvRMMcK5kXuW2,15681
2026-09-26,9148402,5G9hfkx9wGB1CLMT9WXkpHSAiYzjZb5o1Boyq4KAdDhjwrc5,1008657694
2026-09-26,9148402,5CszMVts9ueMUSKdAwLFSLT7u4oyxN7fUBpo8Z3ETw1ggMUV,787215372
2026-09-26,9148402,5Hmh4DCoGNC7PMtL2aShJ9W3bY29jNWHSmS57qVP1bU51Ab8,88201
2026-09-26,9148402,5CsvRJXuR955WojnGMdok1hbhffZyB4N5ocrv82f3p5A2zVp,691282653
2026-09-26,9148402,5E2LP6EnZ54m3wS8s1yPvD5c3xo71kQroBw7aUVK32TKeZ5u,18191387917
2026-09-26,9148402,5GroGY3XJtrJipxnB9qZcig6rVw69kT8fEbGpxcqekty6gV7,344913
2026-09-26,9148402,5E4z3h9yVhmQyCFWNbY9BPpwhx4xFiPwq3eeqmBgVF6KULde,335582686
2026-09-26,9148402,5FFSBkNiymQWHaxc8dTmfTT7iHoz6YDexVG4xR2yLrffVR86,882184246
2026-09-26,9148402,5FLoWCDovMPeH3Gv4syQSZ8TuKcMv6N27g8diDU8zJSeRv8m,755104
2026-09-26,9148402,5CyQm9M2Jb2Lb5BVgZS9F5MYe97fMUkSVm56nQREqomL2568,38079
2026-09-26,9148402,5FnGPRV7fQSWjHo8Q3Bgrn7GzciQKJKUitv9WCwqTzZKMVZZ,5534746500
2026-09-26,9148402,5H3pGapvFiu3zU9BpmxLCGfbEtD5nKMsqbcbq8TsoedRJuza,41300150
2026-09-26,9148402,5GP7c3fFazW9GXK8Up3qgu2DJBk8inu4aK9TZy3RuoSWVCMi,15728960043
2026-09-26,9148402,5HbScNssaEfioJHXjcXdpyqo1AKnYjymidGF8opcF9rTFZdT,35236195
2026-09-26,9148402,5EAdPk767CtE8HhjhjAUNtLzd8vNm9Nm6fq9h3PGSL2VpYDc,31196
2026-09-26,9148402,5DM7CPqPKtMSADhFKYsstsCS4Tm4Kd6PMXoh6DdqY4MtxmtX,8432725
2026-09-26,9148402,5HK1Ubcg6MBwDGW7Td4RtAvE1FNyvkHvXKfwymW9q1BCRJAK,171944146
2026-09-26,9148402,5F7dvCS7mdzJU4o9bAUx4LPgpF3XeMM1XEz9nVqVNga9r6LW,180019
2026-09-26,9148402,5GcAZ4SFfghRCYqhSTaeGqmgfosWfRRtSjp5T1YxpVuNHZCV,167423312
2026-09-26,9148402,5G3wMP3g3d775hauwmAZioYFVZYnvw6eY46wkFy8hEWD5KP3,134997023
2026-09-26,9148402,5FeKsRjZ6zYiX1VNwoDqHJKTToMbks1bstr9ah9VGaPX9DGg,14870
2026-09-26,9148402,5DXdHixxtCvoa6GHKs2Jgrdzc61882Ftx1zN2sYFQuwgL1S1,4205918794
2026-09-26,9148402,5EtUYRu7sFqs9obCrN6JSNTnAAcpk98oJ27YV2EF9gC4tvzs,60525750
2026-09-26,9148402,5DjtmV76CRvxZqd68fDwWyTmsfqUZ5EUXVJ21FKTBzwLT4Kd,255323
2026-09-26,9148402,5HT9U1J85fyNVudFAHuhYSGajRth8r3kYo7hTvkUXFEEDhQD,4015883
2026-09-26,9148402,5ELREhApbCahM7FyGLM1V9WDsnnjCRmMCJTmtQD51oAEqwVh,1744727
2026-09-26,9148402,5CoZxgtfhcJKX2HmkwnsN18KbaT9aih9eF3b6qVPTgAUbifj,240609465
2026-09-26,9148402,5DvDypN8BPG4ThSTes2YQ64PUSYMngoQYnzR1Dw1a67TdiFp,599156678
2026-09-26,9148402,5Ckaoft1B1CQ9zBV2FLVju4KPuMQzJVn7QUf3JeTvTq1uUes,429015914
2026-09-26,9148402,5DFZEJwgkg98h1kyngSEMYY1NnxXE9tkpLGCtQqf9XCtGBxf,45652886
2026-09-26,9148402,5GKH9FPPnWSUoeeTJp19wVtd84XqFW4pyK2ijV2GsFbhTrP1,4761181332
2026-09-26,9148402,5H66JLTYFWaHDtBtScE4X9f5WDjrBS1iGeXeRykPuH3SMyNh,24
2026-09-26,9148402,5FtBncJvGhxjBs4aFn2pid6aur9tBUuo9QR7sHe5DkoRizzo,330550642
2026-09-26,9148402,5Deo9Q3SnZWNPSEPRTgapbyy6egKu2oaNSqD4RQHHJEuzD9Y,7538318
2026-09-26,9148402,5Fq5v71D4LX8Db1xsmRSy6udQThcZ8sFDqxQFwnUZ1BuqY5A,39278043
2026-09-27,9155602,5EqYdsxW1EYfb7PdJrazCYd1JuunqhABtHSWKh34jPbQoaUf,226772
2026-09-27,9155602,5GpDE9kN55cxaa5Ao6k7VQ6LCQVGBfr4Nexdpp51NwoB3fEz,43285440
2026-09-27,9155602,5HK5tp6t2S59DywmHRWPBVJeJ86T61KjurYqeooqj8sREpeN,26467879404
2026-09-27,9155602,5D4gEn5S422dTGR5NJJKZ93FNV6hDmfwDPfxFNgcoVnUkZ4f,21575941
2026-09-27,9155602,5Ggasr6fQqKZXuovBTT44GvhuoFpxBsXGPY3AUtFr9mWxGTV,17781077
2026-09-27,9155602,5GztaLqpZxZeFSHCvArzBXS7PuybmerEN2Tcirgd95Hy2dQh,96
2026-09-27,9155602,5G1NjW9YhXLadMWajvTkfcJy6up3yH2q1YzMXDTi6ijanChe,62581760
2026-09-27,9155602,5H9ABR2Z4hvFkZycn3DuUfWvRYUAQXXu46uHgLFaNZ1ZL9dd,2202084
2026-09-27,9155602,5EByfpgRHm7FDpJz9iLwU1khBes5tGGgRXyxno45uM4YJWs4,2107518
2026-09-27,9155602,5FFM6Nvvm78GqyMratgXXvjbqZPi7SHgSQ81nyS96jBuUWgt,3160125
2026-09-27,9155602,5CqRMuYSSqYkSa8AM3VawVfdyUhyBufyesvvgh3vCgaGb9Ed,55242206
2026-09-27,9155602,5E9vRSxypx39uaz747ZbwA2ey6gFGqFbxU6FuoaVd37KQs25,31941963
2026-09-27,9155602,5HK2LZRrvj581VjyxuFxb6ehFZoNi5PqAg3Y2HsmYPhGYYXr,40505389
2026-09-27,9155602,5GTWwu3NCbYmVFzwfrXa1sx8y4UNLR3padWfVZwjNnDmySXP,13033380139
2026-09-27,9155602,5CyQFykVpfa9xgZVGgBsiNUpjbo1EihBTSkPvDC1FZbL1wxG,26200347907
2026-09-27,9155602,5DkFEQdEwE5ZcJbv2efF4F5nRTxuEdYhLHqd2EfdR3aLM7Fn,2494340
2026-09-27,9155602,5DUuFhF41eCf5Yu9h17j9ogGkJhXYr8mkU8tFcUDkH16k2GU,95987
2026-09-27,9155602,5G9mJMfD12NxF3oXuTrLuCQHyQeJfMkHKHbPncDnGbTn423v,10815996
2026-09-27,9155602,5DvTpiniW9s3APmHRYn8FroUWyfnLtrsid5Mtn5EwMXHN2ed,5908085
2026-09-27,9155602,5HRB5xi9W1yEdJGEWPsgtH71mPjAvN2Z9HxNvRMMcK5kXuW2,15306
2026-09-27,9155602,5G9hfkx9wGB1CLMT9WXkpHSAiYzjZb5o1Boyq4KAdDhjwrc5,1024143102
2026-09-27,9155602,5CszMVts9ueMUSKdAwLFSLT7u4oyxN7fUBpo8Z3ETw1ggMUV,678473361
2026-09-27,9155602,5Hmh4DCoGNC7PMtL2aShJ9W3bY29jNWHSmS57qVP1bU51Ab8,89109
2026-09-27,9155602,5CsvRJXuR955WojnGMdok1hbhffZyB4N5ocrv82f3p5A2zVp,679208997
2026-09-27,9155602,5E2LP6EnZ54m3wS8s1yPvD5c3xo71kQroBw7aUVK32TKeZ5u,16334716228
2026-09-27,9155602,5GroGY3XJtrJipxnB9qZcig6rVw69kT8fEbGpxcqekty6gV7,364437
2026-09-27,9155602,5E4z3h9yVhmQyCFWNbY9BPpwhx4xFiPwq3eeqmBgVF6KULde,335979753
2026-09-27,9155602,5FFSBkNiymQWHaxc8dTmfTT7iHoz6YDexVG4xR2yLrffVR86,864052073
2026-09-27,9155602,5FLoWCDovMPeH3Gv4syQSZ8TuKcMv6N27g8diDU8zJSeRv8m,748773
2026-09-27,9155602,5CyQm9M2Jb2Lb5BVgZS9F5MYe97fMUkSVm56nQREqomL2568,37297
2026-09-27,9155602,5FnGPRV7fQSWjHo8Q3Bgrn7GzciQKJKUitv9WCwqTzZKMVZZ,5419121032
2026-09-27,9155602,5H3pGapvFiu3zU9BpmxLCGfbEtD5nKMsqbcbq8TsoedRJuza,40948757
2026-09-27,9155602,5GP7c3fFazW9GXK8Up3qgu2DJBk8inu4aK9TZy3RuoSWVCMi,15170136867
2026-09-27,9155602,5HbScNssaEfioJHXjcXdpyqo1AKnYjymidGF8opcF9rTFZdT,34562009
2026-09-27,9155602,5EAdPk767CtE8HhjhjAUNtLzd8vNm9Nm6fq9h3PGSL2VpYDc,34767
2026-09-27,9155602,5DM7CPqPKtMSADhFKYsstsCS4Tm4Kd6PMXoh6DdqY4MtxmtX,8451898
2026-09-27,9155602,5HK1Ubcg6MBwDGW7Td4RtAvE1FNyvkHvXKfwymW9q1BCRJAK,81203688
2026-09-27,9155602,5F7dvCS7mdzJU4o9bAUx4LPgpF3XeMM1XEz9nVqVNga9r6LW,183500
2026-09-27,9155602,5GcAZ4SFfghRCYqhSTaeGqmgfosWfRRtSjp5T1YxpVuNHZCV,167747201
2026-09-27,9155602,5G3wMP3g3d775hauwmAZioYFVZYnvw6eY46wkFy8hEWD5KP3,135773496
2026-09-27,9155602,5FeKsRjZ6zYiX1VNwoDqHJKTToMbks1bstr9ah9VGaPX9DGg,14925
2026-09-27,9155602,5DXdHixxtCvoa6GHKs2Jgrdzc61882Ftx1zN2sYFQuwgL1S1,4141529210
2026-09-27,9155602,5EtUYRu7sFqs9obCrN6JSNTnAAcpk98oJ27YV2EF9gC4tvzs,60600924
2026-09-27,9155602,5DjtmV76CRvxZqd68fDwWyTmsfqUZ5EUXVJ21FKTBzwLT4Kd,265228
2026-09-27,9155602,5HT9U1J85fyNVudFAHuhYSGajRth8r3kYo7hTvkUXFEEDhQD,4022978
2026-09-27,9155602,5ELREhApbCahM7FyGLM1V9WDsnnjCRmMCJTmtQD51oAEqwVh,1733354
2026-09-27,9155602,5CoZxgtfhcJKX2HmkwnsN18KbaT9aih9eF3b6qVPTgAUbifj,240867428
2026-09-27,9155602,5DvDypN8BPG4ThSTes2YQ64PUSYMngoQYnzR1Dw1a67TdiFp,599730765
2026-09-27,9155602,5Ckaoft1B1CQ9zBV2FLVju4KPuMQzJVn7QUf3JeTvTq1uUes,425908032
2026-09-27,9155602,5DFZEJwgkg98h1kyngSEMYY1NnxXE9tkpLGCtQqf9XCtGBxf,44689005
2026-09-27,9155602,5GKH9FPPnWSUoeeTJp19wVtd84XqFW4pyK2ijV2GsFbhTrP1,4326820886
2026-09-27,9155602,5H66JLTYFWaHDtBtScE4X9f5WDjrBS1iGeXeRykPuH3SMyNh,24
2026-09-27,9155602,5FtBncJvGhxjBs4aFn2pid6aur9tBUuo9QR7sHe5DkoRizzo,325153683
2026-09-27,9155602,5Deo9Q3SnZWNPSEPRTgapbyy6egKu2oaNSqD4RQHHJEuzD9Y,7752494
2026-09-27,9155602,5Fq5v71D4LX8Db1xsmRSy6udQThcZ8sFDqxQFwnUZ1BuqY5A,39412779
2026-09-28,9162802,5EqYdsxW1EYfb7PdJrazCYd1JuunqhABtHSWKh34jPbQoaUf,224393
2026-09-28,9162802,5GpDE9kN55cxaa5Ao6k7VQ6LCQVGBfr4Nexdpp51NwoB3fEz,42474349
2026-09-28,9162802,5HK5tp6t2S59DywmHRWPBVJeJ86T61KjurYqeooqj8sREpeN,25789976201
2026-09-28,9162802,5D4gEn5S422dTGR5NJJKZ93FNV6hDmfwDPfxFNgcoVnUkZ4f,21115665
2026-09-28,9162802,5Ggasr6fQqKZXuovBTT44GvhuoFpxBsXGPY3AUtFr9mWxGTV,17634101
2026-09-28,9162802,5GztaLqpZxZeFSHCvArzBXS7PuybmerEN2Tcirgd95Hy2dQh,96
2026-09-28,9162802,5G1NjW9YhXLadMWajvTkfcJy6up3yH2q1YzMXDTi6ijanChe,61160421
2026-09-28,9162802,5H9ABR2Z4hvFkZycn3DuUfWvRYUAQXXu46uHgLFaNZ1ZL9dd,2205028
2026-09-28,9162802,5EByfpgRHm7FDpJz9iLwU1khBes5tGGgRXyxno45uM4YJWs4,2099236
2026-09-28,9162802,5FFM6Nvvm78GqyMratgXXvjbqZPi7SHgSQ81nyS96jBuUWgt,3140272
2026-09-28,9162802,5CqRMuYSSqYkSa8AM3VawVfdyUhyBufyesvvgh3vCgaGb9Ed,55098865
2026-09-28,9162802,5E9vRSxypx39uaz747ZbwA2ey6gFGqFbxU6FuoaVd37KQs25,32311592
2026-09-28,9162802,5HK2LZRrvj581VjyxuFxb6ehFZoNi5PqAg3Y2HsmYPhGYYXr,39443406
2026-09-28,9162802,5GTWwu3NCbYmVFzwfrXa1sx8y4UNLR3padWfVZwjNnDmySXP,12699658038
2026-09-28,9162802,5CyQFykVpfa9xgZVGgBsiNUpjbo1EihBTSkPvDC1FZbL1wxG,26170818497
2026-09-28,9162802,5DkFEQdEwE5ZcJbv2efF4F5nRTxuEdYhLHqd2EfdR3aLM7Fn,2638495
2026-09-28,9162802,5DUuFhF41eCf5Yu9h17j9ogGkJhXYr8mkU8tFcUDkH16k2GU,74096
2026-09-28,9162802,5G9mJMfD12NxF3oXuTrLuCQHyQeJfMkHKHbPncDnGbTn423v,10665248
2026-09-28,9162802,5DvTpiniW9s3APmHRYn8FroUWyfnLtrsid5Mtn5EwMXHN2ed,5795751
2026-09-28,9162802,5HRB5xi9W1yEdJGEWPsgtH71mPjAvN2Z9HxNvRMMcK5kXuW2,15175
2026-09-28,9162802,5G9hfkx9wGB1CLMT9WXkpHSAiYzjZb5o1Boyq4KAdDhjwrc5,937724880
2026-09-28,9162802,5CszMVts9ueMUSKdAwLFSLT7u4oyxN7fUBpo8Z3ETw1ggMUV,661161922
2026-09-28,9162802,5Hmh4DCoGNC7PMtL2aShJ9W3bY29jNWHSmS57qVP1bU51Ab8,87551
2026-09-28,9162802,5CsvRJXuR955WojnGMdok1hbhffZyB4N5ocrv82f3p5A2zVp,668193503
2026-09-28,9162802,5E2LP6EnZ54m3wS8s1yPvD5c3xo71kQroBw7aUVK32TKeZ5u,17820445467
2026-09-28,9162802,5GroGY3XJtrJipxnB9qZcig6rVw69kT8fEbGpxcqekty6gV7,351707
2026-09-28,9162802,5E4z3h9yVhmQyCFWNbY9BPpwhx4xFiPwq3eeqmBgVF6KULde,595357086
2026-09-28,9162802,5FFSBkNiymQWHaxc8dTmfTT7iHoz6YDexVG4xR2yLrffVR86,850644098
2026-09-28,9162802,5FLoWCDovMPeH3Gv4syQSZ8TuKcMv6N27g8diDU8zJSeRv8m,714737
2026-09-28,9162802,5CyQm9M2Jb2Lb5BVgZS9F5MYe97fMUkSVm56nQREqomL2568,36721
2026-09-28,9162802,5FnGPRV7fQSWjHo8Q3Bgrn7GzciQKJKUitv9WCwqTzZKMVZZ,5181298254
2026-09-28,9162802,5H3pGapvFiu3zU9BpmxLCGfbEtD5nKMsqbcbq8TsoedRJuza,40292759
2026-09-28,9162802,5GP7c3fFazW9GXK8Up3qgu2DJBk8inu4aK9TZy3RuoSWVCMi,14529066545
2026-09-28,9162802,5HbScNssaEfioJHXjcXdpyqo1AKnYjymidGF8opcF9rTFZdT,34434836
2026-09-28,9162802,5EAdPk767CtE8HhjhjAUNtLzd8vNm9Nm6fq9h3PGSL2VpYDc,40392
2026-09-28,9162802,5DM7CPqPKtMSADhFKYsstsCS4Tm4Kd6PMXoh6DdqY4MtxmtX,8245540
2026-09-28,9162802,5HK1Ubcg6MBwDGW7Td4RtAvE1FNyvkHvXKfwymW9q1BCRJAK,73789612
2026-09-28,9162802,5F7dvCS7mdzJU4o9bAUx4LPgpF3XeMM1XEz9nVqVNga9r6LW,182020
2026-09-28,9162802,5GcAZ4SFfghRCYqhSTaeGqmgfosWfRRtSjp5T1YxpVuNHZCV,163504756
2026-09-28,9162802,5G3wMP3g3d775hauwmAZioYFVZYnvw6eY46wkFy8hEWD5KP3,132913112
2026-09-28,9162802,5FeKsRjZ6zYiX1VNwoDqHJKTToMbks1bstr9ah9VGaPX9DGg,14582
2026-09-28,9162802,5DXdHixxtCvoa6GHKs2Jgrdzc61882Ftx1zN2sYFQuwgL1S1,4066147952
2026-09-28,9162802,5EtUYRu7sFqs9obCrN6JSNTnAAcpk98oJ27YV2EF9gC4tvzs,59063322
2026-09-28,9162802,5DjtmV76CRvxZqd68fDwWyTmsfqUZ5EUXVJ21FKTBzwLT4Kd,29
2026-09-28,9162802,5HT9U1J85fyNVudFAHuhYSGajRth8r3kYo7hTvkUXFEEDhQD,3923114
2026-09-28,9162802,5ELREhApbCahM7FyGLM1V9WDsnnjCRmMCJTmtQD51oAEqwVh,1661024
2026-09-28,9162802,5CoZxgtfhcJKX2HmkwnsN18KbaT9aih9eF3b6qVPTgAUbifj,234725693
2026-09-28,9162802,5DvDypN8BPG4ThSTes2YQ64PUSYMngoQYnzR1Dw1a67TdiFp,584355723
2026-09-28,9162802,5Ckaoft1B1CQ9zBV2FLVju4KPuMQzJVn7QUf3JeTvTq1uUes,932487533
2026-09-28,9162802,5DFZEJwgkg98h1kyngSEMYY1NnxXE9tkpLGCtQqf9XCtGBxf,42406461
2026-09-28,9162802,5GKH9FPPnWSUoeeTJp19wVtd84XqFW4pyK2ijV2GsFbhTrP1,4242145790
2026-09-28,9162802,5H66JLTYFWaHDtBtScE4X9f5WDjrBS1iGeXeRykPuH3SMyNh,24
2026-09-28,9162802,5FtBncJvGhxjBs4aFn2pid6aur9tBUuo9QR7sHe5DkoRizzo,320201082
2026-09-28,9162802,5Deo9Q3SnZWNPSEPRTgapbyy6egKu2oaNSqD4RQHHJEuzD9Y,4825417
2026-09-28,9162802,5Fq5v71D4LX8Db1xsmRSy6udQThcZ8sFDqxQFwnUZ1BuqY5A,38496690
2026-09-29,9170002,5EqYdsxW1EYfb7PdJrazCYd1JuunqhABtHSWKh34jPbQoaUf,229806
2026-09-29,9170002,5GpDE9kN55cxaa5Ao6k7VQ6LCQVGBfr4Nexdpp51NwoB3fEz,41780965
2026-09-29,9170002,5HK5tp6t2S59DywmHRWPBVJeJ86T61KjurYqeooqj8sREpeN,26276325356
2026-09-29,9170002,5D4gEn5S422dTGR5NJJKZ93FNV6hDmfwDPfxFNgcoVnUkZ4f,21388819
2026-09-29,9170002,5Ggasr6fQqKZXuovBTT44GvhuoFpxBsXGPY3AUtFr9mWxGTV,16701745
2026-09-29,9170002,5GztaLqpZxZeFSHCvArzBXS7PuybmerEN2Tcirgd95Hy2dQh,96
2026-09-29,9170002,5G1NjW9YhXLadMWajvTkfcJy6up3yH2q1YzMXDTi6ijanChe,61866228
2026-09-29,9170002,5H9ABR2Z4hvFkZycn3DuUfWvRYUAQXXu46uHgLFaNZ1ZL9dd,2150672
2026-09-29,9170002,5EByfpgRHm7FDpJz9iLwU1khBes5tGGgRXyxno45uM4YJWs4,9816
2026-09-29,9170002,5FFM6Nvvm78GqyMratgXXvjbqZPi7SHgSQ81nyS96jBuUWgt,3228705
2026-09-29,9170002,5CqRMuYSSqYkSa8AM3VawVfdyUhyBufyesvvgh3vCgaGb9Ed,54762942
2026-09-29,9170002,5E9vRSxypx39uaz747ZbwA2ey6gFGqFbxU6FuoaVd37KQs25,33356007
2026-09-29,9170002,5HK2LZRrvj581VjyxuFxb6ehFZoNi5PqAg3Y2HsmYPhGYYXr,39830084
2026-09-29,9170002,5GTWwu3NCbYmVFzwfrXa1sx8y4UNLR3padWfVZwjNnDmySXP,12329453253
2026-09-29,9170002,5CyQFykVpfa9xgZVGgBsiNUpjbo1EihBTSkPvDC1FZbL1wxG,26373546280
2026-09-29,9170002,5DkFEQdEwE5ZcJbv2efF4F5nRTxuEdYhLHqd2EfdR3aLM7Fn,2826668
2026-09-29,9170002,5DUuFhF41eCf5Yu9h17j9ogGkJhXYr8mkU8tFcUDkH16k2GU,84420
2026-09-29,9170002,5G9mJMfD12NxF3oXuTrLuCQHyQeJfMkHKHbPncDnGbTn423v,35994
2026-09-29,9170002,5DvTpiniW9s3APmHRYn8FroUWyfnLtrsid5Mtn5EwMXHN2ed,5935183
2026-09-29,9170002,5HRB5xi9W1yEdJGEWPsgtH71mPjAvN2Z9HxNvRMMcK5kXuW2,15170
2026-09-29,9170002,5G9hfkx9wGB1CLMT9WXkpHSAiYzjZb5o1Boyq4KAdDhjwrc5,1091914663
2026-09-29,9170002,5CszMVts9ueMUSKdAwLFSLT7u4oyxN7fUBpo8Z3ETw1ggMUV,666849037
2026-09-29,9170002,5Hmh4DCoGNC7PMtL2aShJ9W3bY29jNWHSmS57qVP1bU51Ab8,86337
2026-09-29,9170002,5CsvRJXuR955WojnGMdok1hbhffZyB4N5ocrv82f3p5A2zVp,671347243
2026-09-29,9170002,5E2LP6EnZ54m3wS8s1yPvD5c3xo71kQroBw7aUVK32TKeZ5u,17533443635
2026-09-29,9170002,5GroGY3XJtrJipxnB9qZcig6rVw69kT8fEbGpxcqekty6gV7,370494
2026-09-29,9170002,5E4z3h9yVhmQyCFWNbY9BPpwhx4xFiPwq3eeqmBgVF6KULde,327591382
2026-09-29,9170002,5FFSBkNiymQWHaxc8dTmfTT7iHoz6YDexVG4xR2yLrffVR86,854697623
2026-09-29,9170002,5FLoWCDovMPeH3Gv4syQSZ8TuKcMv6N27g8diDU8zJSeRv8m,727716
2026-09-29,9170002,5CyQm9M2Jb2Lb5BVgZS9F5MYe97fMUkSVm56nQREqomL2568,36885
2026-09-29,9170002,5FnGPRV7fQSWjHo8Q3Bgrn7GzciQKJKUitv9WCwqTzZKMVZZ,5199203013
2026-09-29,9170002,5H3pGapvFiu3zU9BpmxLCGfbEtD5nKMsqbcbq8TsoedRJuza,41219087
2026-09-29,9170002,5GP7c3fFazW9GXK8Up3qgu2DJBk8inu4aK9TZy3RuoSWVCMi,14517709676
2026-09-29,9170002,5HbScNssaEfioJHXjcXdpyqo1AKnYjymidGF8opcF9rTFZdT,34586147
2026-09-29,9170002,5EAdPk767CtE8HhjhjAUNtLzd8vNm9Nm6fq9h3PGSL2VpYDc,44003
2026-09-29,9170002,5DM7CPqPKtMSADhFKYsstsCS4Tm4Kd6PMXoh6DdqY4MtxmtX,8312355
2026-09-29,9170002,5HK1Ubcg6MBwDGW7Td4RtAvE1FNyvkHvXKfwymW9q1BCRJAK,65840008
2026-09-29,9170002,5F7dvCS7mdzJU4o9bAUx4LPgpF3XeMM1XEz9nVqVNga9r6LW,186809
2026-09-29,9170002,5GcAZ4SFfghRCYqhSTaeGqmgfosWfRRtSjp5T1YxpVuNHZCV,165210161
2026-09-29,9170002,5G3wMP3g3d775hauwmAZioYFVZYnvw6eY46wkFy8hEWD5KP3,134679492
2026-09-29,9170002,5FeKsRjZ6zYiX1VNwoDqHJKTToMbks1bstr9ah9VGaPX9DGg,14764
2026-09-29,9170002,5DXdHixxtCvoa6GHKs2Jgrdzc61882Ftx1zN2sYFQuwgL1S1,4000422321
2026-09-29,9170002,5EtUYRu7sFqs9obCrN6JSNTnAAcpk98oJ27YV2EF9gC4tvzs,59579080
2026-09-29,9170002,5DjtmV76CRvxZqd68fDwWyTmsfqUZ5EUXVJ21FKTBzwLT4Kd,10434
2026-09-29,9170002,5HT9U1J85fyNVudFAHuhYSGajRth8r3kYo7hTvkUXFEEDhQD,3963359
2026-09-29,9170002,5ELREhApbCahM7FyGLM1V9WDsnnjCRmMCJTmtQD51oAEqwVh,1694447
2026-09-29,9170002,5CoZxgtfhcJKX2HmkwnsN18KbaT9aih9eF3b6qVPTgAUbifj,236684119
2026-09-29,9170002,5DvDypN8BPG4ThSTes2YQ64PUSYMngoQYnzR1Dw1a67TdiFp,587620193
2026-09-29,9170002,5Ckaoft1B1CQ9zBV2FLVju4KPuMQzJVn7QUf3JeTvTq1uUes,907549723
2026-09-29,9170002,5DFZEJwgkg98h1kyngSEMYY1NnxXE9tkpLGCtQqf9XCtGBxf,43554311
2026-09-29,9170002,5GKH9FPPnWSUoeeTJp19wVtd84XqFW4pyK2ijV2GsFbhTrP1,4306547216
2026-09-29,9170002,5H66JLTYFWaHDtBtScE4X9f5WDjrBS1iGeXeRykPuH3SMyNh,24
2026-09-29,9170002,5FtBncJvGhxjBs4aFn2pid6aur9tBUuo9QR7sHe5DkoRizzo,321709216
2026-09-29,9170002,5Deo9Q3SnZWNPSEPRTgapbyy6egKu2oaNSqD4RQHHJEuzD9Y,2357933
2026-09-29,9170002,5Fq5v71D4LX8Db1xsmRSy6udQThcZ8sFDqxQFwnUZ1BuqY5A,38918534
2026-09-30,9177202,5EqYdsxW1EYfb7PdJrazCYd1JuunqhABtHSWKh34jPbQoaUf,232977
2026-09-30,9177202,5GpDE9kN55cxaa5Ao6k7VQ6LCQVGBfr4Nexdpp51NwoB3fEz,41891562
2026-09-30,9177202,5HK5tp6t2S59DywmHRWPBVJeJ86T61KjurYqeooqj8sREpeN,25953931245
2026-09-30,9177202,5D4gEn5S422dTGR5NJJKZ93FNV6hDmfwDPfxFNgcoVnUkZ4f,21214957
2026-09-30,9177202,5Ggasr6fQqKZXuovBTT44GvhuoFpxBsXGPY3AUtFr9mWxGTV,16863053
2026-09-30,9177202,5GztaLqpZxZeFSHCvArzBXS7PuybmerEN2Tcirgd95Hy2dQh,96
2026-09-30,9177202,5G1NjW9YhXLadMWajvTkfcJy6up3yH2q1YzMXDTi6ijanChe,61282564
2026-09-30,9177202,5H9ABR2Z4hvFkZycn3DuUfWvRYUAQXXu46uHgLFaNZ1ZL9dd,2205411
2026-09-30,9177202,5EByfpgRHm7FDpJz9iLwU1khBes5tGGgRXyxno45uM4YJWs4,54845
2026-09-30,9177202,5FFM6Nvvm78GqyMratgXXvjbqZPi7SHgSQ81nyS96jBuUWgt,3248790
2026-09-30,9177202,5CqRMuYSSqYkSa8AM3VawVfdyUhyBufyesvvgh3vCgaGb9Ed,54395367
2026-09-30,9177202,5E9vRSxypx39uaz747ZbwA2ey6gFGqFbxU6FuoaVd37KQs25,299539468
2026-09-30,9177202,5HK2LZRrvj581VjyxuFxb6ehFZoNi5PqAg3Y2HsmYPhGYYXr,37654152
2026-09-30,9177202,5GTWwu3NCbYmVFzwfrXa1sx8y4UNLR3padWfVZwjNnDmySXP,12333838784
2026-09-30,9177202,5CyQFykVpfa9xgZVGgBsiNUpjbo1EihBTSkPvDC1FZbL1wxG,26354134499
2026-09-30,9177202,5DkFEQdEwE5ZcJbv2efF4F5nRTxuEdYhLHqd2EfdR3aLM7Fn,3027475
2026-09-30,9177202,5DUuFhF41eCf5Yu9h17j9ogGkJhXYr8mkU8tFcUDkH16k2GU,92922
2026-09-30,9177202,5G9mJMfD12NxF3oXuTrLuCQHyQeJfMkHKHbPncDnGbTn423v,160924
2026-09-30,9177202,5DvTpiniW9s3APmHRYn8FroUWyfnLtrsid5Mtn5EwMXHN2ed,5950434
2026-09-30,9177202,5HRB5xi9W1yEdJGEWPsgtH71mPjAvN2Z9HxNvRMMcK5kXuW2,15169
2026-09-30,9177202,5G9hfkx9wGB1CLMT9WXkpHSAiYzjZb5o1Boyq4KAdDhjwrc5,1096539991
2026-09-30,9177202,5CszMVts9ueMUSKdAwLFSLT7u4oyxN7fUBpo8Z3ETw1ggMUV,658675162
2026-09-30,9177202,5CsvRJXuR955WojnGMdok1hbhffZyB4N5ocrv82f3p5A2zVp,669472557
2026-09-30,9177202,5E2LP6EnZ54m3wS8s1yPvD5c3xo71kQroBw7aUVK32TKeZ5u,19203213752
2026-09-30,9177202,5GroGY3XJtrJipxnB9qZcig6rVw69kT8fEbGpxcqekty6gV7,381295
2026-09-30,9177202,5E4z3h9yVhmQyCFWNbY9BPpwhx4xFiPwq3eeqmBgVF6KULde,133955784
2026-09-30,9177202,5FFSBkNiymQWHaxc8dTmfTT7iHoz6YDexVG4xR2yLrffVR86,851818904
2026-09-30,9177202,5FLoWCDovMPeH3Gv4syQSZ8TuKcMv6N27g8diDU8zJSeRv8m,709256
2026-09-30,9177202,5CyQm9M2Jb2Lb5BVgZS9F5MYe97fMUkSVm56nQREqomL2568,36764
2026-09-30,9177202,5FnGPRV7fQSWjHo8Q3Bgrn7GzciQKJKUitv9WCwqTzZKMVZZ,5164068288
2026-09-30,9177202,5H3pGapvFiu3zU9BpmxLCGfbEtD5nKMsqbcbq8TsoedRJuza,40465706
2026-09-30,9177202,5GP7c3fFazW9GXK8Up3qgu2DJBk8inu4aK9TZy3RuoSWVCMi,14455046835
2026-09-30,9177202,5HbScNssaEfioJHXjcXdpyqo1AKnYjymidGF8opcF9rTFZdT,34734904
2026-09-30,9177202,5EAdPk767CtE8HhjhjAUNtLzd8vNm9Nm6fq9h3PGSL2VpYDc,48405
2026-09-30,9177202,5DM7CPqPKtMSADhFKYsstsCS4Tm4Kd6PMXoh6DdqY4MtxmtX,8220450
2026-09-30,9177202,5HK1Ubcg6MBwDGW7Td4RtAvE1FNyvkHvXKfwymW9q1BCRJAK,61646285
2026-09-30,9177202,5F7dvCS7mdzJU4o9bAUx4LPgpF3XeMM1XEz9nVqVNga9r6LW,187690
2026-09-30,9177202,5GcAZ4SFfghRCYqhSTaeGqmgfosWfRRtSjp5T1YxpVuNHZCV,163295588
2026-09-30,9177202,5G3wMP3g3d775hauwmAZioYFVZYnvw6eY46wkFy8hEWD5KP3,133579632
2026-09-30,9177202,5FeKsRjZ6zYiX1VNwoDqHJKTToMbks1bstr9ah9VGaPX9DGg,14603
2026-09-30,9177202,5DXdHixxtCvoa6GHKs2Jgrdzc61882Ftx1zN2sYFQuwgL1S1,4057724416
2026-09-30,9177202,5EtUYRu7sFqs9obCrN6JSNTnAAcpk98oJ27YV2EF9gC4tvzs,58859741
2026-09-30,9177202,5DjtmV76CRvxZqd68fDwWyTmsfqUZ5EUXVJ21FKTBzwLT4Kd,17083
2026-09-30,9177202,5HT9U1J85fyNVudFAHuhYSGajRth8r3kYo7hTvkUXFEEDhQD,3890940
2026-09-30,9177202,5ELREhApbCahM7FyGLM1V9WDsnnjCRmMCJTmtQD51oAEqwVh,1657710
2026-09-30,9177202,5CoZxgtfhcJKX2HmkwnsN18KbaT9aih9eF3b6qVPTgAUbifj,233795227
2026-09-30,9177202,5DvDypN8BPG4ThSTes2YQ64PUSYMngoQYnzR1Dw1a67TdiFp,580373924
2026-09-30,9177202,5Ckaoft1B1CQ9zBV2FLVju4KPuMQzJVn7QUf3JeTvTq1uUes,401828363
2026-09-30,9177202,5DFZEJwgkg98h1kyngSEMYY1NnxXE9tkpLGCtQqf9XCtGBxf,44582156
2026-09-30,9177202,5GKH9FPPnWSUoeeTJp19wVtd84XqFW4pyK2ijV2GsFbhTrP1,3649197873
2026-09-30,9177202,5H66JLTYFWaHDtBtScE4X9f5WDjrBS1iGeXeRykPuH3SMyNh,24
2026-09-30,9177202,5FtBncJvGhxjBs4aFn2pid6aur9tBUuo9QR7sHe5DkoRizzo,305837878
2026-09-30,9177202,5Deo9Q3SnZWNPSEPRTgapbyy6egKu2oaNSqD4RQHHJEuzD9Y,2619972
2026-09-30,9177202,5Fq5v71D4LX8Db1xsmRSy6udQThcZ8sFDqxQFwnUZ1BuqY5A,38530951
2026-10-01,9184402,5EqYdsxW1EYfb7PdJrazCYd1JuunqhABtHSWKh34jPbQoaUf,240872
2026-10-01,9184402,5GpDE9kN55cxaa5Ao6k7VQ6LCQVGBfr4Nexdpp51NwoB3fEz,42816256
2026-10-01,9184402,5HK5tp6t2S59DywmHRWPBVJeJ86T61KjurYqeooqj8sREpeN,27172548345
2026-10-01,9184402,5D4gEn5S422dTGR5NJJKZ93FNV6hDmfwDPfxFNgcoVnUkZ4f,21712323
2026-10-01,9184402,5Ggasr6fQqKZXuovBTT44GvhuoFpxBsXGPY3AUtFr9mWxGTV,17580016
2026-10-01,9184402,5GztaLqpZxZeFSHCvArzBXS7PuybmerEN2Tcirgd95Hy2dQh,96
2026-10-01,9184402,5G1NjW9YhXLadMWajvTkfcJy6up3yH2q1YzMXDTi6ijanChe,62637881
2026-10-01,9184402,5H9ABR2Z4hvFkZycn3DuUfWvRYUAQXXu46uHgLFaNZ1ZL9dd,2292192
2026-10-01,9184402,5EByfpgRHm7FDpJz9iLwU1khBes5tGGgRXyxno45uM4YJWs4,101724
2026-10-01,9184402,5FFM6Nvvm78GqyMratgXXvjbqZPi7SHgSQ81nyS96jBuUWgt,3371852
2026-10-01,9184402,5CqRMuYSSqYkSa8AM3VawVfdyUhyBufyesvvgh3vCgaGb9Ed,55420707
2026-10-01,9184402,5E9vRSxypx39uaz747ZbwA2ey6gFGqFbxU6FuoaVd37KQs25,318918600
2026-10-01,9184402,5HK2LZRrvj581VjyxuFxb6ehFZoNi5PqAg3Y2HsmYPhGYYXr,38384774
2026-10-01,9184402,5GTWwu3NCbYmVFzwfrXa1sx8y4UNLR3padWfVZwjNnDmySXP,12413109369
2026-10-01,9184402,5CyQFykVpfa9xgZVGgBsiNUpjbo1EihBTSkPvDC1FZbL1wxG,24516528255
2026-10-01,9184402,5DkFEQdEwE5ZcJbv2efF4F5nRTxuEdYhLHqd2EfdR3aLM7Fn,3279901
2026-10-01,9184402,5DUuFhF41eCf5Yu9h17j9ogGkJhXYr8mkU8tFcUDkH16k2GU,107472
2026-10-01,9184402,5G9mJMfD12NxF3oXuTrLuCQHyQeJfMkHKHbPncDnGbTn423v,291359
2026-10-01,9184402,5DvTpiniW9s3APmHRYn8FroUWyfnLtrsid5Mtn5EwMXHN2ed,6154213
2026-10-01,9184402,5HRB5xi9W1yEdJGEWPsgtH71mPjAvN2Z9HxNvRMMcK5kXuW2,15519
2026-10-01,9184402,5G9hfkx9wGB1CLMT9WXkpHSAiYzjZb5o1Boyq4KAdDhjwrc5,1119961521
2026-10-01,9184402,5CszMVts9ueMUSKdAwLFSLT7u4oyxN7fUBpo8Z3ETw1ggMUV,671335757
2026-10-01,9184402,5CsvRJXuR955WojnGMdok1hbhffZyB4N5ocrv82f3p5A2zVp,682769026
2026-10-01,9184402,5E2LP6EnZ54m3wS8s1yPvD5c3xo71kQroBw7aUVK32TKeZ5u,19278882378
2026-10-01,9184402,5GroGY3XJtrJipxnB9qZcig6rVw69kT8fEbGpxcqekty6gV7,404202
2026-10-01,9184402,5E4z3h9yVhmQyCFWNbY9BPpwhx4xFiPwq3eeqmBgVF6KULde,135752475
2026-10-01,9184402,5FFSBkNiymQWHaxc8dTmfTT7iHoz6YDexVG4xR2yLrffVR86,870294017
2026-10-01,9184402,5FLoWCDovMPeH3Gv4syQSZ8TuKcMv6N27g8diDU8zJSeRv8m,737426
2026-10-01,9184402,5CyQm9M2Jb2Lb5BVgZS9F5MYe97fMUkSVm56nQREqomL2568,37583
2026-10-01,9184402,5FnGPRV7fQSWjHo8Q3Bgrn7GzciQKJKUitv9WCwqTzZKMVZZ,5261440468
2026-10-01,9184402,5H3pGapvFiu3zU9BpmxLCGfbEtD5nKMsqbcbq8TsoedRJuza,41235557
2026-10-01,9184402,5GP7c3fFazW9GXK8Up3qgu2DJBk8inu4aK9TZy3RuoSWVCMi,14735033698
2026-10-01,9184402,5HbScNssaEfioJHXjcXdpyqo1AKnYjymidGF8opcF9rTFZdT,35720667
2026-10-01,9184402,5EAdPk767CtE8HhjhjAUNtLzd8vNm9Nm6fq9h3PGSL2VpYDc,52621
2026-10-01,9184402,5DM7CPqPKtMSADhFKYsstsCS4Tm4Kd6PMXoh6DdqY4MtxmtX,8387470
2026-10-01,9184402,5HK1Ubcg6MBwDGW7Td4RtAvE1FNyvkHvXKfwymW9q1BCRJAK,51614768
2026-10-01,9184402,5F7dvCS7mdzJU4o9bAUx4LPgpF3XeMM1XEz9nVqVNga9r6LW,194462
2026-10-01,9184402,5GcAZ4SFfghRCYqhSTaeGqmgfosWfRRtSjp5T1YxpVuNHZCV,166072817
2026-10-01,9184402,5G3wMP3g3d775hauwmAZioYFVZYnvw6eY46wkFy8hEWD5KP3,136769054
2026-10-01,9184402,5FeKsRjZ6zYiX1VNwoDqHJKTToMbks1bstr9ah9VGaPX9DGg,14923
2026-10-01,9184402,5DXdHixxtCvoa6GHKs2Jgrdzc61882Ftx1zN2sYFQuwgL1S1,4140404312
2026-10-01,9184402,5EtUYRu7sFqs9obCrN6JSNTnAAcpk98oJ27YV2EF9gC4tvzs,60002194
2026-10-01,9184402,5DjtmV76CRvxZqd68fDwWyTmsfqUZ5EUXVJ21FKTBzwLT4Kd,27873
2026-10-01,9184402,5HT9U1J85fyNVudFAHuhYSGajRth8r3kYo7hTvkUXFEEDhQD,3967373
2026-10-01,9184402,5ELREhApbCahM7FyGLM1V9WDsnnjCRmMCJTmtQD51oAEqwVh,1726855
2026-10-01,9184402,5CoZxgtfhcJKX2HmkwnsN18KbaT9aih9eF3b6qVPTgAUbifj,237978044
2026-10-01,9184402,5DvDypN8BPG4ThSTes2YQ64PUSYMngoQYnzR1Dw1a67TdiFp,591485294
2026-10-01,9184402,5Ckaoft1B1CQ9zBV2FLVju4KPuMQzJVn7QUf3JeTvTq1uUes,399020957
2026-10-01,9184402,5DFZEJwgkg98h1kyngSEMYY1NnxXE9tkpLGCtQqf9XCtGBxf,44916245
2026-10-01,9184402,5GKH9FPPnWSUoeeTJp19wVtd84XqFW4pyK2ijV2GsFbhTrP1,3783638274
2026-10-01,9184402,5H66JLTYFWaHDtBtScE4X9f5WDjrBS1iGeXeRykPuH3SMyNh,24
2026-10-01,9184402,5FtBncJvGhxjBs4aFn2pid6aur9tBUuo9QR7sHe5DkoRizzo,325807952
2026-10-01,9184402,5Deo9Q3SnZWNPSEPRTgapbyy6egKu2oaNSqD4RQHHJEuzD9Y,2884484
2026-10-01,9184402,5Fq5v71D4LX8Db1xsmRSy6udQThcZ8sFDqxQFwnUZ1BuqY5A,39362430
2026-10-02,9191602,5EqYdsxW1EYfb7PdJrazCYd1JuunqhABtHSWKh34jPbQoaUf,210200
2026-10-02,9191602,5GpDE9kN55cxaa5Ao6k7VQ6LCQVGBfr4Nexdpp51NwoB3fEz,42047281
2026-10-02,9191602,5HK5tp6t2S59DywmHRWPBVJeJ86T61KjurYqeooqj8sREpeN,26850433651
2026-10-02,9191602,5D4gEn5S422dTGR5NJJKZ93FNV6hDmfwDPfxFNgcoVnUkZ4f,21518600
2026-10-02,9191602,5Ggasr6fQqKZXuovBTT44GvhuoFpxBsXGPY3AUtFr9mWxGTV,17737778
2026-10-02,9191602,5GztaLqpZxZeFSHCvArzBXS7PuybmerEN2Tcirgd95Hy2dQh,96
2026-10-02,9191602,5G1NjW9YhXLadMWajvTkfcJy6up3yH2q1YzMXDTi6ijanChe,61998540
2026-10-02,9191602,5H9ABR2Z4hvFkZycn3DuUfWvRYUAQXXu46uHgLFaNZ1ZL9dd,2298113
2026-10-02,9191602,5EByfpgRHm7FDpJz9iLwU1khBes5tGGgRXyxno45uM4YJWs4,145846
2026-10-02,9191602,5FFM6Nvvm78GqyMratgXXvjbqZPi7SHgSQ81nyS96jBuUWgt,3388053
2026-10-02,9191602,5CqRMuYSSqYkSa8AM3VawVfdyUhyBufyesvvgh3vCgaGb9Ed,54415157
2026-10-02,9191602,5E9vRSxypx39uaz747ZbwA2ey6gFGqFbxU6FuoaVd37KQs25,340400493
2026-10-02,9191602,5HK2LZRrvj581VjyxuFxb6ehFZoNi5PqAg3Y2HsmYPhGYYXr,33071918
2026-10-02,9191602,5GTWwu3NCbYmVFzwfrXa1sx8y4UNLR3padWfVZwjNnDmySXP,11955666162
2026-10-02,9191602,5CyQFykVpfa9xgZVGgBsiNUpjbo1EihBTSkPvDC1FZbL1wxG,26163841322
2026-10-02,9191602,5DkFEQdEwE5ZcJbv2efF4F5nRTxuEdYhLHqd2EfdR3aLM7Fn,3408569
2026-10-02,9191602,5DUuFhF41eCf5Yu9h17j9ogGkJhXYr8mkU8tFcUDkH16k2GU,115548
2026-10-02,9191602,5G9mJMfD12NxF3oXuTrLuCQHyQeJfMkHKHbPncDnGbTn423v,413832
2026-10-02,9191602,5DvTpiniW9s3APmHRYn8FroUWyfnLtrsid5Mtn5EwMXHN2ed,6162088
2026-10-02,9191602,5HRB5xi9W1yEdJGEWPsgtH71mPjAvN2Z9HxNvRMMcK5kXuW2,15144
2026-10-02,9191602,5G9hfkx9wGB1CLMT9WXkpHSAiYzjZb5o1Boyq4KAdDhjwrc5,1093383195
2026-10-02,9191602,5CszMVts9ueMUSKdAwLFSLT7u4oyxN7fUBpo8Z3ETw1ggMUV,662598004
2026-10-02,9191602,5CsvRJXuR955WojnGMdok1hbhffZyB4N5ocrv82f3p5A2zVp,671033245
2026-10-02,9191602,5E2LP6EnZ54m3wS8s1yPvD5c3xo71kQroBw7aUVK32TKeZ5u,18972161951
2026-10-02,9191602,5GroGY3XJtrJipxnB9qZcig6rVw69kT8fEbGpxcqekty6gV7,413627
2026-10-02,9191602,5E4z3h9yVhmQyCFWNbY9BPpwhx4xFiPwq3eeqmBgVF6KULde,134611746
2026-10-02,9191602,5FFSBkNiymQWHaxc8dTmfTT7iHoz6YDexVG4xR2yLrffVR86,851100499
2026-10-02,9191602,5FLoWCDovMPeH3Gv4syQSZ8TuKcMv6N27g8diDU8zJSeRv8m,725739
2026-10-02,9191602,5CyQm9M2Jb2Lb5BVgZS9F5MYe97fMUkSVm56nQREqomL2568,36740
2026-10-02,9191602,5FnGPRV7fQSWjHo8Q3Bgrn7GzciQKJKUitv9WCwqTzZKMVZZ,5166007165
2026-10-02,9191602,5H3pGapvFiu3zU9BpmxLCGfbEtD5nKMsqbcbq8TsoedRJuza,40306734
2026-10-02,9191602,5GP7c3fFazW9GXK8Up3qgu2DJBk8inu4aK9TZy3RuoSWVCMi,14464103558
2026-10-02,9191602,5HbScNssaEfioJHXjcXdpyqo1AKnYjymidGF8opcF9rTFZdT,35017678
2026-10-02,9191602,5EAdPk767CtE8HhjhjAUNtLzd8vNm9Nm6fq9h3PGSL2VpYDc,58269
2026-10-02,9191602,5DM7CPqPKtMSADhFKYsstsCS4Tm4Kd6PMXoh6DdqY4MtxmtX,8287026
2026-10-02,9191602,5HK1Ubcg6MBwDGW7Td4RtAvE1FNyvkHvXKfwymW9q1BCRJAK,44445690
2026-10-02,9191602,5F7dvCS7mdzJU4o9bAUx4LPgpF3XeMM1XEz9nVqVNga9r6LW,170051
2026-10-02,9191602,5GcAZ4SFfghRCYqhSTaeGqmgfosWfRRtSjp5T1YxpVuNHZCV,1585782
2026-10-02,9191602,5G3wMP3g3d775hauwmAZioYFVZYnvw6eY46wkFy8hEWD5KP3,135543348
2026-10-02,9191602,5FeKsRjZ6zYiX1VNwoDqHJKTToMbks1bstr9ah9VGaPX9DGg,14765
2026-10-02,9191602,5DXdHixxtCvoa6GHKs2Jgrdzc61882Ftx1zN2sYFQuwgL1S1,4065586615
2026-10-02,9191602,5EtUYRu7sFqs9obCrN6JSNTnAAcpk98oJ27YV2EF9gC4tvzs,59232190
2026-10-02,9191602,5DjtmV76CRvxZqd68fDwWyTmsfqUZ5EUXVJ21FKTBzwLT4Kd,37392
2026-10-02,9191602,5HT9U1J85fyNVudFAHuhYSGajRth8r3kYo7hTvkUXFEEDhQD,3919603
2026-10-02,9191602,5ELREhApbCahM7FyGLM1V9WDsnnjCRmMCJTmtQD51oAEqwVh,1678186
2026-10-02,9191602,5CoZxgtfhcJKX2HmkwnsN18KbaT9aih9eF3b6qVPTgAUbifj,234893070
2026-10-02,9191602,5DvDypN8BPG4ThSTes2YQ64PUSYMngoQYnzR1Dw1a67TdiFp,583743144
2026-10-02,9191602,5Ckaoft1B1CQ9zBV2FLVju4KPuMQzJVn7QUf3JeTvTq1uUes,396351235
2026-10-02,9191602,5DFZEJwgkg98h1kyngSEMYY1NnxXE9tkpLGCtQqf9XCtGBxf,43974959
2026-10-02,9191602,5GKH9FPPnWSUoeeTJp19wVtd84XqFW4pyK2ijV2GsFbhTrP1,3627055169
2026-10-02,9191602,5H66JLTYFWaHDtBtScE4X9f5WDjrBS1iGeXeRykPuH3SMyNh,24
2026-10-02,9191602,5FtBncJvGhxjBs4aFn2pid6aur9tBUuo9QR7sHe5DkoRizzo,310974332
2026-10-02,9191602,5Deo9Q3SnZWNPSEPRTgapbyy6egKu2oaNSqD4RQHHJEuzD9Y,3011088
2026-10-02,9191602,5Fq5v71D4LX8Db1xsmRSy6udQThcZ8sFDqxQFwnUZ1BuqY5A,38940227
2026-10-03,9198802,5EqYdsxW1EYfb7PdJrazCYd1JuunqhABtHSWKh34jPbQoaUf,219250
2026-10-03,9198802,5GpDE9kN55cxaa5Ao6k7VQ6LCQVGBfr4Nexdpp51NwoB3fEz,20107721
2026-10-03,9198802,5HK5tp6t2S59DywmHRWPBVJeJ86T61KjurYqeooqj8sREpeN,26759214348
2026-10-03,9198802,5D4gEn5S422dTGR5NJJKZ93FNV6hDmfwDPfxFNgcoVnUkZ4f,21563587
2026-10-03,9198802,5Ggasr6fQqKZXuovBTT44GvhuoFpxBsXGPY3AUtFr9mWxGTV,18084393
2026-10-03,9198802,5GztaLqpZxZeFSHCvArzBXS7PuybmerEN2Tcirgd95Hy2dQh,96
2026-10-03,9198802,5G1NjW9YhXLadMWajvTkfcJy6up3yH2q1YzMXDTi6ijanChe,62048216
2026-10-03,9198802,5H9ABR2Z4hvFkZycn3DuUfWvRYUAQXXu46uHgLFaNZ1ZL9dd,2322434
2026-10-03,9198802,5EByfpgRHm7FDpJz9iLwU1khBes5tGGgRXyxno45uM4YJWs4,190662
2026-10-03,9198802,5FFM6Nvvm78GqyMratgXXvjbqZPi7SHgSQ81nyS96jBuUWgt,3331508
2026-10-03,9198802,5CqRMuYSSqYkSa8AM3VawVfdyUhyBufyesvvgh3vCgaGb9Ed,54317569
2026-10-03,9198802,5E9vRSxypx39uaz747ZbwA2ey6gFGqFbxU6FuoaVd37KQs25,351425111
2026-10-03,9198802,5HK2LZRrvj581VjyxuFxb6ehFZoNi5PqAg3Y2HsmYPhGYYXr,34059165
2026-10-03,9198802,5GTWwu3NCbYmVFzwfrXa1sx8y4UNLR3padWfVZwjNnDmySXP,11791473771
2026-10-03,9198802,5CyQFykVpfa9xgZVGgBsiNUpjbo1EihBTSkPvDC1FZbL1wxG,26448487819
2026-10-03,9198802,5DkFEQdEwE5ZcJbv2efF4F5nRTxuEdYhLHqd2EfdR3aLM7Fn,3557114
2026-10-03,9198802,5DUuFhF41eCf5Yu9h17j9ogGkJhXYr8mkU8tFcUDkH16k2GU,125231
2026-10-03,9198802,5G9mJMfD12NxF3oXuTrLuCQHyQeJfMkHKHbPncDnGbTn423v,538281
2026-10-03,9198802,5DvTpiniW9s3APmHRYn8FroUWyfnLtrsid5Mtn5EwMXHN2ed,6214354
2026-10-03,9198802,5HRB5xi9W1yEdJGEWPsgtH71mPjAvN2Z9HxNvRMMcK5kXuW2,15069
2026-10-03,9198802,5G9hfkx9wGB1CLMT9WXkpHSAiYzjZb5o1Boyq4KAdDhjwrc5,1093502600
2026-10-03,9198802,5CszMVts9ueMUSKdAwLFSLT7u4oyxN7fUBpo8Z3ETw1ggMUV,661266768
2026-10-03,9198802,5CsvRJXuR955WojnGMdok1hbhffZyB4N5ocrv82f3p5A2zVp,669434138
2026-10-03,9198802,5E2LP6EnZ54m3wS8s1yPvD5c3xo71kQroBw7aUVK32TKeZ5u,18881601048
2026-10-03,9198802,5GroGY3XJtrJipxnB9qZcig6rVw69kT8fEbGpxcqekty6gV7,428152
2026-10-03,9198802,5E4z3h9yVhmQyCFWNbY9BPpwhx4xFiPwq3eeqmBgVF6KULde,115510896
2026-10-03,9198802,5FFSBkNiymQWHaxc8dTmfTT7iHoz6YDexVG4xR2yLrffVR86,847649150
2026-10-03,9198802,5FLoWCDovMPeH3Gv4syQSZ8TuKcMv6N27g8diDU8zJSeRv8m,727101
2026-10-03,9198802,5CyQm9M2Jb2Lb5BVgZS9F5MYe97fMUkSVm56nQREqomL2568,36608
2026-10-03,9198802,5FnGPRV7fQSWjHo8Q3Bgrn7GzciQKJKUitv9WCwqTzZKMVZZ,5170411492
2026-10-03,9198802,5H3pGapvFiu3zU9BpmxLCGfbEtD5nKMsqbcbq8TsoedRJuza,40159232
2026-10-03,9198802,5GP7c3fFazW9GXK8Up3qgu2DJBk8inu4aK9TZy3RuoSWVCMi,14451838495
2026-10-03,9198802,5HbScNssaEfioJHXjcXdpyqo1AKnYjymidGF8opcF9rTFZdT,35049347
2026-10-03,9198802,5EAdPk767CtE8HhjhjAUNtLzd8vNm9Nm6fq9h3PGSL2VpYDc,61521
2026-10-03,9198802,5DM7CPqPKtMSADhFKYsstsCS4Tm4Kd6PMXoh6DdqY4MtxmtX,8280337
2026-10-03,9198802,5HK1Ubcg6MBwDGW7Td4RtAvE1FNyvkHvXKfwymW9q1BCRJAK,45804163
2026-10-03,9198802,5F7dvCS7mdzJU4o9bAUx4LPgpF3XeMM1XEz9nVqVNga9r6LW,177806
2026-10-03,9198802,5GcAZ4SFfghRCYqhSTaeGqmgfosWfRRtSjp5T1YxpVuNHZCV,1812795
2026-10-03,9198802,5G3wMP3g3d775hauwmAZioYFVZYnvw6eY46wkFy8hEWD5KP3,135859657
2026-10-03,9198802,5FeKsRjZ6zYiX1VNwoDqHJKTToMbks1bstr9ah9VGaPX9DGg,14770
2026-10-03,9198802,5DXdHixxtCvoa6GHKs2Jgrdzc61882Ftx1zN2sYFQuwgL1S1,4069909318
2026-10-03,9198802,5EtUYRu7sFqs9obCrN6JSNTnAAcpk98oJ27YV2EF9gC4tvzs,59123932
2026-10-03,9198802,5DjtmV76CRvxZqd68fDwWyTmsfqUZ5EUXVJ21FKTBzwLT4Kd,50358
2026-10-03,9198802,5HT9U1J85fyNVudFAHuhYSGajRth8r3kYo7hTvkUXFEEDhQD,3918412
2026-10-03,9198802,5ELREhApbCahM7FyGLM1V9WDsnnjCRmMCJTmtQD51oAEqwVh,1514546
2026-10-03,9198802,5CoZxgtfhcJKX2HmkwnsN18KbaT9aih9eF3b6qVPTgAUbifj,234433517
2026-10-03,9198802,5DvDypN8BPG4ThSTes2YQ64PUSYMngoQYnzR1Dw1a67TdiFp,582527001
2026-10-03,9198802,5Ckaoft1B1CQ9zBV2FLVju4KPuMQzJVn7QUf3JeTvTq1uUes,396362395
2026-10-03,9198802,5DFZEJwgkg98h1kyngSEMYY1NnxXE9tkpLGCtQqf9XCtGBxf,43873329
2026-10-03,9198802,5GKH9FPPnWSUoeeTJp19wVtd84XqFW4pyK2ijV2GsFbhTrP1,3706491601
2026-10-03,9198802,5H66JLTYFWaHDtBtScE4X9f5WDjrBS1iGeXeRykPuH3SMyNh,24
2026-10-03,9198802,5FtBncJvGhxjBs4aFn2pid6aur9tBUuo9QR7sHe5DkoRizzo,320074167
2026-10-03,9198802,5Deo9Q3SnZWNPSEPRTgapbyy6egKu2oaNSqD4RQHHJEuzD9Y,3225859
2026-10-03,9198802,5Fq5v71D4LX8Db1xsmRSy6udQThcZ8sFDqxQFwnUZ1BuqY5A,38951226
