epoch_block,hotkey,owner_coldkey,nominator_divs_rao,root_divs_rao,total_alpha_before_rao,total_alpha_after_rao
9015202,5CyQFykVpfa9xgZVGgBsiNUpjbo1EihBTSkPvDC1FZbL1wxG,5HTeZ5168DjjGWZgbvzGfysEAj9fnexF24gYFKJHENU5cc8a,0,0,0,0
9015202,5FYwKoHYfiuy9m2yM4wbwM5pQyaEP38MBTTZS8RwNKRuQ8mi,5FRXwb2qsEhqDQQKcm5m2MF26xTWwW65MHTEtKFFydypuqjG,23214784646,0,705851613820953,705879924375888
9015202,5F6aRdsBHajN2NhZHBTB6ibBFu7YuZZEWruWzB8x6B6GiZ4D,5HTeZ5168DjjGWZgbvzGfysEAj9fnexF24gYFKJHENU5cc8a,0,0,61946703378053,62011501729973
9015562,5CyQFykVpfa9xgZVGgBsiNUpjbo1EihBTSkPvDC1FZbL1wxG,5HTeZ5168DjjGWZgbvzGfysEAj9fnexF24gYFKJHENU5cc8a,0,0,0,0
9015562,5FYwKoHYfiuy9m2yM4wbwM5pQyaEP38MBTTZS8RwNKRuQ8mi,5FRXwb2qsEhqDQQKcm5m2MF26xTWwW65MHTEtKFFydypuqjG,23230927329,0,705879924375888,705908254616912
9015562,5F6aRdsBHajN2NhZHBTB6ibBFu7YuZZEWruWzB8x6B6GiZ4D,5HTeZ5168DjjGWZgbvzGfysEAj9fnexF24gYFKJHENU5cc8a,0,0,62011501729973,62076300081893
9015922,5CyQFykVpfa9xgZVGgBsiNUpjbo1EihBTSkPvDC1FZbL1wxG,5HTeZ5168DjjGWZgbvzGfysEAj9fnexF24gYFKJHENU5cc8a,0,0,0,0
9015922,5FYwKoHYfiuy9m2yM4wbwM5pQyaEP38MBTTZS8RwNKRuQ8mi,5FRXwb2qsEhqDQQKcm5m2MF26xTWwW65MHTEtKFFydypuqjG,23210639817,0,698253639840071,698281945340365
9015922,5F6aRdsBHajN2NhZHBTB6ibBFu7YuZZEWruWzB8x6B6GiZ4D,5HTeZ5168DjjGWZgbvzGfysEAj9fnexF24gYFKJHENU5cc8a,0,0,62076300081893,62141098433813
9016282,5CyQFykVpfa9xgZVGgBsiNUpjbo1EihBTSkPvDC1FZbL1wxG,5HTeZ5168DjjGWZgbvzGfysEAj9fnexF24gYFKJHENU5cc8a,0,0,0,0
9016282,5FYwKoHYfiuy9m2yM4wbwM5pQyaEP38MBTTZS8RwNKRuQ8mi,5FRXwb2qsEhqDQQKcm5m2MF26xTWwW65MHTEtKFFydypuqjG,23303084982,0,698281945340365,698310363578036
9016282,5F6aRdsBHajN2NhZHBTB6ibBFu7YuZZEWruWzB8x6B6GiZ4D,5HTeZ5168DjjGWZgbvzGfysEAj9fnexF24gYFKJHENU5cc8a,0,0,62141098433813,62205896785733
9016642,5CyQFykVpfa9xgZVGgBsiNUpjbo1EihBTSkPvDC1FZbL1wxG,5HTeZ5168DjjGWZgbvzGfysEAj9fnexF24gYFKJHENU5cc8a,0,0,0,0
9016642,5FYwKoHYfiuy9m2yM4wbwM5pQyaEP38MBTTZS8RwNKRuQ8mi,5FRXwb2qsEhqDQQKcm5m2MF26xTWwW65MHTEtKFFydypuqjG,23303908993,0,698310363578036,698338782820593
9016642,5F6aRdsBHajN2NhZHBTB6ibBFu7YuZZEWruWzB8x6B6GiZ4D,5HTeZ5168DjjGWZgbvzGfysEAj9fnexF24gYFKJHENU5cc8a,0,0,62205896785733,62270695137653
9017002,5CyQFykVpfa9xgZVGgBsiNUpjbo1EihBTSkPvDC1FZbL1wxG,5HTeZ5168DjjGWZgbvzGfysEAj9fnexF24gYFKJHENU5cc8a,0,0,0,0
9017002,5FYwKoHYfiuy9m2yM4wbwM5pQyaEP38MBTTZS8RwNKRuQ8mi,5FRXwb2qsEhqDQQKcm5m2MF26xTWwW65MHTEtKFFydypuqjG,23300834497,0,698338782820593,698367198313785
9017002,5F6aRdsBHajN2NhZHBTB6ibBFu7YuZZEWruWzB8x6B6GiZ4D,5HTeZ5168DjjGWZgbvzGfysEAj9fnexF24gYFKJHENU5cc8a,0,0,62270695137653,62335493489573
9017362,5CyQFykVpfa9xgZVGgBsiNUpjbo1EihBTSkPvDC1FZbL1wxG,5HTeZ5168DjjGWZgbvzGfysEAj9fnexF24gYFKJHENU5cc8a,0,0,0,0
9017362,5FYwKoHYfiuy9m2yM4wbwM5pQyaEP38MBTTZS8RwNKRuQ8mi,5FRXwb2qsEhqDQQKcm5m2MF26xTWwW65MHTEtKFFydypuqjG,23297171855,0,698367198313785,698395609340366
9017362,5F6aRdsBHajN2NhZHBTB6ibBFu7YuZZEWruWzB8x6B6GiZ4D,5HTeZ5168DjjGWZgbvzGfysEAj9fnexF24gYFKJHENU5cc8a,0,0,62335493489573,62400291841493
9017722,5CyQFykVpfa9xgZVGgBsiNUpjbo1EihBTSkPvDC1FZbL1wxG,5HTeZ5168DjjGWZgbvzGfysEAj9fnexF24gYFKJHENU5cc8a,0,0,0,0
9017722,5FYwKoHYfiuy9m2yM4wbwM5pQyaEP38MBTTZS8RwNKRuQ8mi,5FRXwb2qsEhqDQQKcm5m2MF26xTWwW65MHTEtKFFydypuqjG,23283389307,0,698395609340366,698424003559055
9017722,5F6aRdsBHajN2NhZHBTB6ibBFu7YuZZEWruWzB8x6B6GiZ4D,5HTeZ5168DjjGWZgbvzGfysEAj9fnexF24gYFKJHENU5cc8a,0,0,62400291841493,62465090193413
9018082,5CyQFykVpfa9xgZVGgBsiNUpjbo1EihBTSkPvDC1FZbL1wxG,5HTeZ5168DjjGWZgbvzGfysEAj9fnexF24gYFKJHENU5cc8a,0,0,0,0
9018082,5FYwKoHYfiuy9m2yM4wbwM5pQyaEP38MBTTZS8RwNKRuQ8mi,5FRXwb2qsEhqDQQKcm5m2MF26xTWwW65MHTEtKFFydypuqjG,23278384139,0,698424003559055,698452391673915
9018082,5F6aRdsBHajN2NhZHBTB6ibBFu7YuZZEWruWzB8x6B6GiZ4D,5HTeZ5168DjjGWZgbvzGfysEAj9fnexF24gYFKJHENU5cc8a,0,0,62465090193413,62529888545333
9018442,5CyQFykVpfa9xgZVGgBsiNUpjbo1EihBTSkPvDC1FZbL1wxG,5HTeZ5168DjjGWZgbvzGfysEAj9fnexF24gYFKJHENU5cc8a,0,0,0,0
9018442,5FYwKoHYfiuy9m2yM4wbwM5pQyaEP38MBTTZS8RwNKRuQ8mi,5FRXwb2qsEhqDQQKcm5m2MF26xTWwW65MHTEtKFFydypuqjG,23280043426,0,698452391673915,698480781812284
9018442,5F6aRdsBHajN2NhZHBTB6ibBFu7YuZZEWruWzB8x6B6GiZ4D,5HTeZ5168DjjGWZgbvzGfysEAj9fnexF24gYFKJHENU5cc8a,0,0,62529888545333,62594686897253
9018802,5CyQFykVpfa9xgZVGgBsiNUpjbo1EihBTSkPvDC1FZbL1wxG,5HTeZ5168DjjGWZgbvzGfysEAj9fnexF24gYFKJHENU5cc8a,0,0,0,0
9018802,5FYwKoHYfiuy9m2yM4wbwM5pQyaEP38MBTTZS8RwNKRuQ8mi,5FRXwb2qsEhqDQQKcm5m2MF26xTWwW65MHTEtKFFydypuqjG,23273922672,0,698480781812284,698509164486361
9018802,5F6aRdsBHajN2NhZHBTB6ibBFu7YuZZEWruWzB8x6B6GiZ4D,5HTeZ5168DjjGWZgbvzGfysEAj9fnexF24gYFKJHENU5cc8a,0,0,62594686897253,62659485249173
9019162,5CyQFykVpfa9xgZVGgBsiNUpjbo1EihBTSkPvDC1FZbL1wxG,5HTeZ5168DjjGWZgbvzGfysEAj9fnexF24gYFKJHENU5cc8a,0,0,0,0
9019162,5FYwKoHYfiuy9m2yM4wbwM5pQyaEP38MBTTZS8RwNKRuQ8mi,5FRXwb2qsEhqDQQKcm5m2MF26xTWwW65MHTEtKFFydypuqjG,23271712580,0,698509164486361,698537544465219
9019162,5F6aRdsBHajN2NhZHBTB6ibBFu7YuZZEWruWzB8x6B6GiZ4D,5HTeZ5168DjjGWZgbvzGfysEAj9fnexF24gYFKJHENU5cc8a,0,0,62659485249173,62724283601093
9019522,5CyQFykVpfa9xgZVGgBsiNUpjbo1EihBTSkPvDC1FZbL1wxG,5HTeZ5168DjjGWZgbvzGfysEAj9fnexF24gYFKJHENU5cc8a,0,0,0,0
9019522,5FYwKoHYfiuy9m2yM4wbwM5pQyaEP38MBTTZS8RwNKRuQ8mi,5FRXwb2qsEhqDQQKcm5m2MF26xTWwW65MHTEtKFFydypuqjG,23267594510,0,698537544465219,698565919422068
9019522,5F6aRdsBHajN2NhZHBTB6ibBFu7YuZZEWruWzB8x6B6GiZ4D,5HTeZ5168DjjGWZgbvzGfysEAj9fnexF24gYFKJHENU5cc8a,0,0,62724283601093,62789081953013
9019882,5CyQFykVpfa9xgZVGgBsiNUpjbo1EihBTSkPvDC1FZbL1wxG,5HTeZ5168DjjGWZgbvzGfysEAj9fnexF24gYFKJHENU5cc8a,0,0,0,0
9019882,5FYwKoHYfiuy9m2yM4wbwM5pQyaEP38MBTTZS8RwNKRuQ8mi,5FRXwb2qsEhqDQQKcm5m2MF26xTWwW65MHTEtKFFydypuqjG,23266709382,0,698565919422068,698594293299499
9019882,5F6aRdsBHajN2NhZHBTB6ibBFu7YuZZEWruWzB8x6B6GiZ4D,5HTeZ5168DjjGWZgbvzGfysEAj9fnexF24gYFKJHENU5cc8a,0,0,62789081953013,62853880304933
9020242,5CyQFykVpfa9xgZVGgBsiNUpjbo1EihBTSkPvDC1FZbL1wxG,5HTeZ5168DjjGWZgbvzGfysEAj9fnexF24gYFKJHENU5cc8a,0,0,0,0
9020242,5FYwKoHYfiuy9m2yM4wbwM5pQyaEP38MBTTZS8RwNKRuQ8mi,5FRXwb2qsEhqDQQKcm5m2MF26xTWwW65MHTEtKFFydypuqjG,23266261146,0,698594293299499,698622666630303
9020242,5F6aRdsBHajN2NhZHBTB6ibBFu7YuZZEWruWzB8x6B6GiZ4D,5HTeZ5168DjjGWZgbvzGfysEAj9fnexF24gYFKJHENU5cc8a,0,0,62853880304933,62918678656853
9020602,5CyQFykVpfa9xgZVGgBsiNUpjbo1EihBTSkPvDC1FZbL1wxG,5HTeZ5168DjjGWZgbvzGfysEAj9fnexF24gYFKJHENU5cc8a,0,0,62918678656853,62983477008773
9020602,5FYwKoHYfiuy9m2yM4wbwM5pQyaEP38MBTTZS8RwNKRuQ8mi,5FRXwb2qsEhqDQQKcm5m2MF26xTWwW65MHTEtKFFydypuqjG,23265966677,0,698622666630303,698651039602001
9020602,5F6aRdsBHajN2NhZHBTB6ibBFu7YuZZEWruWzB8x6B6GiZ4D,5HTeZ5168DjjGWZgbvzGfysEAj9fnexF24gYFKJHENU5cc8a,0,0,0,0
9020962,5CyQFykVpfa9xgZVGgBsiNUpjbo1EihBTSkPvDC1FZbL1wxG,5HTeZ5168DjjGWZgbvzGfysEAj9fnexF24gYFKJHENU5cc8a,0,0,62983477008773,63048275360693
9020962,5FYwKoHYfiuy9m2yM4wbwM5pQyaEP38MBTTZS8RwNKRuQ8mi,5FRXwb2qsEhqDQQKcm5m2MF26xTWwW65MHTEtKFFydypuqjG,23258486750,0,698651039602001,698679403451888
9020962,5F6aRdsBHajN2NhZHBTB6ibBFu7YuZZEWruWzB8x6B6GiZ4D,5HTeZ5168DjjGWZgbvzGfysEAj9fnexF24gYFKJHENU5cc8a,0,0,0,0
9021322,5CyQFykVpfa9xgZVGgBsiNUpjbo1EihBTSkPvDC1FZbL1wxG,5HTeZ5168DjjGWZgbvzGfysEAj9fnexF24gYFKJHENU5cc8a,0,0,63048275360693,63113073712613
9021322,5FYwKoHYfiuy9m2yM4wbwM5pQyaEP38MBTTZS8RwNKRuQ8mi,5FRXwb2qsEhqDQQKcm5m2MF26xTWwW65MHTEtKFFydypuqjG,23263914089,0,698679403451888,698707773920444
9021322,5F6aRdsBHajN2NhZHBTB6ibBFu7YuZZEWruWzB8x6B6GiZ4D,5HTeZ5168DjjGWZgbvzGfysEAj9fnexF24gYFKJHENU5cc8a,0,0,0,0
9021682,5CyQFykVpfa9xgZVGgBsiNUpjbo1EihBTSkPvDC1FZbL1wxG,5HTeZ5168DjjGWZgbvzGfysEAj9fnexF24gYFKJHENU5cc8a,0,0,613113073712613,613177872064533
9021682,5FYwKoHYfiuy9m2yM4wbwM5pQyaEP38MBTTZS8RwNKRuQ8mi,5FRXwb2qsEhqDQQKcm5m2MF26xTWwW65MHTEtKFFydypuqjG,17911972665,0,148707773920444,148729617667602
9021682,5F6aRdsBHajN2NhZHBTB6ibBFu7YuZZEWruWzB8x6B6GiZ4D,5HTeZ5168DjjGWZgbvzGfysEAj9fnexF24gYFKJHENU5cc8a,0,0,0,0
9022042,5CyQFykVpfa9xgZVGgBsiNUpjbo1EihBTSkPvDC1FZbL1wxG,5HTeZ5168DjjGWZgbvzGfysEAj9fnexF24gYFKJHENU5cc8a,0,0,613177872064533,613242670416453
9022042,5FYwKoHYfiuy9m2yM4wbwM5pQyaEP38MBTTZS8RwNKRuQ8mi,5FRXwb2qsEhqDQQKcm5m2MF26xTWwW65MHTEtKFFydypuqjG,16731799109,0,148729617667602,148750022186751
9022042,5F6aRdsBHajN2NhZHBTB6ibBFu7YuZZEWruWzB8x6B6GiZ4D,5HTeZ5168DjjGWZgbvzGfysEAj9fnexF24gYFKJHENU5cc8a,0,0,0,0
9022402,5CyQFykVpfa9xgZVGgBsiNUpjbo1EihBTSkPvDC1FZbL1wxG,5HTeZ5168DjjGWZgbvzGfysEAj9fnexF24gYFKJHENU5cc8a,0,0,613242670416453,613307468768373
9022402,5FYwKoHYfiuy9m2yM4wbwM5pQyaEP38MBTTZS8RwNKRuQ8mi,5FRXwb2qsEhqDQQKcm5m2MF26xTWwW65MHTEtKFFydypuqjG,15658068647,0,148750022186751,148769117285817
9022402,5F6aRdsBHajN2NhZHBTB6ibBFu7YuZZEWruWzB8x6B6GiZ4D,5HTeZ5168DjjGWZgbvzGfysEAj9fnexF24gYFKJHENU5cc8a,0,0,0,0
9022762,5CyQFykVpfa9xgZVGgBsiNUpjbo1EihBTSkPvDC1FZbL1wxG,5HTeZ5168DjjGWZgbvzGfysEAj9fnexF24gYFKJHENU5cc8a,0,0,613307468768373,613372267120293
9022762,5FYwKoHYfiuy9m2yM4wbwM5pQyaEP38MBTTZS8RwNKRuQ8mi,5FRXwb2qsEhqDQQKcm5m2MF26xTWwW65MHTEtKFFydypuqjG,14701454885,0,148769117285817,148787045789247
9022762,5F6aRdsBHajN2NhZHBTB6ibBFu7YuZZEWruWzB8x6B6GiZ4D,5HTeZ5168DjjGWZgbvzGfysEAj9fnexF24gYFKJHENU5cc8a,0,0,0,0
9023122,5CyQFykVpfa9xgZVGgBsiNUpjbo1EihBTSkPvDC1FZbL1wxG,5HTeZ5168DjjGWZgbvzGfysEAj9fnexF24gYFKJHENU5cc8a,0,0,613372267120293,613437065472213
9023122,5FYwKoHYfiuy9m2yM4wbwM5pQyaEP38MBTTZS8RwNKRuQ8mi,5FRXwb2qsEhqDQQKcm5m2MF26xTWwW65MHTEtKFFydypuqjG,13838461871,0,148787045789247,148803921868047
9023122,5F6aRdsBHajN2NhZHBTB6ibBFu7YuZZEWruWzB8x6B6GiZ4D,5HTeZ5168DjjGWZgbvzGfysEAj9fnexF24gYFKJHENU5cc8a,0,0,0,0
9023482,5CyQFykVpfa9xgZVGgBsiNUpjbo1EihBTSkPvDC1FZbL1wxG,5HTeZ5168DjjGWZgbvzGfysEAj9fnexF24gYFKJHENU5cc8a,0,0,613437065472213,613501863824133
9023482,5FYwKoHYfiuy9m2yM4wbwM5pQyaEP38MBTTZS8RwNKRuQ8mi,5FRXwb2qsEhqDQQKcm5m2MF26xTWwW65MHTEtKFFydypuqjG,13060118088,0,148803921868047,148819848752411
9023482,5F6aRdsBHajN2NhZHBTB6ibBFu7YuZZEWruWzB8x6B6GiZ4D,5HTeZ5168DjjGWZgbvzGfysEAj9fnexF24gYFKJHENU5cc8a,0,0,0,0
9023842,5CyQFykVpfa9xgZVGgBsiNUpjbo1EihBTSkPvDC1FZbL1wxG,5HTeZ5168DjjGWZgbvzGfysEAj9fnexF24gYFKJHENU5cc8a,0,0,613501863824133,613566662176053
9023842,5FYwKoHYfiuy9m2yM4wbwM5pQyaEP38MBTTZS8RwNKRuQ8mi,5FRXwb2qsEhqDQQKcm5m2MF26xTWwW65MHTEtKFFydypuqjG,12360219899,0,148819848752411,148834922107163
9023842,5F6aRdsBHajN2NhZHBTB6ibBFu7YuZZEWruWzB8x6B6GiZ4D,5HTeZ5168DjjGWZgbvzGfysEAj9fnexF24gYFKJHENU5cc8a,0,0,0,0
9024202,5CyQFykVpfa9xgZVGgBsiNUpjbo1EihBTSkPvDC1FZbL1wxG,5HTeZ5168DjjGWZgbvzGfysEAj9fnexF24gYFKJHENU5cc8a,0,0,613566662176053,613631460527973
9024202,5FYwKoHYfiuy9m2yM4wbwM5pQyaEP38MBTTZS8RwNKRuQ8mi,5FRXwb2qsEhqDQQKcm5m2MF26xTWwW65MHTEtKFFydypuqjG,11643838184,0,144834922107163,144849121830554
9024202,5F6aRdsBHajN2NhZHBTB6ibBFu7YuZZEWruWzB8x6B6GiZ4D,5HTeZ5168DjjGWZgbvzGfysEAj9fnexF24gYFKJHENU5cc8a,0,0,0,0
9024562,5CyQFykVpfa9xgZVGgBsiNUpjbo1EihBTSkPvDC1FZbL1wxG,5HTeZ5168DjjGWZgbvzGfysEAj9fnexF24gYFKJHENU5cc8a,0,0,613631460527973,613696258879893
9024562,5FYwKoHYfiuy9m2yM4wbwM5pQyaEP38MBTTZS8RwNKRuQ8mi,5FRXwb2qsEhqDQQKcm5m2MF26xTWwW65MHTEtKFFydypuqjG,11082356609,0,145469652718007,145483167711593
9024562,5F6aRdsBHajN2NhZHBTB6ibBFu7YuZZEWruWzB8x6B6GiZ4D,5HTeZ5168DjjGWZgbvzGfysEAj9fnexF24gYFKJHENU5cc8a,0,0,0,0
9024922,5CyQFykVpfa9xgZVGgBsiNUpjbo1EihBTSkPvDC1FZbL1wxG,5HTeZ5168DjjGWZgbvzGfysEAj9fnexF24gYFKJHENU5cc8a,0,0,613696258879893,613761057231813
9024922,5FYwKoHYfiuy9m2yM4wbwM5pQyaEP38MBTTZS8RwNKRuQ8mi,5FRXwb2qsEhqDQQKcm5m2MF26xTWwW65MHTEtKFFydypuqjG,10564687429,0,145483167711593,145496051404825
9024922,5F6aRdsBHajN2NhZHBTB6ibBFu7YuZZEWruWzB8x6B6GiZ4D,5HTeZ5168DjjGWZgbvzGfysEAj9fnexF24gYFKJHENU5cc8a,0,0,0,0
9025282,5CyQFykVpfa9xgZVGgBsiNUpjbo1EihBTSkPvDC1FZbL1wxG,5HTeZ5168DjjGWZgbvzGfysEAj9fnexF24gYFKJHENU5cc8a,0,0,719761057231813,719825855583733
9025282,5FYwKoHYfiuy9m2yM4wbwM5pQyaEP38MBTTZS8RwNKRuQ8mi,5FRXwb2qsEhqDQQKcm5m2MF26xTWwW65MHTEtKFFydypuqjG,5675530085,0,35666913026848,35673834366361
9025282,5F6aRdsBHajN2NhZHBTB6ibBFu7YuZZEWruWzB8x6B6GiZ4D,5HTeZ5168DjjGWZgbvzGfysEAj9fnexF24gYFKJHENU5cc8a,0,0,0,0
9025642,5CyQFykVpfa9xgZVGgBsiNUpjbo1EihBTSkPvDC1FZbL1wxG,5HTeZ5168DjjGWZgbvzGfysEAj9fnexF24gYFKJHENU5cc8a,0,0,719825855583733,719890653935653
9025642,5FYwKoHYfiuy9m2yM4wbwM5pQyaEP38MBTTZS8RwNKRuQ8mi,5FRXwb2qsEhqDQQKcm5m2MF26xTWwW65MHTEtKFFydypuqjG,5255245404,0,35673834366361,35680243166441
9025642,5F6aRdsBHajN2NhZHBTB6ibBFu7YuZZEWruWzB8x6B6GiZ4D,5HTeZ5168DjjGWZgbvzGfysEAj9fnexF24gYFKJHENU5cc8a,0,0,0,0
9026002,5CyQFykVpfa9xgZVGgBsiNUpjbo1EihBTSkPvDC1FZbL1wxG,5HTeZ5168DjjGWZgbvzGfysEAj9fnexF24gYFKJHENU5cc8a,0,0,719890653935653,719955452287573
9026002,5FYwKoHYfiuy9m2yM4wbwM5pQyaEP38MBTTZS8RwNKRuQ8mi,5FRXwb2qsEhqDQQKcm5m2MF26xTWwW65MHTEtKFFydypuqjG,4937073708,0,36451515828866,36457536616849
9026002,5F6aRdsBHajN2NhZHBTB6ibBFu7YuZZEWruWzB8x6B6GiZ4D,5HTeZ5168DjjGWZgbvzGfysEAj9fnexF24gYFKJHENU5cc8a,0,0,0,0
9026362,5CyQFykVpfa9xgZVGgBsiNUpjbo1EihBTSkPvDC1FZbL1wxG,5HTeZ5168DjjGWZgbvzGfysEAj9fnexF24gYFKJHENU5cc8a,0,0,719955452287573,720020250639493
9026362,5FYwKoHYfiuy9m2yM4wbwM5pQyaEP38MBTTZS8RwNKRuQ8mi,5FRXwb2qsEhqDQQKcm5m2MF26xTWwW65MHTEtKFFydypuqjG,4595842726,0,36405586740376,36411191395338
9026362,5F6aRdsBHajN2NhZHBTB6ibBFu7YuZZEWruWzB8x6B6GiZ4D,5HTeZ5168DjjGWZgbvzGfysEAj9fnexF24gYFKJHENU5cc8a,0,0,0,0
9026722,5CyQFykVpfa9xgZVGgBsiNUpjbo1EihBTSkPvDC1FZbL1wxG,5HTeZ5168DjjGWZgbvzGfysEAj9fnexF24gYFKJHENU5cc8a,0,0,720020250639493,720085048991413
9026722,5FYwKoHYfiuy9m2yM4wbwM5pQyaEP38MBTTZS8RwNKRuQ8mi,5FRXwb2qsEhqDQQKcm5m2MF26xTWwW65MHTEtKFFydypuqjG,4275965671,0,36411191395338,36416405958508
9026722,5F6aRdsBHajN2NhZHBTB6ibBFu7YuZZEWruWzB8x6B6GiZ4D,5HTeZ5168DjjGWZgbvzGfysEAj9fnexF24gYFKJHENU5cc8a,0,0,0,0
9027082,5CyQFykVpfa9xgZVGgBsiNUpjbo1EihBTSkPvDC1FZbL1wxG,5HTeZ5168DjjGWZgbvzGfysEAj9fnexF24gYFKJHENU5cc8a,0,0,720085048991413,720149847343333
9027082,5FYwKoHYfiuy9m2yM4wbwM5pQyaEP38MBTTZS8RwNKRuQ8mi,5FRXwb2qsEhqDQQKcm5m2MF26xTWwW65MHTEtKFFydypuqjG,3965333896,0,35916712026220,35921547772267
9027082,5F6aRdsBHajN2NhZHBTB6ibBFu7YuZZEWruWzB8x6B6GiZ4D,5HTeZ5168DjjGWZgbvzGfysEAj9fnexF24gYFKJHENU5cc8a,0,0,0,0
9027442,5CyQFykVpfa9xgZVGgBsiNUpjbo1EihBTSkPvDC1FZbL1wxG,5HTeZ5168DjjGWZgbvzGfysEAj9fnexF24gYFKJHENU5cc8a,2445855364,0,720149847343333,720217628429045
9027442,5FYwKoHYfiuy9m2yM4wbwM5pQyaEP38MBTTZS8RwNKRuQ8mi,5FRXwb2qsEhqDQQKcm5m2MF26xTWwW65MHTEtKFFydypuqjG,3665392095,0,35921547772267,35926017737672
9027442,5F6aRdsBHajN2NhZHBTB6ibBFu7YuZZEWruWzB8x6B6GiZ4D,5HTeZ5168DjjGWZgbvzGfysEAj9fnexF24gYFKJHENU5cc8a,0,0,0,0
9027802,5CyQFykVpfa9xgZVGgBsiNUpjbo1EihBTSkPvDC1FZbL1wxG,5HTeZ5168DjjGWZgbvzGfysEAj9fnexF24gYFKJHENU5cc8a,4605551425,0,728896853175370,728967268022063
9027802,5FYwKoHYfiuy9m2yM4wbwM5pQyaEP38MBTTZS8RwNKRuQ8mi,5FRXwb2qsEhqDQQKcm5m2MF26xTWwW65MHTEtKFFydypuqjG,3771195039,0,59557291796944,59561890789609
9027802,5F6aRdsBHajN2NhZHBTB6ibBFu7YuZZEWruWzB8x6B6GiZ4D,5HTeZ5168DjjGWZgbvzGfysEAj9fnexF24gYFKJHENU5cc8a,0,0,0,0
9028162,5CyQFykVpfa9xgZVGgBsiNUpjbo1EihBTSkPvDC1FZbL1wxG,5HTeZ5168DjjGWZgbvzGfysEAj9fnexF24gYFKJHENU5cc8a,6538378346,0,728967268022063,729040039961598
9028162,5FYwKoHYfiuy9m2yM4wbwM5pQyaEP38MBTTZS8RwNKRuQ8mi,5FRXwb2qsEhqDQQKcm5m2MF26xTWwW65MHTEtKFFydypuqjG,3575474020,0,59561890789609,59566251099437
9028162,5F6aRdsBHajN2NhZHBTB6ibBFu7YuZZEWruWzB8x6B6GiZ4D,5HTeZ5168DjjGWZgbvzGfysEAj9fnexF24gYFKJHENU5cc8a,0,0,0,0
9028522,5CyQFykVpfa9xgZVGgBsiNUpjbo1EihBTSkPvDC1FZbL1wxG,5HTeZ5168DjjGWZgbvzGfysEAj9fnexF24gYFKJHENU5cc8a,8268519426,0,729040039961598,729114921817501
9028522,5FYwKoHYfiuy9m2yM4wbwM5pQyaEP38MBTTZS8RwNKRuQ8mi,5FRXwb2qsEhqDQQKcm5m2MF26xTWwW65MHTEtKFFydypuqjG,3405178209,0,59566251099437,59570403732606
9028522,5F6aRdsBHajN2NhZHBTB6ibBFu7YuZZEWruWzB8x6B6GiZ4D,5HTeZ5168DjjGWZgbvzGfysEAj9fnexF24gYFKJHENU5cc8a,0,0,0,0
9028882,5CyQFykVpfa9xgZVGgBsiNUpjbo1EihBTSkPvDC1FZbL1wxG,5HTeZ5168DjjGWZgbvzGfysEAj9fnexF24gYFKJHENU5cc8a,9802840758,0,729114921817501,729191674786534
9028882,5FYwKoHYfiuy9m2yM4wbwM5pQyaEP38MBTTZS8RwNKRuQ8mi,5FRXwb2qsEhqDQQKcm5m2MF26xTWwW65MHTEtKFFydypuqjG,3240273728,0,59231264476701,59235216007968
9028882,5F6aRdsBHajN2NhZHBTB6ibBFu7YuZZEWruWzB8x6B6GiZ4D,5HTeZ5168DjjGWZgbvzGfysEAj9fnexF24gYFKJHENU5cc8a,0,0,0,0
9029242,5CyQFykVpfa9xgZVGgBsiNUpjbo1EihBTSkPvDC1FZbL1wxG,5HTeZ5168DjjGWZgbvzGfysEAj9fnexF24gYFKJHENU5cc8a,11177620412,0,729191674786534,729270104306761
9029242,5FYwKoHYfiuy9m2yM4wbwM5pQyaEP38MBTTZS8RwNKRuQ8mi,5FRXwb2qsEhqDQQKcm5m2MF26xTWwW65MHTEtKFFydypuqjG,3103723796,0,59235216007968,59239001015857
9029242,5F6aRdsBHajN2NhZHBTB6ibBFu7YuZZEWruWzB8x6B6GiZ4D,5HTeZ5168DjjGWZgbvzGfysEAj9fnexF24gYFKJHENU5cc8a,0,0,0,0
9029602,5CyQFykVpfa9xgZVGgBsiNUpjbo1EihBTSkPvDC1FZbL1wxG,5HTeZ5168DjjGWZgbvzGfysEAj9fnexF24gYFKJHENU5cc8a,12341798293,0,720600394037377,720680243278801
9029602,5FYwKoHYfiuy9m2yM4wbwM5pQyaEP38MBTTZS8RwNKRuQ8mi,5FRXwb2qsEhqDQQKcm5m2MF26xTWwW65MHTEtKFFydypuqjG,2727462356,0,67701332042059,67704658197095
9029602,5F6aRdsBHajN2NhZHBTB6ibBFu7YuZZEWruWzB8x6B6GiZ4D,5HTeZ5168DjjGWZgbvzGfysEAj9fnexF24gYFKJHENU5cc8a,0,0,0,0
9029962,5CyQFykVpfa9xgZVGgBsiNUpjbo1EihBTSkPvDC1FZbL1wxG,5HTeZ5168DjjGWZgbvzGfysEAj9fnexF24gYFKJHENU5cc8a,13402690426,0,720680243278801,720761386283897
9029962,5FYwKoHYfiuy9m2yM4wbwM5pQyaEP38MBTTZS8RwNKRuQ8mi,5FRXwb2qsEhqDQQKcm5m2MF26xTWwW65MHTEtKFFydypuqjG,2672127714,0,67704658197095,67707916871237
9029962,5F6aRdsBHajN2NhZHBTB6ibBFu7YuZZEWruWzB8x6B6GiZ4D,5HTeZ5168DjjGWZgbvzGfysEAj9fnexF24gYFKJHENU5cc8a,0,0,0,0
9030322,5CyQFykVpfa9xgZVGgBsiNUpjbo1EihBTSkPvDC1FZbL1wxG,5HTeZ5168DjjGWZgbvzGfysEAj9fnexF24gYFKJHENU5cc8a,14287048933,0,720761386283897,720843607768956
9030322,5FYwKoHYfiuy9m2yM4wbwM5pQyaEP38MBTTZS8RwNKRuQ8mi,5FRXwb2qsEhqDQQKcm5m2MF26xTWwW65MHTEtKFFydypuqjG,2612603847,0,67707916871237,67711102955702
9030322,5F6aRdsBHajN2NhZHBTB6ibBFu7YuZZEWruWzB8x6B6GiZ4D,5HTeZ5168DjjGWZgbvzGfysEAj9fnexF24gYFKJHENU5cc8a,0,0,0,0
9030682,5CyQFykVpfa9xgZVGgBsiNUpjbo1EihBTSkPvDC1FZbL1wxG,5HTeZ5168DjjGWZgbvzGfysEAj9fnexF24gYFKJHENU5cc8a,15200439339,0,720843607768956,720926943138536
9030682,5FYwKoHYfiuy9m2yM4wbwM5pQyaEP38MBTTZS8RwNKRuQ8mi,5FRXwb2qsEhqDQQKcm5m2MF26xTWwW65MHTEtKFFydypuqjG,2247072243,0,44307053852622,44309794169327
9030682,5F6aRdsBHajN2NhZHBTB6ibBFu7YuZZEWruWzB8x6B6GiZ4D,5HTeZ5168DjjGWZgbvzGfysEAj9fnexF24gYFKJHENU5cc8a,0,0,0,0
9031042,5CyQFykVpfa9xgZVGgBsiNUpjbo1EihBTSkPvDC1FZbL1wxG,5HTeZ5168DjjGWZgbvzGfysEAj9fnexF24gYFKJHENU5cc8a,15962388054,0,721452158258264,721536422828406
9031042,5FYwKoHYfiuy9m2yM4wbwM5pQyaEP38MBTTZS8RwNKRuQ8mi,5FRXwb2qsEhqDQQKcm5m2MF26xTWwW65MHTEtKFFydypuqjG,2159100524,0,44309794169327,44312427204047
9031042,5F6aRdsBHajN2NhZHBTB6ibBFu7YuZZEWruWzB8x6B6GiZ4D,5HTeZ5168DjjGWZgbvzGfysEAj9fnexF24gYFKJHENU5cc8a,0,0,0,0
9031402,5CyQFykVpfa9xgZVGgBsiNUpjbo1EihBTSkPvDC1FZbL1wxG,5HTeZ5168DjjGWZgbvzGfysEAj9fnexF24gYFKJHENU5cc8a,16641631060,0,721536422828406,721621515739053
9031402,5FYwKoHYfiuy9m2yM4wbwM5pQyaEP38MBTTZS8RwNKRuQ8mi,5FRXwb2qsEhqDQQKcm5m2MF26xTWwW65MHTEtKFFydypuqjG,2069679017,0,43845343474888,43847867459598
9031402,5F6aRdsBHajN2NhZHBTB6ibBFu7YuZZEWruWzB8x6B6GiZ4D,5HTeZ5168DjjGWZgbvzGfysEAj9fnexF24gYFKJHENU5cc8a,0,0,0,0
9031762,5CyQFykVpfa9xgZVGgBsiNUpjbo1EihBTSkPvDC1FZbL1wxG,5HTeZ5168DjjGWZgbvzGfysEAj9fnexF24gYFKJHENU5cc8a,17250831278,0,721621515739053,721707351572648
9031762,5FYwKoHYfiuy9m2yM4wbwM5pQyaEP38MBTTZS8RwNKRuQ8mi,5FRXwb2qsEhqDQQKcm5m2MF26xTWwW65MHTEtKFFydypuqjG,2004189399,0,43847867459598,43850311579367
9031762,5F6aRdsBHajN2NhZHBTB6ibBFu7YuZZEWruWzB8x6B6GiZ4D,5HTeZ5168DjjGWZgbvzGfysEAj9fnexF24gYFKJHENU5cc8a,0,0,0,0
9032122,5CyQFykVpfa9xgZVGgBsiNUpjbo1EihBTSkPvDC1FZbL1wxG,5HTeZ5168DjjGWZgbvzGfysEAj9fnexF24gYFKJHENU5cc8a,17801120200,0,721707351572648,721793858486548
9032122,5FYwKoHYfiuy9m2yM4wbwM5pQyaEP38MBTTZS8RwNKRuQ8mi,5FRXwb2qsEhqDQQKcm5m2MF26xTWwW65MHTEtKFFydypuqjG,1945990956,0,43850311579367,43852684725821
9032122,5F6aRdsBHajN2NhZHBTB6ibBFu7YuZZEWruWzB8x6B6GiZ4D,5HTeZ5168DjjGWZgbvzGfysEAj9fnexF24gYFKJHENU5cc8a,0,0,0,0
9032482,5CyQFykVpfa9xgZVGgBsiNUpjbo1EihBTSkPvDC1FZbL1wxG,5HTeZ5168DjjGWZgbvzGfysEAj9fnexF24gYFKJHENU5cc8a,18293876233,0,721984967692163,722072075524699
9032482,5FYwKoHYfiuy9m2yM4wbwM5pQyaEP38MBTTZS8RwNKRuQ8mi,5FRXwb2qsEhqDQQKcm5m2MF26xTWwW65MHTEtKFFydypuqjG,1896581715,0,43852684725821,43854997617439
9032482,5F6aRdsBHajN2NhZHBTB6ibBFu7YuZZEWruWzB8x6B6GiZ4D,5HTeZ5168DjjGWZgbvzGfysEAj9fnexF24gYFKJHENU5cc8a,0,0,0,0
9032842,5CyQFykVpfa9xgZVGgBsiNUpjbo1EihBTSkPvDC1FZbL1wxG,5HTeZ5168DjjGWZgbvzGfysEAj9fnexF24gYFKJHENU5cc8a,18742156297,0,722072075524699,722159730037188
9032842,5FYwKoHYfiuy9m2yM4wbwM5pQyaEP38MBTTZS8RwNKRuQ8mi,5FRXwb2qsEhqDQQKcm5m2MF26xTWwW65MHTEtKFFydypuqjG,1849710139,0,43854997617439,43857253348918
9032842,5F6aRdsBHajN2NhZHBTB6ibBFu7YuZZEWruWzB8x6B6GiZ4D,5HTeZ5168DjjGWZgbvzGfysEAj9fnexF24gYFKJHENU5cc8a,0,0,0,0
9033202,5CyQFykVpfa9xgZVGgBsiNUpjbo1EihBTSkPvDC1FZbL1wxG,5HTeZ5168DjjGWZgbvzGfysEAj9fnexF24gYFKJHENU5cc8a,19061357635,0,722159730037188,722247773817429
9033202,5FYwKoHYfiuy9m2yM4wbwM5pQyaEP38MBTTZS8RwNKRuQ8mi,5FRXwb2qsEhqDQQKcm5m2MF26xTWwW65MHTEtKFFydypuqjG,1401221153,0,43857253348918,43858962145662
9033202,5F6aRdsBHajN2NhZHBTB6ibBFu7YuZZEWruWzB8x6B6GiZ4D,5HTeZ5168DjjGWZgbvzGfysEAj9fnexF24gYFKJHENU5cc8a,0,0,0,0
9033562,5CyQFykVpfa9xgZVGgBsiNUpjbo1EihBTSkPvDC1FZbL1wxG,5HTeZ5168DjjGWZgbvzGfysEAj9fnexF24gYFKJHENU5cc8a,19436929075,0,722247773817429,722336275609064
9033562,5FYwKoHYfiuy9m2yM4wbwM5pQyaEP38MBTTZS8RwNKRuQ8mi,5FRXwb2qsEhqDQQKcm5m2MF26xTWwW65MHTEtKFFydypuqjG,1407534270,0,43858962145662,43860678641286
9033562,5F6aRdsBHajN2NhZHBTB6ibBFu7YuZZEWruWzB8x6B6GiZ4D,5HTeZ5168DjjGWZgbvzGfysEAj9fnexF24gYFKJHENU5cc8a,0,0,0,0
9033922,5CyQFykVpfa9xgZVGgBsiNUpjbo1EihBTSkPvDC1FZbL1wxG,5HTeZ5168DjjGWZgbvzGfysEAj9fnexF24gYFKJHENU5cc8a,19783480468,0,722336275609064,722425200021990
9033922,5FYwKoHYfiuy9m2yM4wbwM5pQyaEP38MBTTZS8RwNKRuQ8mi,5FRXwb2qsEhqDQQKcm5m2MF26xTWwW65MHTEtKFFydypuqjG,1413827505,0,43860678641286,43862402811544
9033922,5F6aRdsBHajN2NhZHBTB6ibBFu7YuZZEWruWzB8x6B6GiZ4D,5HTeZ5168DjjGWZgbvzGfysEAj9fnexF24gYFKJHENU5cc8a,0,0,0,0
9034282,5CyQFykVpfa9xgZVGgBsiNUpjbo1EihBTSkPvDC1FZbL1wxG,5HTeZ5168DjjGWZgbvzGfysEAj9fnexF24gYFKJHENU5cc8a,20083678440,0,722425200021990,722514490527960
9034282,5FYwKoHYfiuy9m2yM4wbwM5pQyaEP38MBTTZS8RwNKRuQ8mi,5FRXwb2qsEhqDQQKcm5m2MF26xTWwW65MHTEtKFFydypuqjG,1418523839,0,43862402811544,43864132709007
9034282,5F6aRdsBHajN2NhZHBTB6ibBFu7YuZZEWruWzB8x6B6GiZ4D,5HTeZ5168DjjGWZgbvzGfysEAj9fnexF24gYFKJHENU5cc8a,0,0,0,0
9034642,5CyQFykVpfa9xgZVGgBsiNUpjbo1EihBTSkPvDC1FZbL1wxG,5HTeZ5168DjjGWZgbvzGfysEAj9fnexF24gYFKJHENU5cc8a,20354632027,0,722514490527960,722604111463289
9034642,5FYwKoHYfiuy9m2yM4wbwM5pQyaEP38MBTTZS8RwNKRuQ8mi,5FRXwb2qsEhqDQQKcm5m2MF26xTWwW65MHTEtKFFydypuqjG,1420373490,0,43864132709007,43865864862129
9034642,5F6aRdsBHajN2NhZHBTB6ibBFu7YuZZEWruWzB8x6B6GiZ4D,5HTeZ5168DjjGWZgbvzGfysEAj9fnexF24gYFKJHENU5cc8a,0,0,0,0
9035002,5CyQFykVpfa9xgZVGgBsiNUpjbo1EihBTSkPvDC1FZbL1wxG,5HTeZ5168DjjGWZgbvzGfysEAj9fnexF24gYFKJHENU5cc8a,20591849152,0,722604111463289,722694021686179
9035002,5FYwKoHYfiuy9m2yM4wbwM5pQyaEP38MBTTZS8RwNKRuQ8mi,5FRXwb2qsEhqDQQKcm5m2MF26xTWwW65MHTEtKFFydypuqjG,1419463174,0,43865864862129,43867595905116
9035002,5F6aRdsBHajN2NhZHBTB6ibBFu7YuZZEWruWzB8x6B6GiZ4D,5HTeZ5168DjjGWZgbvzGfysEAj9fnexF24gYFKJHENU5cc8a,0,0,0,0
9035362,5CyQFykVpfa9xgZVGgBsiNUpjbo1EihBTSkPvDC1FZbL1wxG,5HTeZ5168DjjGWZgbvzGfysEAj9fnexF24gYFKJHENU5cc8a,20805989939,0,722694021686179,722784193054913
9035362,5FYwKoHYfiuy9m2yM4wbwM5pQyaEP38MBTTZS8RwNKRuQ8mi,5FRXwb2qsEhqDQQKcm5m2MF26xTWwW65MHTEtKFFydypuqjG,1420689055,0,43867595905116,43869328443072
9035362,5F6aRdsBHajN2NhZHBTB6ibBFu7YuZZEWruWzB8x6B6GiZ4D,5HTeZ5168DjjGWZgbvzGfysEAj9fnexF24gYFKJHENU5cc8a,0,0,0,0
9035722,5CyQFykVpfa9xgZVGgBsiNUpjbo1EihBTSkPvDC1FZbL1wxG,5HTeZ5168DjjGWZgbvzGfysEAj9fnexF24gYFKJHENU5cc8a,20997720025,0,722784193054913,722874598239520
9035722,5FYwKoHYfiuy9m2yM4wbwM5pQyaEP38MBTTZS8RwNKRuQ8mi,5FRXwb2qsEhqDQQKcm5m2MF26xTWwW65MHTEtKFFydypuqjG,1424417270,0,43869328443072,43871065527606
9035722,5F6aRdsBHajN2NhZHBTB6ibBFu7YuZZEWruWzB8x6B6GiZ4D,5HTeZ5168DjjGWZgbvzGfysEAj9fnexF24gYFKJHENU5cc8a,0,0,0,0
9036082,5CyQFykVpfa9xgZVGgBsiNUpjbo1EihBTSkPvDC1FZbL1wxG,5HTeZ5168DjjGWZgbvzGfysEAj9fnexF24gYFKJHENU5cc8a,21169941291,0,722874598239520,722965213448888
9036082,5FYwKoHYfiuy9m2yM4wbwM5pQyaEP38MBTTZS8RwNKRuQ8mi,5FRXwb2qsEhqDQQKcm5m2MF26xTWwW65MHTEtKFFydypuqjG,1427809355,0,43871065527606,43872806748806
9036082,5F6aRdsBHajN2NhZHBTB6ibBFu7YuZZEWruWzB8x6B6GiZ4D,5HTeZ5168DjjGWZgbvzGfysEAj9fnexF24gYFKJHENU5cc8a,0,0,0,0
9036442,5CyQFykVpfa9xgZVGgBsiNUpjbo1EihBTSkPvDC1FZbL1wxG,5HTeZ5168DjjGWZgbvzGfysEAj9fnexF24gYFKJHENU5cc8a,21327857024,0,722985040245559,723075848034014
9036442,5FYwKoHYfiuy9m2yM4wbwM5pQyaEP38MBTTZS8RwNKRuQ8mi,5FRXwb2qsEhqDQQKcm5m2MF26xTWwW65MHTEtKFFydypuqjG,1430933676,0,43872806748806,43874551780132
9036442,5F6aRdsBHajN2NhZHBTB6ibBFu7YuZZEWruWzB8x6B6GiZ4D,5HTeZ5168DjjGWZgbvzGfysEAj9fnexF24gYFKJHENU5cc8a,0,0,0,0
9036802,5CyQFykVpfa9xgZVGgBsiNUpjbo1EihBTSkPvDC1FZbL1wxG,5HTeZ5168DjjGWZgbvzGfysEAj9fnexF24gYFKJHENU5cc8a,21450476029,0,723075848034014,723166805357007
9036802,5FYwKoHYfiuy9m2yM4wbwM5pQyaEP38MBTTZS8RwNKRuQ8mi,5FRXwb2qsEhqDQQKcm5m2MF26xTWwW65MHTEtKFFydypuqjG,1421705217,0,43673095338026,43674829115197
9036802,5F6aRdsBHajN2NhZHBTB6ibBFu7YuZZEWruWzB8x6B6GiZ4D,5HTeZ5168DjjGWZgbvzGfysEAj9fnexF24gYFKJHENU5cc8a,0,0,0,0
9037162,5CyQFykVpfa9xgZVGgBsiNUpjbo1EihBTSkPvDC1FZbL1wxG,5HTeZ5168DjjGWZgbvzGfysEAj9fnexF24gYFKJHENU5cc8a,21564728812,0,723166805357007,723257902011884
9037162,5FYwKoHYfiuy9m2yM4wbwM5pQyaEP38MBTTZS8RwNKRuQ8mi,5FRXwb2qsEhqDQQKcm5m2MF26xTWwW65MHTEtKFFydypuqjG,1427024404,0,43674829115197,43676569379145
9037162,5F6aRdsBHajN2NhZHBTB6ibBFu7YuZZEWruWzB8x6B6GiZ4D,5HTeZ5168DjjGWZgbvzGfysEAj9fnexF24gYFKJHENU5cc8a,0,0,0,0
9037522,5CyQFykVpfa9xgZVGgBsiNUpjbo1EihBTSkPvDC1FZbL1wxG,5HTeZ5168DjjGWZgbvzGfysEAj9fnexF24gYFKJHENU5cc8a,21686894381,0,723257902011884,723349147648330
9037522,5FYwKoHYfiuy9m2yM4wbwM5pQyaEP38MBTTZS8RwNKRuQ8mi,5FRXwb2qsEhqDQQKcm5m2MF26xTWwW65MHTEtKFFydypuqjG,1430226127,0,43676569379145,43678313547611
9037522,5F6aRdsBHajN2NhZHBTB6ibBFu7YuZZEWruWzB8x6B6GiZ4D,5HTeZ5168DjjGWZgbvzGfysEAj9fnexF24gYFKJHENU5cc8a,0,0,0,0
9037882,5CyQFykVpfa9xgZVGgBsiNUpjbo1EihBTSkPvDC1FZbL1wxG,5HTeZ5168DjjGWZgbvzGfysEAj9fnexF24gYFKJHENU5cc8a,21787212982,0,723349147648330,723440515623851
9037882,5FYwKoHYfiuy9m2yM4wbwM5pQyaEP38MBTTZS8RwNKRuQ8mi,5FRXwb2qsEhqDQQKcm5m2MF26xTWwW65MHTEtKFFydypuqjG,1436326507,0,43678313547611,43680065155523
9037882,5F6aRdsBHajN2NhZHBTB6ibBFu7YuZZEWruWzB8x6B6GiZ4D,5HTeZ5168DjjGWZgbvzGfysEAj9fnexF24gYFKJHENU5cc8a,0,0,0,0
9038242,5CyQFykVpfa9xgZVGgBsiNUpjbo1EihBTSkPvDC1FZbL1wxG,5HTeZ5168DjjGWZgbvzGfysEAj9fnexF24gYFKJHENU5cc8a,21884000227,0,723440515623851,723532001631939
9038242,5FYwKoHYfiuy9m2yM4wbwM5pQyaEP38MBTTZS8RwNKRuQ8mi,5FRXwb2qsEhqDQQKcm5m2MF26xTWwW65MHTEtKFFydypuqjG,1437955181,0,43680065155523,43681818749612
9038242,5F6aRdsBHajN2NhZHBTB6ibBFu7YuZZEWruWzB8x6B6GiZ4D,5HTeZ5168DjjGWZgbvzGfysEAj9fnexF24gYFKJHENU5cc8a,0,0,0,0
9038602,5CyQFykVpfa9xgZVGgBsiNUpjbo1EihBTSkPvDC1FZbL1wxG,5HTeZ5168DjjGWZgbvzGfysEAj9fnexF24gYFKJHENU5cc8a,21961687210,0,723532001631939,723623582379721
9038602,5FYwKoHYfiuy9m2yM4wbwM5pQyaEP38MBTTZS8RwNKRuQ8mi,5FRXwb2qsEhqDQQKcm5m2MF26xTWwW65MHTEtKFFydypuqjG,1440996333,0,43681818749612,43683576052402
9038602,5F6aRdsBHajN2NhZHBTB6ibBFu7YuZZEWruWzB8x6B6GiZ4D,5HTeZ5168DjjGWZgbvzGfysEAj9fnexF24gYFKJHENU5cc8a,0,0,0,0
9038962,5CyQFykVpfa9xgZVGgBsiNUpjbo1EihBTSkPvDC1FZbL1wxG,5HTeZ5168DjjGWZgbvzGfysEAj9fnexF24gYFKJHENU5cc8a,22037471823,0,723623582379721,723715255547247
9038962,5FYwKoHYfiuy9m2yM4wbwM5pQyaEP38MBTTZS8RwNKRuQ8mi,5FRXwb2qsEhqDQQKcm5m2MF26xTWwW65MHTEtKFFydypuqjG,1439189964,0,43357847869057,43359602968971
9038962,5F6aRdsBHajN2NhZHBTB6ibBFu7YuZZEWruWzB8x6B6GiZ4D,5HTeZ5168DjjGWZgbvzGfysEAj9fnexF24gYFKJHENU5cc8a,0,0,0,0
9039322,5CyQFykVpfa9xgZVGgBsiNUpjbo1EihBTSkPvDC1FZbL1wxG,5HTeZ5168DjjGWZgbvzGfysEAj9fnexF24gYFKJHENU5cc8a,22103817220,0,723715255547247,723807009623342
9039322,5FYwKoHYfiuy9m2yM4wbwM5pQyaEP38MBTTZS8RwNKRuQ8mi,5FRXwb2qsEhqDQQKcm5m2MF26xTWwW65MHTEtKFFydypuqjG,1439246419,0,43359602968971,43361358137732
9039322,5F6aRdsBHajN2NhZHBTB6ibBFu7YuZZEWruWzB8x6B6GiZ4D,5HTeZ5168DjjGWZgbvzGfysEAj9fnexF24gYFKJHENU5cc8a,0,0,0,0
9039682,5CyQFykVpfa9xgZVGgBsiNUpjbo1EihBTSkPvDC1FZbL1wxG,5HTeZ5168DjjGWZgbvzGfysEAj9fnexF24gYFKJHENU5cc8a,22170040008,0,723807009623342,723898844458483
9039682,5FYwKoHYfiuy9m2yM4wbwM5pQyaEP38MBTTZS8RwNKRuQ8mi,5FRXwb2qsEhqDQQKcm5m2MF26xTWwW65MHTEtKFFydypuqjG,1439346171,0,43361358137732,43363113428141
9039682,5F6aRdsBHajN2NhZHBTB6ibBFu7YuZZEWruWzB8x6B6GiZ4D,5HTeZ5168DjjGWZgbvzGfysEAj9fnexF24gYFKJHENU5cc8a,0,0,0,0
9040042,5CyQFykVpfa9xgZVGgBsiNUpjbo1EihBTSkPvDC1FZbL1wxG,5HTeZ5168DjjGWZgbvzGfysEAj9fnexF24gYFKJHENU5cc8a,22231014896,0,723898844458483,723990753652829
9040042,5FYwKoHYfiuy9m2yM4wbwM5pQyaEP38MBTTZS8RwNKRuQ8mi,5FRXwb2qsEhqDQQKcm5m2MF26xTWwW65MHTEtKFFydypuqjG,1439626292,0,43363113428141,43364869060159
9040042,5F6aRdsBHajN2NhZHBTB6ibBFu7YuZZEWruWzB8x6B6GiZ4D,5HTeZ5168DjjGWZgbvzGfysEAj9fnexF24gYFKJHENU5cc8a,0,0,0,0
9040402,5CyQFykVpfa9xgZVGgBsiNUpjbo1EihBTSkPvDC1FZbL1wxG,5HTeZ5168DjjGWZgbvzGfysEAj9fnexF24gYFKJHENU5cc8a,22281807849,0,723990753652829,724082724789454
9040402,5FYwKoHYfiuy9m2yM4wbwM5pQyaEP38MBTTZS8RwNKRuQ8mi,5FRXwb2qsEhqDQQKcm5m2MF26xTWwW65MHTEtKFFydypuqjG,1441582848,0,43364869060159,43366627078208
9040402,5F6aRdsBHajN2NhZHBTB6ibBFu7YuZZEWruWzB8x6B6GiZ4D,5HTeZ5168DjjGWZgbvzGfysEAj9fnexF24gYFKJHENU5cc8a,0,0,0,0
9040762,5CyQFykVpfa9xgZVGgBsiNUpjbo1EihBTSkPvDC1FZbL1wxG,5HTeZ5168DjjGWZgbvzGfysEAj9fnexF24gYFKJHENU5cc8a,22328039270,0,724082724789454,724174752305546
9040762,5FYwKoHYfiuy9m2yM4wbwM5pQyaEP38MBTTZS8RwNKRuQ8mi,5FRXwb2qsEhqDQQKcm5m2MF26xTWwW65MHTEtKFFydypuqjG,1441501687,0,43366627078208,43368384997280
9040762,5F6aRdsBHajN2NhZHBTB6ibBFu7YuZZEWruWzB8x6B6GiZ4D,5HTeZ5168DjjGWZgbvzGfysEAj9fnexF24gYFKJHENU5cc8a,0,0,0,0
9041122,5CyQFykVpfa9xgZVGgBsiNUpjbo1EihBTSkPvDC1FZbL1wxG,5HTeZ5168DjjGWZgbvzGfysEAj9fnexF24gYFKJHENU5cc8a,22372614606,0,724174752305546,724266834181501
9041122,5FYwKoHYfiuy9m2yM4wbwM5pQyaEP38MBTTZS8RwNKRuQ8mi,5FRXwb2qsEhqDQQKcm5m2MF26xTWwW65MHTEtKFFydypuqjG,1441432834,0,43368384997280,43370142832386
9041122,5F6aRdsBHajN2NhZHBTB6ibBFu7YuZZEWruWzB8x6B6GiZ4D,5HTeZ5168DjjGWZgbvzGfysEAj9fnexF24gYFKJHENU5cc8a,0,0,0,0
9041482,5CyQFykVpfa9xgZVGgBsiNUpjbo1EihBTSkPvDC1FZbL1wxG,5HTeZ5168DjjGWZgbvzGfysEAj9fnexF24gYFKJHENU5cc8a,22411875448,0,724266834181501,724358963936264
9041482,5FYwKoHYfiuy9m2yM4wbwM5pQyaEP38MBTTZS8RwNKRuQ8mi,5FRXwb2qsEhqDQQKcm5m2MF26xTWwW65MHTEtKFFydypuqjG,1441480451,0,43370142832386,43371900725561
9041482,5F6aRdsBHajN2NhZHBTB6ibBFu7YuZZEWruWzB8x6B6GiZ4D,5HTeZ5168DjjGWZgbvzGfysEAj9fnexF24gYFKJHENU5cc8a,0,0,0,0
9041842,5CyQFykVpfa9xgZVGgBsiNUpjbo1EihBTSkPvDC1FZbL1wxG,5HTeZ5168DjjGWZgbvzGfysEAj9fnexF24gYFKJHENU5cc8a,22446942825,0,724358963936264,724451136455882
9041842,5FYwKoHYfiuy9m2yM4wbwM5pQyaEP38MBTTZS8RwNKRuQ8mi,5FRXwb2qsEhqDQQKcm5m2MF26xTWwW65MHTEtKFFydypuqjG,1441247530,0,43371900725561,43373658334688
9041842,5F6aRdsBHajN2NhZHBTB6ibBFu7YuZZEWruWzB8x6B6GiZ4D,5HTeZ5168DjjGWZgbvzGfysEAj9fnexF24gYFKJHENU5cc8a,0,0,0,0
9042202,5CyQFykVpfa9xgZVGgBsiNUpjbo1EihBTSkPvDC1FZbL1wxG,5HTeZ5168DjjGWZgbvzGfysEAj9fnexF24gYFKJHENU5cc8a,22466141262,0,724451136455882,724543332388098
9042202,5FYwKoHYfiuy9m2yM4wbwM5pQyaEP38MBTTZS8RwNKRuQ8mi,5FRXwb2qsEhqDQQKcm5m2MF26xTWwW65MHTEtKFFydypuqjG,1440258771,0,43373658334688,43375414738018
9042202,5F6aRdsBHajN2NhZHBTB6ibBFu7YuZZEWruWzB8x6B6GiZ4D,5HTeZ5168DjjGWZgbvzGfysEAj9fnexF24gYFKJHENU5cc8a,0,0,0,0
9042562,5CyQFykVpfa9xgZVGgBsiNUpjbo1EihBTSkPvDC1FZbL1wxG,5HTeZ5168DjjGWZgbvzGfysEAj9fnexF24gYFKJHENU5cc8a,22491374001,0,724543332388098,724635559091775
9042562,5FYwKoHYfiuy9m2yM4wbwM5pQyaEP38MBTTZS8RwNKRuQ8mi,5FRXwb2qsEhqDQQKcm5m2MF26xTWwW65MHTEtKFFydypuqjG,1440044860,0,43375414738018,43377170880482
9042562,5F6aRdsBHajN2NhZHBTB6ibBFu7YuZZEWruWzB8x6B6GiZ4D,5HTeZ5168DjjGWZgbvzGfysEAj9fnexF24gYFKJHENU5cc8a,0,0,0,0
9042922,5CyQFykVpfa9xgZVGgBsiNUpjbo1EihBTSkPvDC1FZbL1wxG,5HTeZ5168DjjGWZgbvzGfysEAj9fnexF24gYFKJHENU5cc8a,22506442441,0,724635559091775,724727804171495
9042922,5FYwKoHYfiuy9m2yM4wbwM5pQyaEP38MBTTZS8RwNKRuQ8mi,5FRXwb2qsEhqDQQKcm5m2MF26xTWwW65MHTEtKFFydypuqjG,1439306448,0,43377170880482,43378926122449
9042922,5F6aRdsBHajN2NhZHBTB6ibBFu7YuZZEWruWzB8x6B6GiZ4D,5HTeZ5168DjjGWZgbvzGfysEAj9fnexF24gYFKJHENU5cc8a,0,0,0,0
9043282,5CyQFykVpfa9xgZVGgBsiNUpjbo1EihBTSkPvDC1FZbL1wxG,5HTeZ5168DjjGWZgbvzGfysEAj9fnexF24gYFKJHENU5cc8a,22516555867,0,724727804171495,724820061584593
9043282,5FYwKoHYfiuy9m2yM4wbwM5pQyaEP38MBTTZS8RwNKRuQ8mi,5FRXwb2qsEhqDQQKcm5m2MF26xTWwW65MHTEtKFFydypuqjG,1438409252,0,43378926122449,43380680270280
9043282,5F6aRdsBHajN2NhZHBTB6ibBFu7YuZZEWruWzB8x6B6GiZ4D,5HTeZ5168DjjGWZgbvzGfysEAj9fnexF24gYFKJHENU5cc8a,0,0,0,0
9043642,5CyQFykVpfa9xgZVGgBsiNUpjbo1EihBTSkPvDC1FZbL1wxG,5HTeZ5168DjjGWZgbvzGfysEAj9fnexF24gYFKJHENU5cc8a,22559593997,0,724820061584593,724912371482922
9043642,5FYwKoHYfiuy9m2yM4wbwM5pQyaEP38MBTTZS8RwNKRuQ8mi,5FRXwb2qsEhqDQQKcm5m2MF26xTWwW65MHTEtKFFydypuqjG,1439859539,0,43380680270280,43382436186744
9043642,5F6aRdsBHajN2NhZHBTB6ibBFu7YuZZEWruWzB8x6B6GiZ4D,5HTeZ5168DjjGWZgbvzGfysEAj9fnexF24gYFKJHENU5cc8a,0,0,0,0
9044002,5CyQFykVpfa9xgZVGgBsiNUpjbo1EihBTSkPvDC1FZbL1wxG,5HTeZ5168DjjGWZgbvzGfysEAj9fnexF24gYFKJHENU5cc8a,22553818056,0,724912371482922,725004674337460
9044002,5FYwKoHYfiuy9m2yM4wbwM5pQyaEP38MBTTZS8RwNKRuQ8mi,5FRXwb2qsEhqDQQKcm5m2MF26xTWwW65MHTEtKFFydypuqjG,1438319522,0,43382436186744,43384190225149
9044002,5F6aRdsBHajN2NhZHBTB6ibBFu7YuZZEWruWzB8x6B6GiZ4D,5HTeZ5168DjjGWZgbvzGfysEAj9fnexF24gYFKJHENU5cc8a,0,0,0,0
9044362,5CyQFykVpfa9xgZVGgBsiNUpjbo1EihBTSkPvDC1FZbL1wxG,5HTeZ5168DjjGWZgbvzGfysEAj9fnexF24gYFKJHENU5cc8a,22566098367,0,725004674337460,725096992167904
9044362,5FYwKoHYfiuy9m2yM4wbwM5pQyaEP38MBTTZS8RwNKRuQ8mi,5FRXwb2qsEhqDQQKcm5m2MF26xTWwW65MHTEtKFFydypuqjG,1438005676,0,43384190225149,43385943880817
9044362,5F6aRdsBHajN2NhZHBTB6ibBFu7YuZZEWruWzB8x6B6GiZ4D,5HTeZ5168DjjGWZgbvzGfysEAj9fnexF24gYFKJHENU5cc8a,0,0,0,0
9044722,5CyQFykVpfa9xgZVGgBsiNUpjbo1EihBTSkPvDC1FZbL1wxG,5HTeZ5168DjjGWZgbvzGfysEAj9fnexF24gYFKJHENU5cc8a,22599573828,0,725096992167904,725189350821853
9044722,5FYwKoHYfiuy9m2yM4wbwM5pQyaEP38MBTTZS8RwNKRuQ8mi,5FRXwb2qsEhqDQQKcm5m2MF26xTWwW65MHTEtKFFydypuqjG,1375882719,0,40752322863560,40754000759947
9044722,5F6aRdsBHajN2NhZHBTB6ibBFu7YuZZEWruWzB8x6B6GiZ4D,5HTeZ5168DjjGWZgbvzGfysEAj9fnexF24gYFKJHENU5cc8a,0,0,0,0
9045082,5CyQFykVpfa9xgZVGgBsiNUpjbo1EihBTSkPvDC1FZbL1wxG,5HTeZ5168DjjGWZgbvzGfysEAj9fnexF24gYFKJHENU5cc8a,22601526060,0,724663540611365,724755901646071
9045082,5FYwKoHYfiuy9m2yM4wbwM5pQyaEP38MBTTZS8RwNKRuQ8mi,5FRXwb2qsEhqDQQKcm5m2MF26xTWwW65MHTEtKFFydypuqjG,1373181887,0,40746056483321,40747731086029
9045082,5F6aRdsBHajN2NhZHBTB6ibBFu7YuZZEWruWzB8x6B6GiZ4D,5HTeZ5168DjjGWZgbvzGfysEAj9fnexF24gYFKJHENU5cc8a,0,0,0,0
9045442,5CyQFykVpfa9xgZVGgBsiNUpjbo1EihBTSkPvDC1FZbL1wxG,5HTeZ5168DjjGWZgbvzGfysEAj9fnexF24gYFKJHENU5cc8a,22622703893,0,724755901646071,724848288507258
9045442,5FYwKoHYfiuy9m2yM4wbwM5pQyaEP38MBTTZS8RwNKRuQ8mi,5FRXwb2qsEhqDQQKcm5m2MF26xTWwW65MHTEtKFFydypuqjG,1371984742,0,40747731086029,40749404228813
9045442,5F6aRdsBHajN2NhZHBTB6ibBFu7YuZZEWruWzB8x6B6GiZ4D,5HTeZ5168DjjGWZgbvzGfysEAj9fnexF24gYFKJHENU5cc8a,0,0,0,0
9045802,5CyQFykVpfa9xgZVGgBsiNUpjbo1EihBTSkPvDC1FZbL1wxG,5HTeZ5168DjjGWZgbvzGfysEAj9fnexF24gYFKJHENU5cc8a,22629574868,0,724848288507258,724940683747637
9045802,5FYwKoHYfiuy9m2yM4wbwM5pQyaEP38MBTTZS8RwNKRuQ8mi,5FRXwb2qsEhqDQQKcm5m2MF26xTWwW65MHTEtKFFydypuqjG,1370026783,0,40749404228813,40751074983855
9045802,5F6aRdsBHajN2NhZHBTB6ibBFu7YuZZEWruWzB8x6B6GiZ4D,5HTeZ5168DjjGWZgbvzGfysEAj9fnexF24gYFKJHENU5cc8a,0,0,0,0
9046162,5CyQFykVpfa9xgZVGgBsiNUpjbo1EihBTSkPvDC1FZbL1wxG,5HTeZ5168DjjGWZgbvzGfysEAj9fnexF24gYFKJHENU5cc8a,22639100454,0,724940683747637,725033090604519
9046162,5FYwKoHYfiuy9m2yM4wbwM5pQyaEP38MBTTZS8RwNKRuQ8mi,5FRXwb2qsEhqDQQKcm5m2MF26xTWwW65MHTEtKFFydypuqjG,1368585572,0,40751074983855,40752743981332
9046162,5F6aRdsBHajN2NhZHBTB6ibBFu7YuZZEWruWzB8x6B6GiZ4D,5HTeZ5168DjjGWZgbvzGfysEAj9fnexF24gYFKJHENU5cc8a,0,0,0,0
9046522,5CyQFykVpfa9xgZVGgBsiNUpjbo1EihBTSkPvDC1FZbL1wxG,5HTeZ5168DjjGWZgbvzGfysEAj9fnexF24gYFKJHENU5cc8a,22632758068,0,725033090604519,725125489726827
9046522,5FYwKoHYfiuy9m2yM4wbwM5pQyaEP38MBTTZS8RwNKRuQ8mi,5FRXwb2qsEhqDQQKcm5m2MF26xTWwW65MHTEtKFFydypuqjG,1366247573,0,40752743981332,40754410127607
9046522,5F6aRdsBHajN2NhZHBTB6ibBFu7YuZZEWruWzB8x6B6GiZ4D,5HTeZ5168DjjGWZgbvzGfysEAj9fnexF24gYFKJHENU5cc8a,0,0,0,0
9046882,5CyQFykVpfa9xgZVGgBsiNUpjbo1EihBTSkPvDC1FZbL1wxG,5HTeZ5168DjjGWZgbvzGfysEAj9fnexF24gYFKJHENU5cc8a,22639558794,0,725351626695993,725444034111823
9046882,5FYwKoHYfiuy9m2yM4wbwM5pQyaEP38MBTTZS8RwNKRuQ8mi,5FRXwb2qsEhqDQQKcm5m2MF26xTWwW65MHTEtKFFydypuqjG,1364876388,0,40754410127607,40756074601715
9046882,5F6aRdsBHajN2NhZHBTB6ibBFu7YuZZEWruWzB8x6B6GiZ4D,5HTeZ5168DjjGWZgbvzGfysEAj9fnexF24gYFKJHENU5cc8a,0,0,0,0
9047242,5CyQFykVpfa9xgZVGgBsiNUpjbo1EihBTSkPvDC1FZbL1wxG,5HTeZ5168DjjGWZgbvzGfysEAj9fnexF24gYFKJHENU5cc8a,22645583419,0,725444034111823,725536448874716
9047242,5FYwKoHYfiuy9m2yM4wbwM5pQyaEP38MBTTZS8RwNKRuQ8mi,5FRXwb2qsEhqDQQKcm5m2MF26xTWwW65MHTEtKFFydypuqjG,1363700472,0,40756074601715,40757737641787
9047242,5F6aRdsBHajN2NhZHBTB6ibBFu7YuZZEWruWzB8x6B6GiZ4D,5HTeZ5168DjjGWZgbvzGfysEAj9fnexF24gYFKJHENU5cc8a,0,0,0,0
9047602,5CyQFykVpfa9xgZVGgBsiNUpjbo1EihBTSkPvDC1FZbL1wxG,5HTeZ5168DjjGWZgbvzGfysEAj9fnexF24gYFKJHENU5cc8a,22652939762,0,725536448874716,725628872608709
9047602,5FYwKoHYfiuy9m2yM4wbwM5pQyaEP38MBTTZS8RwNKRuQ8mi,5FRXwb2qsEhqDQQKcm5m2MF26xTWwW65MHTEtKFFydypuqjG,1366770234,0,40757737641787,40759404425450
9047602,5F6aRdsBHajN2NhZHBTB6ibBFu7YuZZEWruWzB8x6B6GiZ4D,5HTeZ5168DjjGWZgbvzGfysEAj9fnexF24gYFKJHENU5cc8a,0,0,0,0
9047962,5CyQFykVpfa9xgZVGgBsiNUpjbo1EihBTSkPvDC1FZbL1wxG,5HTeZ5168DjjGWZgbvzGfysEAj9fnexF24gYFKJHENU5cc8a,22659902031,0,725628872608709,725721304833226
9047962,5FYwKoHYfiuy9m2yM4wbwM5pQyaEP38MBTTZS8RwNKRuQ8mi,5FRXwb2qsEhqDQQKcm5m2MF26xTWwW65MHTEtKFFydypuqjG,1365521417,0,40759404425450,40761069686174
9047962,5F6aRdsBHajN2NhZHBTB6ibBFu7YuZZEWruWzB8x6B6GiZ4D,5HTeZ5168DjjGWZgbvzGfysEAj9fnexF24gYFKJHENU5cc8a,0,0,0,0
9048322,5CyQFykVpfa9xgZVGgBsiNUpjbo1EihBTSkPvDC1FZbL1wxG,5HTeZ5168DjjGWZgbvzGfysEAj9fnexF24gYFKJHENU5cc8a,22656095793,0,725721304833226,725813732416016
9048322,5FYwKoHYfiuy9m2yM4wbwM5pQyaEP38MBTTZS8RwNKRuQ8mi,5FRXwb2qsEhqDQQKcm5m2MF26xTWwW65MHTEtKFFydypuqjG,1363492065,0,40761069686174,40762732472092
9048322,5F6aRdsBHajN2NhZHBTB6ibBFu7YuZZEWruWzB8x6B6GiZ4D,5HTeZ5168DjjGWZgbvzGfysEAj9fnexF24gYFKJHENU5cc8a,0,0,0,0
9048682,5CyQFykVpfa9xgZVGgBsiNUpjbo1EihBTSkPvDC1FZbL1wxG,5HTeZ5168DjjGWZgbvzGfysEAj9fnexF24gYFKJHENU5cc8a,22654191958,0,725813732416016,725906157677068
9048682,5FYwKoHYfiuy9m2yM4wbwM5pQyaEP38MBTTZS8RwNKRuQ8mi,5FRXwb2qsEhqDQQKcm5m2MF26xTWwW65MHTEtKFFydypuqjG,1361926746,0,40762732472092,40764393349095
9048682,5F6aRdsBHajN2NhZHBTB6ibBFu7YuZZEWruWzB8x6B6GiZ4D,5HTeZ5168DjjGWZgbvzGfysEAj9fnexF24gYFKJHENU5cc8a,0,0,0,0
9049042,5CyQFykVpfa9xgZVGgBsiNUpjbo1EihBTSkPvDC1FZbL1wxG,5HTeZ5168DjjGWZgbvzGfysEAj9fnexF24gYFKJHENU5cc8a,22656918663,0,725906157677068,725998586263352
9049042,5FYwKoHYfiuy9m2yM4wbwM5pQyaEP38MBTTZS8RwNKRuQ8mi,5FRXwb2qsEhqDQQKcm5m2MF26xTWwW65MHTEtKFFydypuqjG,1363138436,0,40764393349095,40766055703761
9049042,5F6aRdsBHajN2NhZHBTB6ibBFu7YuZZEWruWzB8x6B6GiZ4D,5HTeZ5168DjjGWZgbvzGfysEAj9fnexF24gYFKJHENU5cc8a,0,0,0,0
9049402,5CyQFykVpfa9xgZVGgBsiNUpjbo1EihBTSkPvDC1FZbL1wxG,5HTeZ5168DjjGWZgbvzGfysEAj9fnexF24gYFKJHENU5cc8a,22656744319,0,725772399878620,725864828252290
9049402,5FYwKoHYfiuy9m2yM4wbwM5pQyaEP38MBTTZS8RwNKRuQ8mi,5FRXwb2qsEhqDQQKcm5m2MF26xTWwW65MHTEtKFFydypuqjG,1362123964,0,40766055703761,40767716821272
9049402,5F6aRdsBHajN2NhZHBTB6ibBFu7YuZZEWruWzB8x6B6GiZ4D,5HTeZ5168DjjGWZgbvzGfysEAj9fnexF24gYFKJHENU5cc8a,0,0,0,0
9049762,5CyQFykVpfa9xgZVGgBsiNUpjbo1EihBTSkPvDC1FZbL1wxG,5HTeZ5168DjjGWZgbvzGfysEAj9fnexF24gYFKJHENU5cc8a,22655955936,0,725864828252290,725957255664523
9049762,5FYwKoHYfiuy9m2yM4wbwM5pQyaEP38MBTTZS8RwNKRuQ8mi,5FRXwb2qsEhqDQQKcm5m2MF26xTWwW65MHTEtKFFydypuqjG,1360756231,0,40767716821272,40769376270826
9049762,5F6aRdsBHajN2NhZHBTB6ibBFu7YuZZEWruWzB8x6B6GiZ4D,5HTeZ5168DjjGWZgbvzGfysEAj9fnexF24gYFKJHENU5cc8a,0,0,0,0
9050122,5CyQFykVpfa9xgZVGgBsiNUpjbo1EihBTSkPvDC1FZbL1wxG,5HTeZ5168DjjGWZgbvzGfysEAj9fnexF24gYFKJHENU5cc8a,22658693915,0,725957255664523,726049686415736
9050122,5FYwKoHYfiuy9m2yM4wbwM5pQyaEP38MBTTZS8RwNKRuQ8mi,5FRXwb2qsEhqDQQKcm5m2MF26xTWwW65MHTEtKFFydypuqjG,1359876731,0,40769376270826,40771034647825
9050122,5F6aRdsBHajN2NhZHBTB6ibBFu7YuZZEWruWzB8x6B6GiZ4D,5HTeZ5168DjjGWZgbvzGfysEAj9fnexF24gYFKJHENU5cc8a,0,0,0,0
9050482,5CyQFykVpfa9xgZVGgBsiNUpjbo1EihBTSkPvDC1FZbL1wxG,5HTeZ5168DjjGWZgbvzGfysEAj9fnexF24gYFKJHENU5cc8a,22655751104,0,726049686415736,726142113578175
9050482,5FYwKoHYfiuy9m2yM4wbwM5pQyaEP38MBTTZS8RwNKRuQ8mi,5FRXwb2qsEhqDQQKcm5m2MF26xTWwW65MHTEtKFFydypuqjG,1358641622,0,40771034647825,40772691518602
9050482,5F6aRdsBHajN2NhZHBTB6ibBFu7YuZZEWruWzB8x6B6GiZ4D,5HTeZ5168DjjGWZgbvzGfysEAj9fnexF24gYFKJHENU5cc8a,0,0,0,0
9050842,5CyQFykVpfa9xgZVGgBsiNUpjbo1EihBTSkPvDC1FZbL1wxG,5HTeZ5168DjjGWZgbvzGfysEAj9fnexF24gYFKJHENU5cc8a,22655251865,0,726142113578175,726234540131790
9050842,5FYwKoHYfiuy9m2yM4wbwM5pQyaEP38MBTTZS8RwNKRuQ8mi,5FRXwb2qsEhqDQQKcm5m2MF26xTWwW65MHTEtKFFydypuqjG,1357593550,0,40772691518602,40774347111249
9050842,5F6aRdsBHajN2NhZHBTB6ibBFu7YuZZEWruWzB8x6B6GiZ4D,5HTeZ5168DjjGWZgbvzGfysEAj9fnexF24gYFKJHENU5cc8a,0,0,0,0
9051202,5CyQFykVpfa9xgZVGgBsiNUpjbo1EihBTSkPvDC1FZbL1wxG,5HTeZ5168DjjGWZgbvzGfysEAj9fnexF24gYFKJHENU5cc8a,22655636830,0,726234540131790,726326967154872
9051202,5FYwKoHYfiuy9m2yM4wbwM5pQyaEP38MBTTZS8RwNKRuQ8mi,5FRXwb2qsEhqDQQKcm5m2MF26xTWwW65MHTEtKFFydypuqjG,1356551287,0,40774347111249,40776001432851
9051202,5F6aRdsBHajN2NhZHBTB6ibBFu7YuZZEWruWzB8x6B6GiZ4D,5HTeZ5168DjjGWZgbvzGfysEAj9fnexF24gYFKJHENU5cc8a,0,0,0,0
9051562,5CyQFykVpfa9xgZVGgBsiNUpjbo1EihBTSkPvDC1FZbL1wxG,5HTeZ5168DjjGWZgbvzGfysEAj9fnexF24gYFKJHENU5cc8a,22594777742,0,726326967154872,726419319959968
9051562,5FYwKoHYfiuy9m2yM4wbwM5pQyaEP38MBTTZS8RwNKRuQ8mi,5FRXwb2qsEhqDQQKcm5m2MF26xTWwW65MHTEtKFFydypuqjG,1352123071,0,40776001432851,40777650354220
9051562,5F6aRdsBHajN2NhZHBTB6ibBFu7YuZZEWruWzB8x6B6GiZ4D,5HTeZ5168DjjGWZgbvzGfysEAj9fnexF24gYFKJHENU5cc8a,0,0,0,0
9051922,5CyQFykVpfa9xgZVGgBsiNUpjbo1EihBTSkPvDC1FZbL1wxG,5HTeZ5168DjjGWZgbvzGfysEAj9fnexF24gYFKJHENU5cc8a,22606229349,0,726642090977402,726734457747794
9051922,5FYwKoHYfiuy9m2yM4wbwM5pQyaEP38MBTTZS8RwNKRuQ8mi,5FRXwb2qsEhqDQQKcm5m2MF26xTWwW65MHTEtKFFydypuqjG,1351949976,0,40777650354220,40779299064498
9051922,5F6aRdsBHajN2NhZHBTB6ibBFu7YuZZEWruWzB8x6B6GiZ4D,5HTeZ5168DjjGWZgbvzGfysEAj9fnexF24gYFKJHENU5cc8a,0,0,0,0
9052282,5CyQFykVpfa9xgZVGgBsiNUpjbo1EihBTSkPvDC1FZbL1wxG,5HTeZ5168DjjGWZgbvzGfysEAj9fnexF24gYFKJHENU5cc8a,22613694333,0,726734457747794,726826833621775
9052282,5FYwKoHYfiuy9m2yM4wbwM5pQyaEP38MBTTZS8RwNKRuQ8mi,5FRXwb2qsEhqDQQKcm5m2MF26xTWwW65MHTEtKFFydypuqjG,1351646424,0,40779299064498,40780947404593
9052282,5F6aRdsBHajN2NhZHBTB6ibBFu7YuZZEWruWzB8x6B6GiZ4D,5HTeZ5168DjjGWZgbvzGfysEAj9fnexF24gYFKJHENU5cc8a,0,0,0,0
9052642,5CyQFykVpfa9xgZVGgBsiNUpjbo1EihBTSkPvDC1FZbL1wxG,5HTeZ5168DjjGWZgbvzGfysEAj9fnexF24gYFKJHENU5cc8a,22614454728,0,726826833621775,726919210423061
9052642,5FYwKoHYfiuy9m2yM4wbwM5pQyaEP38MBTTZS8RwNKRuQ8mi,5FRXwb2qsEhqDQQKcm5m2MF26xTWwW65MHTEtKFFydypuqjG,1351040260,0,40780947404593,40782595005468
9052642,5F6aRdsBHajN2NhZHBTB6ibBFu7YuZZEWruWzB8x6B6GiZ4D,5HTeZ5168DjjGWZgbvzGfysEAj9fnexF24gYFKJHENU5cc8a,0,0,0,0
9053002,5CyQFykVpfa9xgZVGgBsiNUpjbo1EihBTSkPvDC1FZbL1wxG,5HTeZ5168DjjGWZgbvzGfysEAj9fnexF24gYFKJHENU5cc8a,22618415562,0,726919210423061,727011592054606
9053002,5FYwKoHYfiuy9m2yM4wbwM5pQyaEP38MBTTZS8RwNKRuQ8mi,5FRXwb2qsEhqDQQKcm5m2MF26xTWwW65MHTEtKFFydypuqjG,1349461040,0,40782595005468,40784240680476
9053002,5F6aRdsBHajN2NhZHBTB6ibBFu7YuZZEWruWzB8x6B6GiZ4D,5HTeZ5168DjjGWZgbvzGfysEAj9fnexF24gYFKJHENU5cc8a,0,0,0,0
9053362,5CyQFykVpfa9xgZVGgBsiNUpjbo1EihBTSkPvDC1FZbL1wxG,5HTeZ5168DjjGWZgbvzGfysEAj9fnexF24gYFKJHENU5cc8a,22623031136,0,727011592054606,727103979314868
9053362,5FYwKoHYfiuy9m2yM4wbwM5pQyaEP38MBTTZS8RwNKRuQ8mi,5FRXwb2qsEhqDQQKcm5m2MF26xTWwW65MHTEtKFFydypuqjG,1349369082,0,40784240680476,40785886243340
9053362,5F6aRdsBHajN2NhZHBTB6ibBFu7YuZZEWruWzB8x6B6GiZ4D,5HTeZ5168DjjGWZgbvzGfysEAj9fnexF24gYFKJHENU5cc8a,0,0,0,0
9053722,5CyQFykVpfa9xgZVGgBsiNUpjbo1EihBTSkPvDC1FZbL1wxG,5HTeZ5168DjjGWZgbvzGfysEAj9fnexF24gYFKJHENU5cc8a,22634205560,0,727103979314868,727196380202401
9053722,5FYwKoHYfiuy9m2yM4wbwM5pQyaEP38MBTTZS8RwNKRuQ8mi,5FRXwb2qsEhqDQQKcm5m2MF26xTWwW65MHTEtKFFydypuqjG,1349658728,0,40785886243340,40787532159429
9053722,5F6aRdsBHajN2NhZHBTB6ibBFu7YuZZEWruWzB8x6B6GiZ4D,5HTeZ5168DjjGWZgbvzGfysEAj9fnexF24gYFKJHENU5cc8a,0,0,0,0
9054082,5CyQFykVpfa9xgZVGgBsiNUpjbo1EihBTSkPvDC1FZbL1wxG,5HTeZ5168DjjGWZgbvzGfysEAj9fnexF24gYFKJHENU5cc8a,22639089621,0,727196380202401,727288787046072
9054082,5FYwKoHYfiuy9m2yM4wbwM5pQyaEP38MBTTZS8RwNKRuQ8mi,5FRXwb2qsEhqDQQKcm5m2MF26xTWwW65MHTEtKFFydypuqjG,1349467717,0,40787532159429,40789177842579
9054082,5F6aRdsBHajN2NhZHBTB6ibBFu7YuZZEWruWzB8x6B6GiZ4D,5HTeZ5168DjjGWZgbvzGfysEAj9fnexF24gYFKJHENU5cc8a,0,0,0,0
9054442,5CyQFykVpfa9xgZVGgBsiNUpjbo1EihBTSkPvDC1FZbL1wxG,5HTeZ5168DjjGWZgbvzGfysEAj9fnexF24gYFKJHENU5cc8a,22643443418,0,727288787046072,727381199199222
9054442,5FYwKoHYfiuy9m2yM4wbwM5pQyaEP38MBTTZS8RwNKRuQ8mi,5FRXwb2qsEhqDQQKcm5m2MF26xTWwW65MHTEtKFFydypuqjG,1349324237,0,40789177842579,40790823350755
9054442,5F6aRdsBHajN2NhZHBTB6ibBFu7YuZZEWruWzB8x6B6GiZ4D,5HTeZ5168DjjGWZgbvzGfysEAj9fnexF24gYFKJHENU5cc8a,0,0,0,0
9054802,5CyQFykVpfa9xgZVGgBsiNUpjbo1EihBTSkPvDC1FZbL1wxG,5HTeZ5168DjjGWZgbvzGfysEAj9fnexF24gYFKJHENU5cc8a,22674521176,0,735415344352827,735507794405470
9054802,5FYwKoHYfiuy9m2yM4wbwM5pQyaEP38MBTTZS8RwNKRuQ8mi,5FRXwb2qsEhqDQQKcm5m2MF26xTWwW65MHTEtKFFydypuqjG,1349316189,0,40790823350755,40792468849116
9054802,5F6aRdsBHajN2NhZHBTB6ibBFu7YuZZEWruWzB8x6B6GiZ4D,5HTeZ5168DjjGWZgbvzGfysEAj9fnexF24gYFKJHENU5cc8a,0,0,0,0
9055162,5CyQFykVpfa9xgZVGgBsiNUpjbo1EihBTSkPvDC1FZbL1wxG,5HTeZ5168DjjGWZgbvzGfysEAj9fnexF24gYFKJHENU5cc8a,22739962340,0,735507794405470,735600324263965
9055162,5FYwKoHYfiuy9m2yM4wbwM5pQyaEP38MBTTZS8RwNKRuQ8mi,5FRXwb2qsEhqDQQKcm5m2MF26xTWwW65MHTEtKFFydypuqjG,1351636608,0,40792468849116,40794117177240
9055162,5F6aRdsBHajN2NhZHBTB6ibBFu7YuZZEWruWzB8x6B6GiZ4D,5HTeZ5168DjjGWZgbvzGfysEAj9fnexF24gYFKJHENU5cc8a,0,0,0,0
9055522,5CyQFykVpfa9xgZVGgBsiNUpjbo1EihBTSkPvDC1FZbL1wxG,5HTeZ5168DjjGWZgbvzGfysEAj9fnexF24gYFKJHENU5cc8a,22754589263,0,735600324263965,735692871960072
9055522,5FYwKoHYfiuy9m2yM4wbwM5pQyaEP38MBTTZS8RwNKRuQ8mi,5FRXwb2qsEhqDQQKcm5m2MF26xTWwW65MHTEtKFFydypuqjG,1350832913,0,40794117177240,40795764525254
9055522,5F6aRdsBHajN2NhZHBTB6ibBFu7YuZZEWruWzB8x6B6GiZ4D,5HTeZ5168DjjGWZgbvzGfysEAj9fnexF24gYFKJHENU5cc8a,0,0,0,0
9055882,5CyQFykVpfa9xgZVGgBsiNUpjbo1EihBTSkPvDC1FZbL1wxG,5HTeZ5168DjjGWZgbvzGfysEAj9fnexF24gYFKJHENU5cc8a,22770255117,0,735470024827726,735562591628426
9055882,5FYwKoHYfiuy9m2yM4wbwM5pQyaEP38MBTTZS8RwNKRuQ8mi,5FRXwb2qsEhqDQQKcm5m2MF26xTWwW65MHTEtKFFydypuqjG,1350401204,0,40795764525254,40797411346797
9055882,5F6aRdsBHajN2NhZHBTB6ibBFu7YuZZEWruWzB8x6B6GiZ4D,5HTeZ5168DjjGWZgbvzGfysEAj9fnexF24gYFKJHENU5cc8a,0,0,0,0
9056242,5CyQFykVpfa9xgZVGgBsiNUpjbo1EihBTSkPvDC1FZbL1wxG,5HTeZ5168DjjGWZgbvzGfysEAj9fnexF24gYFKJHENU5cc8a,22772126878,0,735562591628426,735655160711749
9056242,5FYwKoHYfiuy9m2yM4wbwM5pQyaEP38MBTTZS8RwNKRuQ8mi,5FRXwb2qsEhqDQQKcm5m2MF26xTWwW65MHTEtKFFydypuqjG,1349344219,0,40797411346797,40799056879341
9056242,5F6aRdsBHajN2NhZHBTB6ibBFu7YuZZEWruWzB8x6B6GiZ4D,5HTeZ5168DjjGWZgbvzGfysEAj9fnexF24gYFKJHENU5cc8a,0,0,0,0
9056602,5CyQFykVpfa9xgZVGgBsiNUpjbo1EihBTSkPvDC1FZbL1wxG,5HTeZ5168DjjGWZgbvzGfysEAj9fnexF24gYFKJHENU5cc8a,22783812898,0,735655160711749,735747744046236
9056602,5FYwKoHYfiuy9m2yM4wbwM5pQyaEP38MBTTZS8RwNKRuQ8mi,5FRXwb2qsEhqDQQKcm5m2MF26xTWwW65MHTEtKFFydypuqjG,1349124498,0,40799056879341,40800702143934
9056602,5F6aRdsBHajN2NhZHBTB6ibBFu7YuZZEWruWzB8x6B6GiZ4D,5HTeZ5168DjjGWZgbvzGfysEAj9fnexF24gYFKJHENU5cc8a,0,0,0,0
9056962,5CyQFykVpfa9xgZVGgBsiNUpjbo1EihBTSkPvDC1FZbL1wxG,5HTeZ5168DjjGWZgbvzGfysEAj9fnexF24gYFKJHENU5cc8a,22793693055,0,735971055576417,736063650959809
9056962,5FYwKoHYfiuy9m2yM4wbwM5pQyaEP38MBTTZS8RwNKRuQ8mi,5FRXwb2qsEhqDQQKcm5m2MF26xTWwW65MHTEtKFFydypuqjG,1348764820,0,40800702143934,40802346969898
9056962,5F6aRdsBHajN2NhZHBTB6ibBFu7YuZZEWruWzB8x6B6GiZ4D,5HTeZ5168DjjGWZgbvzGfysEAj9fnexF24gYFKJHENU5cc8a,0,0,0,0
9057322,5CyQFykVpfa9xgZVGgBsiNUpjbo1EihBTSkPvDC1FZbL1wxG,5HTeZ5168DjjGWZgbvzGfysEAj9fnexF24gYFKJHENU5cc8a,22795395556,0,736063650959809,736156248419410
9057322,5FYwKoHYfiuy9m2yM4wbwM5pQyaEP38MBTTZS8RwNKRuQ8mi,5FRXwb2qsEhqDQQKcm5m2MF26xTWwW65MHTEtKFFydypuqjG,1348025944,0,40802346969898,40803990894798
9057322,5F6aRdsBHajN2NhZHBTB6ibBFu7YuZZEWruWzB8x6B6GiZ4D,5HTeZ5168DjjGWZgbvzGfysEAj9fnexF24gYFKJHENU5cc8a,0,0,0,0
9057682,5CyQFykVpfa9xgZVGgBsiNUpjbo1EihBTSkPvDC1FZbL1wxG,5HTeZ5168DjjGWZgbvzGfysEAj9fnexF24gYFKJHENU5cc8a,22801378061,0,736156248419410,736248853174708
9057682,5FYwKoHYfiuy9m2yM4wbwM5pQyaEP38MBTTZS8RwNKRuQ8mi,5FRXwb2qsEhqDQQKcm5m2MF26xTWwW65MHTEtKFFydypuqjG,1347467193,0,40803990894798,40805634138298
9057682,5F6aRdsBHajN2NhZHBTB6ibBFu7YuZZEWruWzB8x6B6GiZ4D,5HTeZ5168DjjGWZgbvzGfysEAj9fnexF24gYFKJHENU5cc8a,0,0,0,0
9058042,5CyQFykVpfa9xgZVGgBsiNUpjbo1EihBTSkPvDC1FZbL1wxG,5HTeZ5168DjjGWZgbvzGfysEAj9fnexF24gYFKJHENU5cc8a,22804802987,0,736248853174708,736341462106722
9058042,5FYwKoHYfiuy9m2yM4wbwM5pQyaEP38MBTTZS8RwNKRuQ8mi,5FRXwb2qsEhqDQQKcm5m2MF26xTWwW65MHTEtKFFydypuqjG,1346856663,0,40805634138298,40807276637254
9058042,5F6aRdsBHajN2NhZHBTB6ibBFu7YuZZEWruWzB8x6B6GiZ4D,5HTeZ5168DjjGWZgbvzGfysEAj9fnexF24gYFKJHENU5cc8a,0,0,0,0
9058402,5CyQFykVpfa9xgZVGgBsiNUpjbo1EihBTSkPvDC1FZbL1wxG,5HTeZ5168DjjGWZgbvzGfysEAj9fnexF24gYFKJHENU5cc8a,22820330197,0,736118122912237,736210750779767
9058402,5FYwKoHYfiuy9m2yM4wbwM5pQyaEP38MBTTZS8RwNKRuQ8mi,5FRXwb2qsEhqDQQKcm5m2MF26xTWwW65MHTEtKFFydypuqjG,1347117207,0,40807276637254,40808919453945
9058402,5F6aRdsBHajN2NhZHBTB6ibBFu7YuZZEWruWzB8x6B6GiZ4D,5HTeZ5168DjjGWZgbvzGfysEAj9fnexF24gYFKJHENU5cc8a,0,0,0,0
9058762,5CyQFykVpfa9xgZVGgBsiNUpjbo1EihBTSkPvDC1FZbL1wxG,5HTeZ5168DjjGWZgbvzGfysEAj9fnexF24gYFKJHENU5cc8a,22824340909,0,736210750779767,736303383538382
9058762,5FYwKoHYfiuy9m2yM4wbwM5pQyaEP38MBTTZS8RwNKRuQ8mi,5FRXwb2qsEhqDQQKcm5m2MF26xTWwW65MHTEtKFFydypuqjG,1346623939,0,40808919453945,40810561669093
9058762,5F6aRdsBHajN2NhZHBTB6ibBFu7YuZZEWruWzB8x6B6GiZ4D,5HTeZ5168DjjGWZgbvzGfysEAj9fnexF24gYFKJHENU5cc8a,0,0,0,0
9059122,5CyQFykVpfa9xgZVGgBsiNUpjbo1EihBTSkPvDC1FZbL1wxG,5HTeZ5168DjjGWZgbvzGfysEAj9fnexF24gYFKJHENU5cc8a,22843463224,0,736303383538382,736396039616763
9059122,5FYwKoHYfiuy9m2yM4wbwM5pQyaEP38MBTTZS8RwNKRuQ8mi,5FRXwb2qsEhqDQQKcm5m2MF26xTWwW65MHTEtKFFydypuqjG,1347141151,0,40810561669093,40812204514983
9059122,5F6aRdsBHajN2NhZHBTB6ibBFu7YuZZEWruWzB8x6B6GiZ4D,5HTeZ5168DjjGWZgbvzGfysEAj9fnexF24gYFKJHENU5cc8a,0,0,0,0
9059482,5CyQFykVpfa9xgZVGgBsiNUpjbo1EihBTSkPvDC1FZbL1wxG,5HTeZ5168DjjGWZgbvzGfysEAj9fnexF24gYFKJHENU5cc8a,22852383499,0,736396039616763,736488706573467
9059482,5FYwKoHYfiuy9m2yM4wbwM5pQyaEP38MBTTZS8RwNKRuQ8mi,5FRXwb2qsEhqDQQKcm5m2MF26xTWwW65MHTEtKFFydypuqjG,1347227164,0,40812204514983,40813847465767
9059482,5F6aRdsBHajN2NhZHBTB6ibBFu7YuZZEWruWzB8x6B6GiZ4D,5HTeZ5168DjjGWZgbvzGfysEAj9fnexF24gYFKJHENU5cc8a,0,0,0,0
9059842,5CyQFykVpfa9xgZVGgBsiNUpjbo1EihBTSkPvDC1FZbL1wxG,5HTeZ5168DjjGWZgbvzGfysEAj9fnexF24gYFKJHENU5cc8a,22850575035,0,736714305039109,736806969790382
9059842,5FYwKoHYfiuy9m2yM4wbwM5pQyaEP38MBTTZS8RwNKRuQ8mi,5FRXwb2qsEhqDQQKcm5m2MF26xTWwW65MHTEtKFFydypuqjG,1346704513,0,40813847465767,40815489779175
9059842,5F6aRdsBHajN2NhZHBTB6ibBFu7YuZZEWruWzB8x6B6GiZ4D,5HTeZ5168DjjGWZgbvzGfysEAj9fnexF24gYFKJHENU5cc8a,0,0,0,0
9060202,5CyQFykVpfa9xgZVGgBsiNUpjbo1EihBTSkPvDC1FZbL1wxG,5HTeZ5168DjjGWZgbvzGfysEAj9fnexF24gYFKJHENU5cc8a,22863649004,0,736806969790382,736899650485430
9060202,5FYwKoHYfiuy9m2yM4wbwM5pQyaEP38MBTTZS8RwNKRuQ8mi,5FRXwb2qsEhqDQQKcm5m2MF26xTWwW65MHTEtKFFydypuqjG,1347125693,0,40815489779175,40817132606214
9060202,5F6aRdsBHajN2NhZHBTB6ibBFu7YuZZEWruWzB8x6B6GiZ4D,5HTeZ5168DjjGWZgbvzGfysEAj9fnexF24gYFKJHENU5cc8a,0,0,0,0
9060562,5CyQFykVpfa9xgZVGgBsiNUpjbo1EihBTSkPvDC1FZbL1wxG,5HTeZ5168DjjGWZgbvzGfysEAj9fnexF24gYFKJHENU5cc8a,22875664170,0,736899650485430,736992345833038
9060562,5FYwKoHYfiuy9m2yM4wbwM5pQyaEP38MBTTZS8RwNKRuQ8mi,5FRXwb2qsEhqDQQKcm5m2MF26xTWwW65MHTEtKFFydypuqjG,1347766573,0,40817132606214,40818776214810
9060562,5F6aRdsBHajN2NhZHBTB6ibBFu7YuZZEWruWzB8x6B6GiZ4D,5HTeZ5168DjjGWZgbvzGfysEAj9fnexF24gYFKJHENU5cc8a,0,0,0,0
9060922,5CyQFykVpfa9xgZVGgBsiNUpjbo1EihBTSkPvDC1FZbL1wxG,5HTeZ5168DjjGWZgbvzGfysEAj9fnexF24gYFKJHENU5cc8a,22964614239,0,736992345833038,737085149655734
9060922,5FYwKoHYfiuy9m2yM4wbwM5pQyaEP38MBTTZS8RwNKRuQ8mi,5FRXwb2qsEhqDQQKcm5m2MF26xTWwW65MHTEtKFFydypuqjG,1352622140,0,40818776214810,40820425744796
9060922,5F6aRdsBHajN2NhZHBTB6ibBFu7YuZZEWruWzB8x6B6GiZ4D,5HTeZ5168DjjGWZgbvzGfysEAj9fnexF24gYFKJHENU5cc8a,0,0,0,0
9061282,5CyQFykVpfa9xgZVGgBsiNUpjbo1EihBTSkPvDC1FZbL1wxG,5HTeZ5168DjjGWZgbvzGfysEAj9fnexF24gYFKJHENU5cc8a,22972870460,0,736859523160693,736952337051895
9061282,5FYwKoHYfiuy9m2yM4wbwM5pQyaEP38MBTTZS8RwNKRuQ8mi,5FRXwb2qsEhqDQQKcm5m2MF26xTWwW65MHTEtKFFydypuqjG,1352767510,0,40820425744796,40822075452061
9061282,5F6aRdsBHajN2NhZHBTB6ibBFu7YuZZEWruWzB8x6B6GiZ4D,5HTeZ5168DjjGWZgbvzGfysEAj9fnexF24gYFKJHENU5cc8a,0,0,0,0
9061642,5CyQFykVpfa9xgZVGgBsiNUpjbo1EihBTSkPvDC1FZbL1wxG,5HTeZ5168DjjGWZgbvzGfysEAj9fnexF24gYFKJHENU5cc8a,22978884683,0,736952337051895,737045158277475
9061642,5FYwKoHYfiuy9m2yM4wbwM5pQyaEP38MBTTZS8RwNKRuQ8mi,5FRXwb2qsEhqDQQKcm5m2MF26xTWwW65MHTEtKFFydypuqjG,1352464184,0,40822075452061,40823724789419
9061642,5F6aRdsBHajN2NhZHBTB6ibBFu7YuZZEWruWzB8x6B6GiZ4D,5HTeZ5168DjjGWZgbvzGfysEAj9fnexF24gYFKJHENU5cc8a,0,0,0,0
9062002,5CyQFykVpfa9xgZVGgBsiNUpjbo1EihBTSkPvDC1FZbL1wxG,5HTeZ5168DjjGWZgbvzGfysEAj9fnexF24gYFKJHENU5cc8a,22982897456,0,737045158277475,737137984396653
9062002,5FYwKoHYfiuy9m2yM4wbwM5pQyaEP38MBTTZS8RwNKRuQ8mi,5FRXwb2qsEhqDQQKcm5m2MF26xTWwW65MHTEtKFFydypuqjG,1352712539,0,40823724789419,40825374429647
9062002,5F6aRdsBHajN2NhZHBTB6ibBFu7YuZZEWruWzB8x6B6GiZ4D,5HTeZ5168DjjGWZgbvzGfysEAj9fnexF24gYFKJHENU5cc8a,0,0,0,0
9062362,5CyQFykVpfa9xgZVGgBsiNUpjbo1EihBTSkPvDC1FZbL1wxG,5HTeZ5168DjjGWZgbvzGfysEAj9fnexF24gYFKJHENU5cc8a,22987601896,0,737137984396653,737230816252921
9062362,5FYwKoHYfiuy9m2yM4wbwM5pQyaEP38MBTTZS8RwNKRuQ8mi,5FRXwb2qsEhqDQQKcm5m2MF26xTWwW65MHTEtKFFydypuqjG,1352825472,0,40825374429647,40827024207598
9062362,5F6aRdsBHajN2NhZHBTB6ibBFu7YuZZEWruWzB8x6B6GiZ4D,5HTeZ5168DjjGWZgbvzGfysEAj9fnexF24gYFKJHENU5cc8a,0,0,0,0
9062722,5CyQFykVpfa9xgZVGgBsiNUpjbo1EihBTSkPvDC1FZbL1wxG,5HTeZ5168DjjGWZgbvzGfysEAj9fnexF24gYFKJHENU5cc8a,22991524314,0,737230816252921,737323652892599
9062722,5FYwKoHYfiuy9m2yM4wbwM5pQyaEP38MBTTZS8RwNKRuQ8mi,5FRXwb2qsEhqDQQKcm5m2MF26xTWwW65MHTEtKFFydypuqjG,1352617927,0,40827024207598,40828673732446
9062722,5F6aRdsBHajN2NhZHBTB6ibBFu7YuZZEWruWzB8x6B6GiZ4D,5HTeZ5168DjjGWZgbvzGfysEAj9fnexF24gYFKJHENU5cc8a,0,0,0,0
9063082,5CyQFykVpfa9xgZVGgBsiNUpjbo1EihBTSkPvDC1FZbL1wxG,5HTeZ5168DjjGWZgbvzGfysEAj9fnexF24gYFKJHENU5cc8a,22992152933,0,737323652892599,737416490298881
9063082,5FYwKoHYfiuy9m2yM4wbwM5pQyaEP38MBTTZS8RwNKRuQ8mi,5FRXwb2qsEhqDQQKcm5m2MF26xTWwW65MHTEtKFFydypuqjG,1359565549,0,40828673732446,40830331729957
9063082,5F6aRdsBHajN2NhZHBTB6ibBFu7YuZZEWruWzB8x6B6GiZ4D,5HTeZ5168DjjGWZgbvzGfysEAj9fnexF24gYFKJHENU5cc8a,0,0,0,0
9063442,5CyQFykVpfa9xgZVGgBsiNUpjbo1EihBTSkPvDC1FZbL1wxG,5HTeZ5168DjjGWZgbvzGfysEAj9fnexF24gYFKJHENU5cc8a,23013072227,0,737643988047216,737736850964690
9063442,5FYwKoHYfiuy9m2yM4wbwM5pQyaEP38MBTTZS8RwNKRuQ8mi,5FRXwb2qsEhqDQQKcm5m2MF26xTWwW65MHTEtKFFydypuqjG,1200963338,0,32300723337653,32302187918913
9063442,5F6aRdsBHajN2NhZHBTB6ibBFu7YuZZEWruWzB8x6B6GiZ4D,5HTeZ5168DjjGWZgbvzGfysEAj9fnexF24gYFKJHENU5cc8a,0,0,0,0
9063802,5CyQFykVpfa9xgZVGgBsiNUpjbo1EihBTSkPvDC1FZbL1wxG,5HTeZ5168DjjGWZgbvzGfysEAj9fnexF24gYFKJHENU5cc8a,23016440472,0,737736850964690,737829717989757
9063802,5FYwKoHYfiuy9m2yM4wbwM5pQyaEP38MBTTZS8RwNKRuQ8mi,5FRXwb2qsEhqDQQKcm5m2MF26xTWwW65MHTEtKFFydypuqjG,1188828217,0,32302187918913,32303637701328
9063802,5F6aRdsBHajN2NhZHBTB6ibBFu7YuZZEWruWzB8x6B6GiZ4D,5HTeZ5168DjjGWZgbvzGfysEAj9fnexF24gYFKJHENU5cc8a,0,0,0,0
9064162,5CyQFykVpfa9xgZVGgBsiNUpjbo1EihBTSkPvDC1FZbL1wxG,5HTeZ5168DjjGWZgbvzGfysEAj9fnexF24gYFKJHENU5cc8a,23018268331,0,737829717989757,737922587243908
9064162,5FYwKoHYfiuy9m2yM4wbwM5pQyaEP38MBTTZS8RwNKRuQ8mi,5FRXwb2qsEhqDQQKcm5m2MF26xTWwW65MHTEtKFFydypuqjG,1177957892,0,32303637701328,32305074227323
9064162,5F6aRdsBHajN2NhZHBTB6ibBFu7YuZZEWruWzB8x6B6GiZ4D,5HTeZ5168DjjGWZgbvzGfysEAj9fnexF24gYFKJHENU5cc8a,0,0,0,0
9064522,5CyQFykVpfa9xgZVGgBsiNUpjbo1EihBTSkPvDC1FZbL1wxG,5HTeZ5168DjjGWZgbvzGfysEAj9fnexF24gYFKJHENU5cc8a,23021265567,0,737922587243908,738015460153204
9064522,5FYwKoHYfiuy9m2yM4wbwM5pQyaEP38MBTTZS8RwNKRuQ8mi,5FRXwb2qsEhqDQQKcm5m2MF26xTWwW65MHTEtKFFydypuqjG,1168251127,0,32305074227323,32306498915865
9064522,5F6aRdsBHajN2NhZHBTB6ibBFu7YuZZEWruWzB8x6B6GiZ4D,5HTeZ5168DjjGWZgbvzGfysEAj9fnexF24gYFKJHENU5cc8a,0,0,0,0
9064882,5CyQFykVpfa9xgZVGgBsiNUpjbo1EihBTSkPvDC1FZbL1wxG,5HTeZ5168DjjGWZgbvzGfysEAj9fnexF24gYFKJHENU5cc8a,23027332802,0,738015460153204,738108340461526
9064882,5FYwKoHYfiuy9m2yM4wbwM5pQyaEP38MBTTZS8RwNKRuQ8mi,5FRXwb2qsEhqDQQKcm5m2MF26xTWwW65MHTEtKFFydypuqjG,1159500949,0,32306498915865,32307912933518
9064882,5F6aRdsBHajN2NhZHBTB6ibBFu7YuZZEWruWzB8x6B6GiZ4D,5HTeZ5168DjjGWZgbvzGfysEAj9fnexF24gYFKJHENU5cc8a,0,0,0,0
9065242,5CyQFykVpfa9xgZVGgBsiNUpjbo1EihBTSkPvDC1FZbL1wxG,5HTeZ5168DjjGWZgbvzGfysEAj9fnexF24gYFKJHENU5cc8a,23028471100,0,738108340461526,738201222158008
9065242,5FYwKoHYfiuy9m2yM4wbwM5pQyaEP38MBTTZS8RwNKRuQ8mi,5FRXwb2qsEhqDQQKcm5m2MF26xTWwW65MHTEtKFFydypuqjG,1151403498,0,32307912933518,32309317076286
9065242,5F6aRdsBHajN2NhZHBTB6ibBFu7YuZZEWruWzB8x6B6GiZ4D,5HTeZ5168DjjGWZgbvzGfysEAj9fnexF24gYFKJHENU5cc8a,0,0,0,0
9065602,5CyQFykVpfa9xgZVGgBsiNUpjbo1EihBTSkPvDC1FZbL1wxG,5HTeZ5168DjjGWZgbvzGfysEAj9fnexF24gYFKJHENU5cc8a,23028927559,0,737973681824521,738066564077658
9065602,5FYwKoHYfiuy9m2yM4wbwM5pQyaEP38MBTTZS8RwNKRuQ8mi,5FRXwb2qsEhqDQQKcm5m2MF26xTWwW65MHTEtKFFydypuqjG,1144182558,0,32309317076286,32310712413079
9065602,5F6aRdsBHajN2NhZHBTB6ibBFu7YuZZEWruWzB8x6B6GiZ4D,5HTeZ5168DjjGWZgbvzGfysEAj9fnexF24gYFKJHENU5cc8a,0,0,0,0
9065962,5CyQFykVpfa9xgZVGgBsiNUpjbo1EihBTSkPvDC1FZbL1wxG,5HTeZ5168DjjGWZgbvzGfysEAj9fnexF24gYFKJHENU5cc8a,23013936673,0,738066564077658,738159428049328
9065962,5FYwKoHYfiuy9m2yM4wbwM5pQyaEP38MBTTZS8RwNKRuQ8mi,5FRXwb2qsEhqDQQKcm5m2MF26xTWwW65MHTEtKFFydypuqjG,1136891243,0,32310712413079,32312098858074
9065962,5F6aRdsBHajN2NhZHBTB6ibBFu7YuZZEWruWzB8x6B6GiZ4D,5HTeZ5168DjjGWZgbvzGfysEAj9fnexF24gYFKJHENU5cc8a,0,0,0,0
9066322,5CyQFykVpfa9xgZVGgBsiNUpjbo1EihBTSkPvDC1FZbL1wxG,5HTeZ5168DjjGWZgbvzGfysEAj9fnexF24gYFKJHENU5cc8a,23019347897,0,738159428049328,738252298620015
9066322,5FYwKoHYfiuy9m2yM4wbwM5pQyaEP38MBTTZS8RwNKRuQ8mi,5FRXwb2qsEhqDQQKcm5m2MF26xTWwW65MHTEtKFFydypuqjG,1131157997,0,32312098858074,32313478311345
9066322,5F6aRdsBHajN2NhZHBTB6ibBFu7YuZZEWruWzB8x6B6GiZ4D,5HTeZ5168DjjGWZgbvzGfysEAj9fnexF24gYFKJHENU5cc8a,0,0,0,0
9066682,5CyQFykVpfa9xgZVGgBsiNUpjbo1EihBTSkPvDC1FZbL1wxG,5HTeZ5168DjjGWZgbvzGfysEAj9fnexF24gYFKJHENU5cc8a,23017734905,0,738252298620015,738345167223650
9066682,5FYwKoHYfiuy9m2yM4wbwM5pQyaEP38MBTTZS8RwNKRuQ8mi,5FRXwb2qsEhqDQQKcm5m2MF26xTWwW65MHTEtKFFydypuqjG,1125856212,0,32313478311345,32314851299060
9066682,5F6aRdsBHajN2NhZHBTB6ibBFu7YuZZEWruWzB8x6B6GiZ4D,5HTeZ5168DjjGWZgbvzGfysEAj9fnexF24gYFKJHENU5cc8a,0,0,0,0
9067042,5CyQFykVpfa9xgZVGgBsiNUpjbo1EihBTSkPvDC1FZbL1wxG,5HTeZ5168DjjGWZgbvzGfysEAj9fnexF24gYFKJHENU5cc8a,23026112473,0,738345167223650,738438046043774
9067042,5FYwKoHYfiuy9m2yM4wbwM5pQyaEP38MBTTZS8RwNKRuQ8mi,5FRXwb2qsEhqDQQKcm5m2MF26xTWwW65MHTEtKFFydypuqjG,1054049759,0,29714851299060,29716136718419
9067042,5F6aRdsBHajN2NhZHBTB6ibBFu7YuZZEWruWzB8x6B6GiZ4D,5HTeZ5168DjjGWZgbvzGfysEAj9fnexF24gYFKJHENU5cc8a,0,0,0,0
9067402,5CyQFykVpfa9xgZVGgBsiNUpjbo1EihBTSkPvDC1FZbL1wxG,5HTeZ5168DjjGWZgbvzGfysEAj9fnexF24gYFKJHENU5cc8a,23021567349,0,738438046043774,738530919321095
9067402,5FYwKoHYfiuy9m2yM4wbwM5pQyaEP38MBTTZS8RwNKRuQ8mi,5FRXwb2qsEhqDQQKcm5m2MF26xTWwW65MHTEtKFFydypuqjG,1048140754,0,29716136718419,29717414931715
9067402,5F6aRdsBHajN2NhZHBTB6ibBFu7YuZZEWruWzB8x6B6GiZ4D,5HTeZ5168DjjGWZgbvzGfysEAj9fnexF24gYFKJHENU5cc8a,0,0,0,0
9067762,5CyQFykVpfa9xgZVGgBsiNUpjbo1EihBTSkPvDC1FZbL1wxG,5HTeZ5168DjjGWZgbvzGfysEAj9fnexF24gYFKJHENU5cc8a,23019559700,0,738530919321095,738623790150077
9067762,5FYwKoHYfiuy9m2yM4wbwM5pQyaEP38MBTTZS8RwNKRuQ8mi,5FRXwb2qsEhqDQQKcm5m2MF26xTWwW65MHTEtKFFydypuqjG,1042903756,0,29717414931715,29718686758463
9067762,5F6aRdsBHajN2NhZHBTB6ibBFu7YuZZEWruWzB8x6B6GiZ4D,5HTeZ5168DjjGWZgbvzGfysEAj9fnexF24gYFKJHENU5cc8a,0,0,0,0
9068122,5CyQFykVpfa9xgZVGgBsiNUpjbo1EihBTSkPvDC1FZbL1wxG,5HTeZ5168DjjGWZgbvzGfysEAj9fnexF24gYFKJHENU5cc8a,23015329891,0,738848346082542,738941211753249
9068122,5FYwKoHYfiuy9m2yM4wbwM5pQyaEP38MBTTZS8RwNKRuQ8mi,5FRXwb2qsEhqDQQKcm5m2MF26xTWwW65MHTEtKFFydypuqjG,1038188418,0,29718686758463,29719952834831
9068122,5F6aRdsBHajN2NhZHBTB6ibBFu7YuZZEWruWzB8x6B6GiZ4D,5HTeZ5168DjjGWZgbvzGfysEAj9fnexF24gYFKJHENU5cc8a,0,0,0,0
9068482,5CyQFykVpfa9xgZVGgBsiNUpjbo1EihBTSkPvDC1FZbL1wxG,5HTeZ5168DjjGWZgbvzGfysEAj9fnexF24gYFKJHENU5cc8a,23012291562,0,738941211753249,739034073718698
9068482,5FYwKoHYfiuy9m2yM4wbwM5pQyaEP38MBTTZS8RwNKRuQ8mi,5FRXwb2qsEhqDQQKcm5m2MF26xTWwW65MHTEtKFFydypuqjG,1034429538,0,29719952834831,29721214327225
9068482,5F6aRdsBHajN2NhZHBTB6ibBFu7YuZZEWruWzB8x6B6GiZ4D,5HTeZ5168DjjGWZgbvzGfysEAj9fnexF24gYFKJHENU5cc8a,0,0,0,0
9068842,5CyQFykVpfa9xgZVGgBsiNUpjbo1EihBTSkPvDC1FZbL1wxG,5HTeZ5168DjjGWZgbvzGfysEAj9fnexF24gYFKJHENU5cc8a,22990419334,0,739034073718698,739126909010847
9068842,5FYwKoHYfiuy9m2yM4wbwM5pQyaEP38MBTTZS8RwNKRuQ8mi,5FRXwb2qsEhqDQQKcm5m2MF26xTWwW65MHTEtKFFydypuqjG,1029671155,0,29721214327225,29722470016745
9068842,5F6aRdsBHajN2NhZHBTB6ibBFu7YuZZEWruWzB8x6B6GiZ4D,5HTeZ5168DjjGWZgbvzGfysEAj9fnexF24gYFKJHENU5cc8a,0,0,0,0
9069202,5CyQFykVpfa9xgZVGgBsiNUpjbo1EihBTSkPvDC1FZbL1wxG,5HTeZ5168DjjGWZgbvzGfysEAj9fnexF24gYFKJHENU5cc8a,22989130223,0,739126909010847,739219742730918
9069202,5FYwKoHYfiuy9m2yM4wbwM5pQyaEP38MBTTZS8RwNKRuQ8mi,5FRXwb2qsEhqDQQKcm5m2MF26xTWwW65MHTEtKFFydypuqjG,1026212589,0,29722470016745,29723721488525
9069202,5F6aRdsBHajN2NhZHBTB6ibBFu7YuZZEWruWzB8x6B6GiZ4D,5HTeZ5168DjjGWZgbvzGfysEAj9fnexF24gYFKJHENU5cc8a,0,0,0,0
9069562,5CyQFykVpfa9xgZVGgBsiNUpjbo1EihBTSkPvDC1FZbL1wxG,5HTeZ5168DjjGWZgbvzGfysEAj9fnexF24gYFKJHENU5cc8a,22986721456,0,739219742730918,739312573513485
9069562,5FYwKoHYfiuy9m2yM4wbwM5pQyaEP38MBTTZS8RwNKRuQ8mi,5FRXwb2qsEhqDQQKcm5m2MF26xTWwW65MHTEtKFFydypuqjG,1022992360,0,29723721488525,29724969033219
9069562,5F6aRdsBHajN2NhZHBTB6ibBFu7YuZZEWruWzB8x6B6GiZ4D,5HTeZ5168DjjGWZgbvzGfysEAj9fnexF24gYFKJHENU5cc8a,0,0,0,0
9069922,5CyQFykVpfa9xgZVGgBsiNUpjbo1EihBTSkPvDC1FZbL1wxG,5HTeZ5168DjjGWZgbvzGfysEAj9fnexF24gYFKJHENU5cc8a,22981563116,0,739312573513485,739405398005428
9069922,5FYwKoHYfiuy9m2yM4wbwM5pQyaEP38MBTTZS8RwNKRuQ8mi,5FRXwb2qsEhqDQQKcm5m2MF26xTWwW65MHTEtKFFydypuqjG,1020061649,0,29724969033219,29726213003895
9069922,5F6aRdsBHajN2NhZHBTB6ibBFu7YuZZEWruWzB8x6B6GiZ4D,5HTeZ5168DjjGWZgbvzGfysEAj9fnexF24gYFKJHENU5cc8a,0,0,0,0
9070282,5CyQFykVpfa9xgZVGgBsiNUpjbo1EihBTSkPvDC1FZbL1wxG,5HTeZ5168DjjGWZgbvzGfysEAj9fnexF24gYFKJHENU5cc8a,22976212144,0,739405398005428,739498215971832
9070282,5FYwKoHYfiuy9m2yM4wbwM5pQyaEP38MBTTZS8RwNKRuQ8mi,5FRXwb2qsEhqDQQKcm5m2MF26xTWwW65MHTEtKFFydypuqjG,1017294386,0,29726213003895,29727453599879
9070282,5F6aRdsBHajN2NhZHBTB6ibBFu7YuZZEWruWzB8x6B6GiZ4D,5HTeZ5168DjjGWZgbvzGfysEAj9fnexF24gYFKJHENU5cc8a,0,0,0,0
9070642,5CyQFykVpfa9xgZVGgBsiNUpjbo1EihBTSkPvDC1FZbL1wxG,5HTeZ5168DjjGWZgbvzGfysEAj9fnexF24gYFKJHENU5cc8a,22972218637,0,739498215971832,739591029068133
9070642,5FYwKoHYfiuy9m2yM4wbwM5pQyaEP38MBTTZS8RwNKRuQ8mi,5FRXwb2qsEhqDQQKcm5m2MF26xTWwW65MHTEtKFFydypuqjG,1014718226,0,29727453599879,29728691054222
9070642,5F6aRdsBHajN2NhZHBTB6ibBFu7YuZZEWruWzB8x6B6GiZ4D,5HTeZ5168DjjGWZgbvzGfysEAj9fnexF24gYFKJHENU5cc8a,0,0,0,0
9071002,5CyQFykVpfa9xgZVGgBsiNUpjbo1EihBTSkPvDC1FZbL1wxG,5HTeZ5168DjjGWZgbvzGfysEAj9fnexF24gYFKJHENU5cc8a,22954746985,0,739591029068133,739683820857660
9071002,5FYwKoHYfiuy9m2yM4wbwM5pQyaEP38MBTTZS8RwNKRuQ8mi,5FRXwb2qsEhqDQQKcm5m2MF26xTWwW65MHTEtKFFydypuqjG,1011950235,0,29728691054222,29729925132985
9071002,5F6aRdsBHajN2NhZHBTB6ibBFu7YuZZEWruWzB8x6B6GiZ4D,5HTeZ5168DjjGWZgbvzGfysEAj9fnexF24gYFKJHENU5cc8a,0,0,0,0
9071362,5CyQFykVpfa9xgZVGgBsiNUpjbo1EihBTSkPvDC1FZbL1wxG,5HTeZ5168DjjGWZgbvzGfysEAj9fnexF24gYFKJHENU5cc8a,22948938634,0,739683820857660,739776605563872
9071362,5FYwKoHYfiuy9m2yM4wbwM5pQyaEP38MBTTZS8RwNKRuQ8mi,5FRXwb2qsEhqDQQKcm5m2MF26xTWwW65MHTEtKFFydypuqjG,1009742383,0,29729925132985,29731156519260
9071362,5F6aRdsBHajN2NhZHBTB6ibBFu7YuZZEWruWzB8x6B6GiZ4D,5HTeZ5168DjjGWZgbvzGfysEAj9fnexF24gYFKJHENU5cc8a,0,0,0,0
9071722,5CyQFykVpfa9xgZVGgBsiNUpjbo1EihBTSkPvDC1FZbL1wxG,5HTeZ5168DjjGWZgbvzGfysEAj9fnexF24gYFKJHENU5cc8a,22943477171,0,739776605563872,739869383609800
9071722,5FYwKoHYfiuy9m2yM4wbwM5pQyaEP38MBTTZS8RwNKRuQ8mi,5FRXwb2qsEhqDQQKcm5m2MF26xTWwW65MHTEtKFFydypuqjG,1007592023,0,29731156519260,29732385283160
9071722,5F6aRdsBHajN2NhZHBTB6ibBFu7YuZZEWruWzB8x6B6GiZ4D,5HTeZ5168DjjGWZgbvzGfysEAj9fnexF24gYFKJHENU5cc8a,0,0,0,0
9072082,5CyQFykVpfa9xgZVGgBsiNUpjbo1EihBTSkPvDC1FZbL1wxG,5HTeZ5168DjjGWZgbvzGfysEAj9fnexF24gYFKJHENU5cc8a,22947253234,0,739869383609800,739962166260657
9072082,5FYwKoHYfiuy9m2yM4wbwM5pQyaEP38MBTTZS8RwNKRuQ8mi,5FRXwb2qsEhqDQQKcm5m2MF26xTWwW65MHTEtKFFydypuqjG,1006348205,0,29732385283160,29733612530217
9072082,5F6aRdsBHajN2NhZHBTB6ibBFu7YuZZEWruWzB8x6B6GiZ4D,5HTeZ5168DjjGWZgbvzGfysEAj9fnexF24gYFKJHENU5cc8a,0,0,0,0
9072442,5CyQFykVpfa9xgZVGgBsiNUpjbo1EihBTSkPvDC1FZbL1wxG,5HTeZ5168DjjGWZgbvzGfysEAj9fnexF24gYFKJHENU5cc8a,22957310951,0,739962166260657,740054961176954
9072442,5FYwKoHYfiuy9m2yM4wbwM5pQyaEP38MBTTZS8RwNKRuQ8mi,5FRXwb2qsEhqDQQKcm5m2MF26xTWwW65MHTEtKFFydypuqjG,1005408353,0,29733612530217,29734838631119
9072442,5F6aRdsBHajN2NhZHBTB6ibBFu7YuZZEWruWzB8x6B6GiZ4D,5HTeZ5168DjjGWZgbvzGfysEAj9fnexF24gYFKJHENU5cc8a,0,0,0,0
9072802,5CyQFykVpfa9xgZVGgBsiNUpjbo1EihBTSkPvDC1FZbL1wxG,5HTeZ5168DjjGWZgbvzGfysEAj9fnexF24gYFKJHENU5cc8a,22955437294,0,739830314528897,739923107160259
9072802,5FYwKoHYfiuy9m2yM4wbwM5pQyaEP38MBTTZS8RwNKRuQ8mi,5FRXwb2qsEhqDQQKcm5m2MF26xTWwW65MHTEtKFFydypuqjG,1004147080,0,29734838631119,29736063193892
9072802,5F6aRdsBHajN2NhZHBTB6ibBFu7YuZZEWruWzB8x6B6GiZ4D,5HTeZ5168DjjGWZgbvzGfysEAj9fnexF24gYFKJHENU5cc8a,0,0,0,0
9073162,5CyQFykVpfa9xgZVGgBsiNUpjbo1EihBTSkPvDC1FZbL1wxG,5HTeZ5168DjjGWZgbvzGfysEAj9fnexF24gYFKJHENU5cc8a,22953554260,0,739923107160259,740015897495251
9073162,5FYwKoHYfiuy9m2yM4wbwM5pQyaEP38MBTTZS8RwNKRuQ8mi,5FRXwb2qsEhqDQQKcm5m2MF26xTWwW65MHTEtKFFydypuqjG,1002918243,0,29736063193892,29737286258092
9073162,5F6aRdsBHajN2NhZHBTB6ibBFu7YuZZEWruWzB8x6B6GiZ4D,5HTeZ5168DjjGWZgbvzGfysEAj9fnexF24gYFKJHENU5cc8a,0,0,0,0
9073522,5CyQFykVpfa9xgZVGgBsiNUpjbo1EihBTSkPvDC1FZbL1wxG,5HTeZ5168DjjGWZgbvzGfysEAj9fnexF24gYFKJHENU5cc8a,22939281729,0,740015897495251,740108670424815
9073522,5FYwKoHYfiuy9m2yM4wbwM5pQyaEP38MBTTZS8RwNKRuQ8mi,5FRXwb2qsEhqDQQKcm5m2MF26xTWwW65MHTEtKFFydypuqjG,1001184136,0,29737286258092,29738507207539
9073522,5F6aRdsBHajN2NhZHBTB6ibBFu7YuZZEWruWzB8x6B6GiZ4D,5HTeZ5168DjjGWZgbvzGfysEAj9fnexF24gYFKJHENU5cc8a,0,0,0,0
9073882,5CyQFykVpfa9xgZVGgBsiNUpjbo1EihBTSkPvDC1FZbL1wxG,5HTeZ5168DjjGWZgbvzGfysEAj9fnexF24gYFKJHENU5cc8a,22936796136,0,740108670424815,740201440323185
9073882,5FYwKoHYfiuy9m2yM4wbwM5pQyaEP38MBTTZS8RwNKRuQ8mi,5FRXwb2qsEhqDQQKcm5m2MF26xTWwW65MHTEtKFFydypuqjG,999679521,0,29738507207539,29739726322100
9073882,5F6aRdsBHajN2NhZHBTB6ibBFu7YuZZEWruWzB8x6B6GiZ4D,5HTeZ5168DjjGWZgbvzGfysEAj9fnexF24gYFKJHENU5cc8a,0,0,0,0
9074242,5CyQFykVpfa9xgZVGgBsiNUpjbo1EihBTSkPvDC1FZbL1wxG,5HTeZ5168DjjGWZgbvzGfysEAj9fnexF24gYFKJHENU5cc8a,22922422897,0,740427296692931,740520049063059
9074242,5FYwKoHYfiuy9m2yM4wbwM5pQyaEP38MBTTZS8RwNKRuQ8mi,5FRXwb2qsEhqDQQKcm5m2MF26xTWwW65MHTEtKFFydypuqjG,998133365,0,29739726322100,29740943551115
9074242,5F6aRdsBHajN2NhZHBTB6ibBFu7YuZZEWruWzB8x6B6GiZ4D,5HTeZ5168DjjGWZgbvzGfysEAj9fnexF24gYFKJHENU5cc8a,0,0,0,0
9074602,5CyQFykVpfa9xgZVGgBsiNUpjbo1EihBTSkPvDC1FZbL1wxG,5HTeZ5168DjjGWZgbvzGfysEAj9fnexF24gYFKJHENU5cc8a,22904355702,0,740520049063059,740612779400145
9074602,5FYwKoHYfiuy9m2yM4wbwM5pQyaEP38MBTTZS8RwNKRuQ8mi,5FRXwb2qsEhqDQQKcm5m2MF26xTWwW65MHTEtKFFydypuqjG,996647489,0,29740943551115,29742158968097
9074602,5F6aRdsBHajN2NhZHBTB6ibBFu7YuZZEWruWzB8x6B6GiZ4D,5HTeZ5168DjjGWZgbvzGfysEAj9fnexF24gYFKJHENU5cc8a,0,0,0,0
9074962,5CyQFykVpfa9xgZVGgBsiNUpjbo1EihBTSkPvDC1FZbL1wxG,5HTeZ5168DjjGWZgbvzGfysEAj9fnexF24gYFKJHENU5cc8a,22878607295,0,740612779400145,740705478336910
9074962,5FYwKoHYfiuy9m2yM4wbwM5pQyaEP38MBTTZS8RwNKRuQ8mi,5FRXwb2qsEhqDQQKcm5m2MF26xTWwW65MHTEtKFFydypuqjG,994814908,0,29742158968097,29743372150236
9074962,5F6aRdsBHajN2NhZHBTB6ibBFu7YuZZEWruWzB8x6B6GiZ4D,5HTeZ5168DjjGWZgbvzGfysEAj9fnexF24gYFKJHENU5cc8a,0,0,0,0
9075322,5CyQFykVpfa9xgZVGgBsiNUpjbo1EihBTSkPvDC1FZbL1wxG,5HTeZ5168DjjGWZgbvzGfysEAj9fnexF24gYFKJHENU5cc8a,22894443118,0,740705478336910,740798196585546
9075322,5FYwKoHYfiuy9m2yM4wbwM5pQyaEP38MBTTZS8RwNKRuQ8mi,5FRXwb2qsEhqDQQKcm5m2MF26xTWwW65MHTEtKFFydypuqjG,994890913,0,29743372150236,29744585425063
9075322,5F6aRdsBHajN2NhZHBTB6ibBFu7YuZZEWruWzB8x6B6GiZ4D,5HTeZ5168DjjGWZgbvzGfysEAj9fnexF24gYFKJHENU5cc8a,0,0,0,0
9075682,5CyQFykVpfa9xgZVGgBsiNUpjbo1EihBTSkPvDC1FZbL1wxG,5HTeZ5168DjjGWZgbvzGfysEAj9fnexF24gYFKJHENU5cc8a,22913202795,0,740798196585546,740890937711709
9075682,5FYwKoHYfiuy9m2yM4wbwM5pQyaEP38MBTTZS8RwNKRuQ8mi,5FRXwb2qsEhqDQQKcm5m2MF26xTWwW65MHTEtKFFydypuqjG,994765078,0,29744585425063,29745798546434
9075682,5F6aRdsBHajN2NhZHBTB6ibBFu7YuZZEWruWzB8x6B6GiZ4D,5HTeZ5168DjjGWZgbvzGfysEAj9fnexF24gYFKJHENU5cc8a,0,0,0,0
9076042,5CyQFykVpfa9xgZVGgBsiNUpjbo1EihBTSkPvDC1FZbL1wxG,5HTeZ5168DjjGWZgbvzGfysEAj9fnexF24gYFKJHENU5cc8a,22844588388,0,740890937711709,740983595162233
9076042,5FYwKoHYfiuy9m2yM4wbwM5pQyaEP38MBTTZS8RwNKRuQ8mi,5FRXwb2qsEhqDQQKcm5m2MF26xTWwW65MHTEtKFFydypuqjG,991286933,0,29745798546434,29747007426188
9076042,5F6aRdsBHajN2NhZHBTB6ibBFu7YuZZEWruWzB8x6B6GiZ4D,5HTeZ5168DjjGWZgbvzGfysEAj9fnexF24gYFKJHENU5cc8a,0,0,0,0
9076402,5CyQFykVpfa9xgZVGgBsiNUpjbo1EihBTSkPvDC1FZbL1wxG,5HTeZ5168DjjGWZgbvzGfysEAj9fnexF24gYFKJHENU5cc8a,22813829368,0,740983595162233,741076215101967
9076402,5FYwKoHYfiuy9m2yM4wbwM5pQyaEP38MBTTZS8RwNKRuQ8mi,5FRXwb2qsEhqDQQKcm5m2MF26xTWwW65MHTEtKFFydypuqjG,989657630,0,29747007426188,29748214318999
9076402,5F6aRdsBHajN2NhZHBTB6ibBFu7YuZZEWruWzB8x6B6GiZ4D,5HTeZ5168DjjGWZgbvzGfysEAj9fnexF24gYFKJHENU5cc8a,0,0,0,0
9076762,5CyQFykVpfa9xgZVGgBsiNUpjbo1EihBTSkPvDC1FZbL1wxG,5HTeZ5168DjjGWZgbvzGfysEAj9fnexF24gYFKJHENU5cc8a,22813987945,0,740850309892704,740942930025823
9076762,5FYwKoHYfiuy9m2yM4wbwM5pQyaEP38MBTTZS8RwNKRuQ8mi,5FRXwb2qsEhqDQQKcm5m2MF26xTWwW65MHTEtKFFydypuqjG,989172070,0,29748214318999,29749420619667
9076762,5F6aRdsBHajN2NhZHBTB6ibBFu7YuZZEWruWzB8x6B6GiZ4D,5HTeZ5168DjjGWZgbvzGfysEAj9fnexF24gYFKJHENU5cc8a,0,0,0,0
9077122,5CyQFykVpfa9xgZVGgBsiNUpjbo1EihBTSkPvDC1FZbL1wxG,5HTeZ5168DjjGWZgbvzGfysEAj9fnexF24gYFKJHENU5cc8a,22813124467,0,740942930025823,741035549105926
9077122,5FYwKoHYfiuy9m2yM4wbwM5pQyaEP38MBTTZS8RwNKRuQ8mi,5FRXwb2qsEhqDQQKcm5m2MF26xTWwW65MHTEtKFFydypuqjG,988658148,0,29749420619667,29750626293604
9077122,5F6aRdsBHajN2NhZHBTB6ibBFu7YuZZEWruWzB8x6B6GiZ4D,5HTeZ5168DjjGWZgbvzGfysEAj9fnexF24gYFKJHENU5cc8a,0,0,0,0
9077482,5CyQFykVpfa9xgZVGgBsiNUpjbo1EihBTSkPvDC1FZbL1wxG,5HTeZ5168DjjGWZgbvzGfysEAj9fnexF24gYFKJHENU5cc8a,22805924989,0,741035549105926,741128159406227
9077482,5FYwKoHYfiuy9m2yM4wbwM5pQyaEP38MBTTZS8RwNKRuQ8mi,5FRXwb2qsEhqDQQKcm5m2MF26xTWwW65MHTEtKFFydypuqjG,988038980,0,29750626293604,29751831212462
9077482,5F6aRdsBHajN2NhZHBTB6ibBFu7YuZZEWruWzB8x6B6GiZ4D,5HTeZ5168DjjGWZgbvzGfysEAj9fnexF24gYFKJHENU5cc8a,0,0,0,0
9077842,5CyQFykVpfa9xgZVGgBsiNUpjbo1EihBTSkPvDC1FZbL1wxG,5HTeZ5168DjjGWZgbvzGfysEAj9fnexF24gYFKJHENU5cc8a,22759673601,0,741128159406227,741220713302711
9077842,5FYwKoHYfiuy9m2yM4wbwM5pQyaEP38MBTTZS8RwNKRuQ8mi,5FRXwb2qsEhqDQQKcm5m2MF26xTWwW65MHTEtKFFydypuqjG,985698334,0,29751831212462,29753033276890
9077842,5F6aRdsBHajN2NhZHBTB6ibBFu7YuZZEWruWzB8x6B6GiZ4D,5HTeZ5168DjjGWZgbvzGfysEAj9fnexF24gYFKJHENU5cc8a,0,0,0,0
9078202,5CyQFykVpfa9xgZVGgBsiNUpjbo1EihBTSkPvDC1FZbL1wxG,5HTeZ5168DjjGWZgbvzGfysEAj9fnexF24gYFKJHENU5cc8a,22780736777,0,741444915908943,741537495492084
9078202,5FYwKoHYfiuy9m2yM4wbwM5pQyaEP38MBTTZS8RwNKRuQ8mi,5FRXwb2qsEhqDQQKcm5m2MF26xTWwW65MHTEtKFFydypuqjG,986263223,0,29753033276890,29754236030203
9078202,5F6aRdsBHajN2NhZHBTB6ibBFu7YuZZEWruWzB8x6B6GiZ4D,5HTeZ5168DjjGWZgbvzGfysEAj9fnexF24gYFKJHENU5cc8a,0,0,0,0
9078562,5CyQFykVpfa9xgZVGgBsiNUpjbo1EihBTSkPvDC1FZbL1wxG,5HTeZ5168DjjGWZgbvzGfysEAj9fnexF24gYFKJHENU5cc8a,22778288864,0,741537495492084,741630072089982
9078562,5FYwKoHYfiuy9m2yM4wbwM5pQyaEP38MBTTZS8RwNKRuQ8mi,5FRXwb2qsEhqDQQKcm5m2MF26xTWwW65MHTEtKFFydypuqjG,985817297,0,29754236030203,29755438239707
9078562,5F6aRdsBHajN2NhZHBTB6ibBFu7YuZZEWruWzB8x6B6GiZ4D,5HTeZ5168DjjGWZgbvzGfysEAj9fnexF24gYFKJHENU5cc8a,0,0,0,0
9078922,5CyQFykVpfa9xgZVGgBsiNUpjbo1EihBTSkPvDC1FZbL1wxG,5HTeZ5168DjjGWZgbvzGfysEAj9fnexF24gYFKJHENU5cc8a,22783961189,0,741630072089982,741722655605311
9078922,5FYwKoHYfiuy9m2yM4wbwM5pQyaEP38MBTTZS8RwNKRuQ8mi,5FRXwb2qsEhqDQQKcm5m2MF26xTWwW65MHTEtKFFydypuqjG,985785942,0,29755438239707,29756640410973
9078922,5F6aRdsBHajN2NhZHBTB6ibBFu7YuZZEWruWzB8x6B6GiZ4D,5HTeZ5168DjjGWZgbvzGfysEAj9fnexF24gYFKJHENU5cc8a,0,0,0,0
9079282,5CyQFykVpfa9xgZVGgBsiNUpjbo1EihBTSkPvDC1FZbL1wxG,5HTeZ5168DjjGWZgbvzGfysEAj9fnexF24gYFKJHENU5cc8a,22787915137,0,741722655605311,741815243942501
9079282,5FYwKoHYfiuy9m2yM4wbwM5pQyaEP38MBTTZS8RwNKRuQ8mi,5FRXwb2qsEhqDQQKcm5m2MF26xTWwW65MHTEtKFFydypuqjG,985799235,0,29756640410973,29757842598450
9079282,5F6aRdsBHajN2NhZHBTB6ibBFu7YuZZEWruWzB8x6B6GiZ4D,5HTeZ5168DjjGWZgbvzGfysEAj9fnexF24gYFKJHENU5cc8a,0,0,0,0
9079642,5CyQFykVpfa9xgZVGgBsiNUpjbo1EihBTSkPvDC1FZbL1wxG,5HTeZ5168DjjGWZgbvzGfysEAj9fnexF24gYFKJHENU5cc8a,22790995831,0,741815243942501,741907836036614
9079642,5FYwKoHYfiuy9m2yM4wbwM5pQyaEP38MBTTZS8RwNKRuQ8mi,5FRXwb2qsEhqDQQKcm5m2MF26xTWwW65MHTEtKFFydypuqjG,983474738,0,29664529579202,29665728931943
9079642,5F6aRdsBHajN2NhZHBTB6ibBFu7YuZZEWruWzB8x6B6GiZ4D,5HTeZ5168DjjGWZgbvzGfysEAj9fnexF24gYFKJHENU5cc8a,0,0,0,0
9080002,5CyQFykVpfa9xgZVGgBsiNUpjbo1EihBTSkPvDC1FZbL1wxG,5HTeZ5168DjjGWZgbvzGfysEAj9fnexF24gYFKJHENU5cc8a,22782525671,0,741907836036614,742000417801321
9080002,5FYwKoHYfiuy9m2yM4wbwM5pQyaEP38MBTTZS8RwNKRuQ8mi,5FRXwb2qsEhqDQQKcm5m2MF26xTWwW65MHTEtKFFydypuqjG,982825512,0,29665728931943,29666927492949
9080002,5F6aRdsBHajN2NhZHBTB6ibBFu7YuZZEWruWzB8x6B6GiZ4D,5HTeZ5168DjjGWZgbvzGfysEAj9fnexF24gYFKJHENU5cc8a,0,0,0,0
9080362,5CyQFykVpfa9xgZVGgBsiNUpjbo1EihBTSkPvDC1FZbL1wxG,5HTeZ5168DjjGWZgbvzGfysEAj9fnexF24gYFKJHENU5cc8a,22777050724,0,742000417801321,742092992889301
9080362,5FYwKoHYfiuy9m2yM4wbwM5pQyaEP38MBTTZS8RwNKRuQ8mi,5FRXwb2qsEhqDQQKcm5m2MF26xTWwW65MHTEtKFFydypuqjG,981753116,0,29666927492949,29668124746162
9080362,5F6aRdsBHajN2NhZHBTB6ibBFu7YuZZEWruWzB8x6B6GiZ4D,5HTeZ5168DjjGWZgbvzGfysEAj9fnexF24gYFKJHENU5cc8a,0,0,0,0
9080722,5CyQFykVpfa9xgZVGgBsiNUpjbo1EihBTSkPvDC1FZbL1wxG,5HTeZ5168DjjGWZgbvzGfysEAj9fnexF24gYFKJHENU5cc8a,22784753959,0,742092992889301,742185577371417
9080722,5FYwKoHYfiuy9m2yM4wbwM5pQyaEP38MBTTZS8RwNKRuQ8mi,5FRXwb2qsEhqDQQKcm5m2MF26xTWwW65MHTEtKFFydypuqjG,981869163,0,29668124746162,29669322140895
9080722,5F6aRdsBHajN2NhZHBTB6ibBFu7YuZZEWruWzB8x6B6GiZ4D,5HTeZ5168DjjGWZgbvzGfysEAj9fnexF24gYFKJHENU5cc8a,0,0,0,0
9081082,5CyQFykVpfa9xgZVGgBsiNUpjbo1EihBTSkPvDC1FZbL1wxG,5HTeZ5168DjjGWZgbvzGfysEAj9fnexF24gYFKJHENU5cc8a,22790686443,0,741961319673753,742053911390565
9081082,5FYwKoHYfiuy9m2yM4wbwM5pQyaEP38MBTTZS8RwNKRuQ8mi,5FRXwb2qsEhqDQQKcm5m2MF26xTWwW65MHTEtKFFydypuqjG,981847213,0,29669322140895,29670519508860
9081082,5F6aRdsBHajN2NhZHBTB6ibBFu7YuZZEWruWzB8x6B6GiZ4D,5HTeZ5168DjjGWZgbvzGfysEAj9fnexF24gYFKJHENU5cc8a,0,0,0,0
9081442,5CyQFykVpfa9xgZVGgBsiNUpjbo1EihBTSkPvDC1FZbL1wxG,5HTeZ5168DjjGWZgbvzGfysEAj9fnexF24gYFKJHENU5cc8a,22796479405,0,742053911390565,742146510171926
9081442,5FYwKoHYfiuy9m2yM4wbwM5pQyaEP38MBTTZS8RwNKRuQ8mi,5FRXwb2qsEhqDQQKcm5m2MF26xTWwW65MHTEtKFFydypuqjG,982010328,0,29670519508860,29671717075745
9081442,5F6aRdsBHajN2NhZHBTB6ibBFu7YuZZEWruWzB8x6B6GiZ4D,5HTeZ5168DjjGWZgbvzGfysEAj9fnexF24gYFKJHENU5cc8a,0,0,0,0
9081802,5CyQFykVpfa9xgZVGgBsiNUpjbo1EihBTSkPvDC1FZbL1wxG,5HTeZ5168DjjGWZgbvzGfysEAj9fnexF24gYFKJHENU5cc8a,22805565047,0,742146510171926,742239120033276
9081802,5FYwKoHYfiuy9m2yM4wbwM5pQyaEP38MBTTZS8RwNKRuQ8mi,5FRXwb2qsEhqDQQKcm5m2MF26xTWwW65MHTEtKFFydypuqjG,982326934,0,29671717075745,29672915028733
9081802,5F6aRdsBHajN2NhZHBTB6ibBFu7YuZZEWruWzB8x6B6GiZ4D,5HTeZ5168DjjGWZgbvzGfysEAj9fnexF24gYFKJHENU5cc8a,0,0,0,0
9082162,5CyQFykVpfa9xgZVGgBsiNUpjbo1EihBTSkPvDC1FZbL1wxG,5HTeZ5168DjjGWZgbvzGfysEAj9fnexF24gYFKJHENU5cc8a,22804757516,0,742239120033276,742331728909838
9082162,5FYwKoHYfiuy9m2yM4wbwM5pQyaEP38MBTTZS8RwNKRuQ8mi,5FRXwb2qsEhqDQQKcm5m2MF26xTWwW65MHTEtKFFydypuqjG,982171711,0,29672915028733,29674112792425
9082162,5F6aRdsBHajN2NhZHBTB6ibBFu7YuZZEWruWzB8x6B6GiZ4D,5HTeZ5168DjjGWZgbvzGfysEAj9fnexF24gYFKJHENU5cc8a,0,0,0,0
9082522,5CyQFykVpfa9xgZVGgBsiNUpjbo1EihBTSkPvDC1FZbL1wxG,5HTeZ5168DjjGWZgbvzGfysEAj9fnexF24gYFKJHENU5cc8a,22802759633,0,742331728909838,742424335349970
9082522,5FYwKoHYfiuy9m2yM4wbwM5pQyaEP38MBTTZS8RwNKRuQ8mi,5FRXwb2qsEhqDQQKcm5m2MF26xTWwW65MHTEtKFFydypuqjG,982048375,0,29674112792425,29675310405708
9082522,5F6aRdsBHajN2NhZHBTB6ibBFu7YuZZEWruWzB8x6B6GiZ4D,5HTeZ5168DjjGWZgbvzGfysEAj9fnexF24gYFKJHENU5cc8a,0,0,0,0
9082882,5CyQFykVpfa9xgZVGgBsiNUpjbo1EihBTSkPvDC1FZbL1wxG,5HTeZ5168DjjGWZgbvzGfysEAj9fnexF24gYFKJHENU5cc8a,22803528592,0,742424335349970,742516942727852
9082882,5FYwKoHYfiuy9m2yM4wbwM5pQyaEP38MBTTZS8RwNKRuQ8mi,5FRXwb2qsEhqDQQKcm5m2MF26xTWwW65MHTEtKFFydypuqjG,981956874,0,29675310405708,29676507907405
9082882,5F6aRdsBHajN2NhZHBTB6ibBFu7YuZZEWruWzB8x6B6GiZ4D,5HTeZ5168DjjGWZgbvzGfysEAj9fnexF24gYFKJHENU5cc8a,0,0,0,0
9083242,5CyQFykVpfa9xgZVGgBsiNUpjbo1EihBTSkPvDC1FZbL1wxG,5HTeZ5168DjjGWZgbvzGfysEAj9fnexF24gYFKJHENU5cc8a,22806358251,0,742516942727852,742609553556519
9083242,5FYwKoHYfiuy9m2yM4wbwM5pQyaEP38MBTTZS8RwNKRuQ8mi,5FRXwb2qsEhqDQQKcm5m2MF26xTWwW65MHTEtKFFydypuqjG,981998557,0,29676507907405,29677705459935
9083242,5F6aRdsBHajN2NhZHBTB6ibBFu7YuZZEWruWzB8x6B6GiZ4D,5HTeZ5168DjjGWZgbvzGfysEAj9fnexF24gYFKJHENU5cc8a,0,0,0,0
9083602,5CyQFykVpfa9xgZVGgBsiNUpjbo1EihBTSkPvDC1FZbL1wxG,5HTeZ5168DjjGWZgbvzGfysEAj9fnexF24gYFKJHENU5cc8a,22807832936,0,742609553556519,742702166183572
9083602,5FYwKoHYfiuy9m2yM4wbwM5pQyaEP38MBTTZS8RwNKRuQ8mi,5FRXwb2qsEhqDQQKcm5m2MF26xTWwW65MHTEtKFFydypuqjG,981915456,0,29677705459935,29678902911123
9083602,5F6aRdsBHajN2NhZHBTB6ibBFu7YuZZEWruWzB8x6B6GiZ4D,5HTeZ5168DjjGWZgbvzGfysEAj9fnexF24gYFKJHENU5cc8a,0,0,0,0
9083962,5CyQFykVpfa9xgZVGgBsiNUpjbo1EihBTSkPvDC1FZbL1wxG,5HTeZ5168DjjGWZgbvzGfysEAj9fnexF24gYFKJHENU5cc8a,22763187697,0,742702166183572,742794724365515
9083962,5FYwKoHYfiuy9m2yM4wbwM5pQyaEP38MBTTZS8RwNKRuQ8mi,5FRXwb2qsEhqDQQKcm5m2MF26xTWwW65MHTEtKFFydypuqjG,964152627,0,29678902911123,29680078700445
9083962,5F6aRdsBHajN2NhZHBTB6ibBFu7YuZZEWruWzB8x6B6GiZ4D,5HTeZ5168DjjGWZgbvzGfysEAj9fnexF24gYFKJHENU5cc8a,0,0,0,0
9084322,5CyQFykVpfa9xgZVGgBsiNUpjbo1EihBTSkPvDC1FZbL1wxG,5HTeZ5168DjjGWZgbvzGfysEAj9fnexF24gYFKJHENU5cc8a,22765962291,0,742794724365515,742887285931091
9084322,5FYwKoHYfiuy9m2yM4wbwM5pQyaEP38MBTTZS8RwNKRuQ8mi,5FRXwb2qsEhqDQQKcm5m2MF26xTWwW65MHTEtKFFydypuqjG,966028523,0,29680078700445,29681256777432
9084322,5F6aRdsBHajN2NhZHBTB6ibBFu7YuZZEWruWzB8x6B6GiZ4D,5HTeZ5168DjjGWZgbvzGfysEAj9fnexF24gYFKJHENU5cc8a,0,0,0,0
9084682,5CyQFykVpfa9xgZVGgBsiNUpjbo1EihBTSkPvDC1FZbL1wxG,5HTeZ5168DjjGWZgbvzGfysEAj9fnexF24gYFKJHENU5cc8a,22769572015,0,742887285931091,742979851898744
9084682,5FYwKoHYfiuy9m2yM4wbwM5pQyaEP38MBTTZS8RwNKRuQ8mi,5FRXwb2qsEhqDQQKcm5m2MF26xTWwW65MHTEtKFFydypuqjG,967773789,0,29681256777432,29682436982781
9084682,5F6aRdsBHajN2NhZHBTB6ibBFu7YuZZEWruWzB8x6B6GiZ4D,5HTeZ5168DjjGWZgbvzGfysEAj9fnexF24gYFKJHENU5cc8a,0,0,0,0
9085042,5CyQFykVpfa9xgZVGgBsiNUpjbo1EihBTSkPvDC1FZbL1wxG,5HTeZ5168DjjGWZgbvzGfysEAj9fnexF24gYFKJHENU5cc8a,22771397545,0,742979851898744,743072420092641
9085042,5FYwKoHYfiuy9m2yM4wbwM5pQyaEP38MBTTZS8RwNKRuQ8mi,5FRXwb2qsEhqDQQKcm5m2MF26xTWwW65MHTEtKFFydypuqjG,969224137,0,29682436982781,29683618956837
9085042,5F6aRdsBHajN2NhZHBTB6ibBFu7YuZZEWruWzB8x6B6GiZ4D,5HTeZ5168DjjGWZgbvzGfysEAj9fnexF24gYFKJHENU5cc8a,0,0,0,0
9085402,5CyQFykVpfa9xgZVGgBsiNUpjbo1EihBTSkPvDC1FZbL1wxG,5HTeZ5168DjjGWZgbvzGfysEAj9fnexF24gYFKJHENU5cc8a,22777966700,0,743072420092641,743164996297658
9085402,5FYwKoHYfiuy9m2yM4wbwM5pQyaEP38MBTTZS8RwNKRuQ8mi,5FRXwb2qsEhqDQQKcm5m2MF26xTWwW65MHTEtKFFydypuqjG,970689893,0,29683618956837,29684802718390
9085402,5F6aRdsBHajN2NhZHBTB6ibBFu7YuZZEWruWzB8x6B6GiZ4D,5HTeZ5168DjjGWZgbvzGfysEAj9fnexF24gYFKJHENU5cc8a,0,0,0,0
9085762,5CyQFykVpfa9xgZVGgBsiNUpjbo1EihBTSkPvDC1FZbL1wxG,5HTeZ5168DjjGWZgbvzGfysEAj9fnexF24gYFKJHENU5cc8a,22781129950,0,743164996297658,743257576360276
9085762,5FYwKoHYfiuy9m2yM4wbwM5pQyaEP38MBTTZS8RwNKRuQ8mi,5FRXwb2qsEhqDQQKcm5m2MF26xTWwW65MHTEtKFFydypuqjG,971943865,0,29684802718390,29685988009169
9085762,5F6aRdsBHajN2NhZHBTB6ibBFu7YuZZEWruWzB8x6B6GiZ4D,5HTeZ5168DjjGWZgbvzGfysEAj9fnexF24gYFKJHENU5cc8a,0,0,0,0
9086122,5CyQFykVpfa9xgZVGgBsiNUpjbo1EihBTSkPvDC1FZbL1wxG,5HTeZ5168DjjGWZgbvzGfysEAj9fnexF24gYFKJHENU5cc8a,22782996327,0,743257576360276,743350158698950
9086122,5FYwKoHYfiuy9m2yM4wbwM5pQyaEP38MBTTZS8RwNKRuQ8mi,5FRXwb2qsEhqDQQKcm5m2MF26xTWwW65MHTEtKFFydypuqjG,972994291,0,29685988009169,29687174580948
9086122,5F6aRdsBHajN2NhZHBTB6ibBFu7YuZZEWruWzB8x6B6GiZ4D,5HTeZ5168DjjGWZgbvzGfysEAj9fnexF24gYFKJHENU5cc8a,0,0,0,0
9086482,5CyQFykVpfa9xgZVGgBsiNUpjbo1EihBTSkPvDC1FZbL1wxG,5HTeZ5168DjjGWZgbvzGfysEAj9fnexF24gYFKJHENU5cc8a,22788578570,0,743350158698950,743442747845200
9086482,5FYwKoHYfiuy9m2yM4wbwM5pQyaEP38MBTTZS8RwNKRuQ8mi,5FRXwb2qsEhqDQQKcm5m2MF26xTWwW65MHTEtKFFydypuqjG,973881152,0,29687174580948,29688362234259
9086482,5F6aRdsBHajN2NhZHBTB6ibBFu7YuZZEWruWzB8x6B6GiZ4D,5HTeZ5168DjjGWZgbvzGfysEAj9fnexF24gYFKJHENU5cc8a,0,0,0,0
9086842,5CyQFykVpfa9xgZVGgBsiNUpjbo1EihBTSkPvDC1FZbL1wxG,5HTeZ5168DjjGWZgbvzGfysEAj9fnexF24gYFKJHENU5cc8a,22774041208,0,743442747845200,743535319263058
9086842,5FYwKoHYfiuy9m2yM4wbwM5pQyaEP38MBTTZS8RwNKRuQ8mi,5FRXwb2qsEhqDQQKcm5m2MF26xTWwW65MHTEtKFFydypuqjG,974031382,0,29688362234259,29689550070776
9086842,5F6aRdsBHajN2NhZHBTB6ibBFu7YuZZEWruWzB8x6B6GiZ4D,5HTeZ5168DjjGWZgbvzGfysEAj9fnexF24gYFKJHENU5cc8a,0,0,0,0
9087202,5CyQFykVpfa9xgZVGgBsiNUpjbo1EihBTSkPvDC1FZbL1wxG,5HTeZ5168DjjGWZgbvzGfysEAj9fnexF24gYFKJHENU5cc8a,22775357838,0,743535319263058,743627892286554
9087202,5FYwKoHYfiuy9m2yM4wbwM5pQyaEP38MBTTZS8RwNKRuQ8mi,5FRXwb2qsEhqDQQKcm5m2MF26xTWwW65MHTEtKFFydypuqjG,974789672,0,29689550070776,29690738832032
9087202,5F6aRdsBHajN2NhZHBTB6ibBFu7YuZZEWruWzB8x6B6GiZ4D,5HTeZ5168DjjGWZgbvzGfysEAj9fnexF24gYFKJHENU5cc8a,0,0,0,0
9087562,5CyQFykVpfa9xgZVGgBsiNUpjbo1EihBTSkPvDC1FZbL1wxG,5HTeZ5168DjjGWZgbvzGfysEAj9fnexF24gYFKJHENU5cc8a,22774685939,0,743627892286554,743720464490665
9087562,5FYwKoHYfiuy9m2yM4wbwM5pQyaEP38MBTTZS8RwNKRuQ8mi,5FRXwb2qsEhqDQQKcm5m2MF26xTWwW65MHTEtKFFydypuqjG,975444000,0,29690738832032,29691928391244
9087562,5F6aRdsBHajN2NhZHBTB6ibBFu7YuZZEWruWzB8x6B6GiZ4D,5HTeZ5168DjjGWZgbvzGfysEAj9fnexF24gYFKJHENU5cc8a,0,0,0,0
9087922,5CyQFykVpfa9xgZVGgBsiNUpjbo1EihBTSkPvDC1FZbL1wxG,5HTeZ5168DjjGWZgbvzGfysEAj9fnexF24gYFKJHENU5cc8a,22774691390,0,743720464490665,743813036701424
9087922,5FYwKoHYfiuy9m2yM4wbwM5pQyaEP38MBTTZS8RwNKRuQ8mi,5FRXwb2qsEhqDQQKcm5m2MF26xTWwW65MHTEtKFFydypuqjG,975909948,0,29691928391244,29693118518683
9087922,5F6aRdsBHajN2NhZHBTB6ibBFu7YuZZEWruWzB8x6B6GiZ4D,5HTeZ5168DjjGWZgbvzGfysEAj9fnexF24gYFKJHENU5cc8a,0,0,0,0
9088282,5CyQFykVpfa9xgZVGgBsiNUpjbo1EihBTSkPvDC1FZbL1wxG,5HTeZ5168DjjGWZgbvzGfysEAj9fnexF24gYFKJHENU5cc8a,22775267619,0,743813036701424,743905609614897
9088282,5FYwKoHYfiuy9m2yM4wbwM5pQyaEP38MBTTZS8RwNKRuQ8mi,5FRXwb2qsEhqDQQKcm5m2MF26xTWwW65MHTEtKFFydypuqjG,976549320,0,29693118518683,29694309425839
9088282,5F6aRdsBHajN2NhZHBTB6ibBFu7YuZZEWruWzB8x6B6GiZ4D,5HTeZ5168DjjGWZgbvzGfysEAj9fnexF24gYFKJHENU5cc8a,0,0,0,0
9088642,5CyQFykVpfa9xgZVGgBsiNUpjbo1EihBTSkPvDC1FZbL1wxG,5HTeZ5168DjjGWZgbvzGfysEAj9fnexF24gYFKJHENU5cc8a,22779257799,0,743905609614897,743998187394416
9088642,5FYwKoHYfiuy9m2yM4wbwM5pQyaEP38MBTTZS8RwNKRuQ8mi,5FRXwb2qsEhqDQQKcm5m2MF26xTWwW65MHTEtKFFydypuqjG,977162256,0,29694309425839,29695501080474
9088642,5F6aRdsBHajN2NhZHBTB6ibBFu7YuZZEWruWzB8x6B6GiZ4D,5HTeZ5168DjjGWZgbvzGfysEAj9fnexF24gYFKJHENU5cc8a,0,0,0,0
9089002,5CyQFykVpfa9xgZVGgBsiNUpjbo1EihBTSkPvDC1FZbL1wxG,5HTeZ5168DjjGWZgbvzGfysEAj9fnexF24gYFKJHENU5cc8a,22788902510,0,743998187394416,744090776935712
9089002,5FYwKoHYfiuy9m2yM4wbwM5pQyaEP38MBTTZS8RwNKRuQ8mi,5FRXwb2qsEhqDQQKcm5m2MF26xTWwW65MHTEtKFFydypuqjG,977640024,0,29695501080474,29696693317750
9089002,5F6aRdsBHajN2NhZHBTB6ibBFu7YuZZEWruWzB8x6B6GiZ4D,5HTeZ5168DjjGWZgbvzGfysEAj9fnexF24gYFKJHENU5cc8a,0,0,0,0
9089362,5CyQFykVpfa9xgZVGgBsiNUpjbo1EihBTSkPvDC1FZbL1wxG,5HTeZ5168DjjGWZgbvzGfysEAj9fnexF24gYFKJHENU5cc8a,22780731843,0,744090776935712,744183356512836
9089362,5FYwKoHYfiuy9m2yM4wbwM5pQyaEP38MBTTZS8RwNKRuQ8mi,5FRXwb2qsEhqDQQKcm5m2MF26xTWwW65MHTEtKFFydypuqjG,977534519,0,29696693317750,29697885426362
9089362,5F6aRdsBHajN2NhZHBTB6ibBFu7YuZZEWruWzB8x6B6GiZ4D,5HTeZ5168DjjGWZgbvzGfysEAj9fnexF24gYFKJHENU5cc8a,0,0,0,0
9089722,5CyQFykVpfa9xgZVGgBsiNUpjbo1EihBTSkPvDC1FZbL1wxG,5HTeZ5168DjjGWZgbvzGfysEAj9fnexF24gYFKJHENU5cc8a,22781313826,0,744183356512836,744275936799691
9089722,5FYwKoHYfiuy9m2yM4wbwM5pQyaEP38MBTTZS8RwNKRuQ8mi,5FRXwb2qsEhqDQQKcm5m2MF26xTWwW65MHTEtKFFydypuqjG,978068716,0,29697885426362,29699078186430
9089722,5F6aRdsBHajN2NhZHBTB6ibBFu7YuZZEWruWzB8x6B6GiZ4D,5HTeZ5168DjjGWZgbvzGfysEAj9fnexF24gYFKJHENU5cc8a,0,0,0,0
9090082,5CyQFykVpfa9xgZVGgBsiNUpjbo1EihBTSkPvDC1FZbL1wxG,5HTeZ5168DjjGWZgbvzGfysEAj9fnexF24gYFKJHENU5cc8a,22776266921,0,744275936799691,744368510931819
9090082,5FYwKoHYfiuy9m2yM4wbwM5pQyaEP38MBTTZS8RwNKRuQ8mi,5FRXwb2qsEhqDQQKcm5m2MF26xTWwW65MHTEtKFFydypuqjG,978063235,0,29699078186430,29700270939814
9090082,5F6aRdsBHajN2NhZHBTB6ibBFu7YuZZEWruWzB8x6B6GiZ4D,5HTeZ5168DjjGWZgbvzGfysEAj9fnexF24gYFKJHENU5cc8a,0,0,0,0
9090442,5CyQFykVpfa9xgZVGgBsiNUpjbo1EihBTSkPvDC1FZbL1wxG,5HTeZ5168DjjGWZgbvzGfysEAj9fnexF24gYFKJHENU5cc8a,22782605512,0,744368510931819,744461092793892
9090442,5FYwKoHYfiuy9m2yM4wbwM5pQyaEP38MBTTZS8RwNKRuQ8mi,5FRXwb2qsEhqDQQKcm5m2MF26xTWwW65MHTEtKFFydypuqjG,978589862,0,29700270939814,29701464335422
9090442,5F6aRdsBHajN2NhZHBTB6ibBFu7YuZZEWruWzB8x6B6GiZ4D,5HTeZ5168DjjGWZgbvzGfysEAj9fnexF24gYFKJHENU5cc8a,0,0,0,0
9090802,5CyQFykVpfa9xgZVGgBsiNUpjbo1EihBTSkPvDC1FZbL1wxG,5HTeZ5168DjjGWZgbvzGfysEAj9fnexF24gYFKJHENU5cc8a,22785573119,0,744461092793892,744553678274978
9090802,5FYwKoHYfiuy9m2yM4wbwM5pQyaEP38MBTTZS8RwNKRuQ8mi,5FRXwb2qsEhqDQQKcm5m2MF26xTWwW65MHTEtKFFydypuqjG,978865206,0,29701464335422,29702658066814
9090802,5F6aRdsBHajN2NhZHBTB6ibBFu7YuZZEWruWzB8x6B6GiZ4D,5HTeZ5168DjjGWZgbvzGfysEAj9fnexF24gYFKJHENU5cc8a,0,0,0,0
9091162,5CyQFykVpfa9xgZVGgBsiNUpjbo1EihBTSkPvDC1FZbL1wxG,5HTeZ5168DjjGWZgbvzGfysEAj9fnexF24gYFKJHENU5cc8a,22766792461,0,744553678274978,744646240852950
9091162,5FYwKoHYfiuy9m2yM4wbwM5pQyaEP38MBTTZS8RwNKRuQ8mi,5FRXwb2qsEhqDQQKcm5m2MF26xTWwW65MHTEtKFFydypuqjG,978143941,0,29702658066814,29703850918619
9091162,5F6aRdsBHajN2NhZHBTB6ibBFu7YuZZEWruWzB8x6B6GiZ4D,5HTeZ5168DjjGWZgbvzGfysEAj9fnexF24gYFKJHENU5cc8a,0,0,0,0
9091522,5CyQFykVpfa9xgZVGgBsiNUpjbo1EihBTSkPvDC1FZbL1wxG,5HTeZ5168DjjGWZgbvzGfysEAj9fnexF24gYFKJHENU5cc8a,22757331410,0,744616240852950,744708791893120
9091522,5FYwKoHYfiuy9m2yM4wbwM5pQyaEP38MBTTZS8RwNKRuQ8mi,5FRXwb2qsEhqDQQKcm5m2MF26xTWwW65MHTEtKFFydypuqjG,977780897,0,29703850918619,29705043327690
9091522,5F6aRdsBHajN2NhZHBTB6ibBFu7YuZZEWruWzB8x6B6GiZ4D,5HTeZ5168DjjGWZgbvzGfysEAj9fnexF24gYFKJHENU5cc8a,0,0,0,0
9091882,5CyQFykVpfa9xgZVGgBsiNUpjbo1EihBTSkPvDC1FZbL1wxG,5HTeZ5168DjjGWZgbvzGfysEAj9fnexF24gYFKJHENU5cc8a,22757553998,0,744708791893120,744801343204737
9091882,5FYwKoHYfiuy9m2yM4wbwM5pQyaEP38MBTTZS8RwNKRuQ8mi,5FRXwb2qsEhqDQQKcm5m2MF26xTWwW65MHTEtKFFydypuqjG,978005210,0,29705043327690,29706236010312
9091882,5F6aRdsBHajN2NhZHBTB6ibBFu7YuZZEWruWzB8x6B6GiZ4D,5HTeZ5168DjjGWZgbvzGfysEAj9fnexF24gYFKJHENU5cc8a,0,0,0,0
9092242,5CyQFykVpfa9xgZVGgBsiNUpjbo1EihBTSkPvDC1FZbL1wxG,5HTeZ5168DjjGWZgbvzGfysEAj9fnexF24gYFKJHENU5cc8a,22750648216,0,744801343204737,744893886094716
9092242,5FYwKoHYfiuy9m2yM4wbwM5pQyaEP38MBTTZS8RwNKRuQ8mi,5FRXwb2qsEhqDQQKcm5m2MF26xTWwW65MHTEtKFFydypuqjG,977920117,0,29706236010312,29707428589162
9092242,5F6aRdsBHajN2NhZHBTB6ibBFu7YuZZEWruWzB8x6B6GiZ4D,5HTeZ5168DjjGWZgbvzGfysEAj9fnexF24gYFKJHENU5cc8a,0,0,0,0
9092602,5CyQFykVpfa9xgZVGgBsiNUpjbo1EihBTSkPvDC1FZbL1wxG,5HTeZ5168DjjGWZgbvzGfysEAj9fnexF24gYFKJHENU5cc8a,22753726621,0,744893886094716,744986432738826
9092602,5FYwKoHYfiuy9m2yM4wbwM5pQyaEP38MBTTZS8RwNKRuQ8mi,5FRXwb2qsEhqDQQKcm5m2MF26xTWwW65MHTEtKFFydypuqjG,978136760,0,29707428589162,29708621432210
9092602,5F6aRdsBHajN2NhZHBTB6ibBFu7YuZZEWruWzB8x6B6GiZ4D,5HTeZ5168DjjGWZgbvzGfysEAj9fnexF24gYFKJHENU5cc8a,0,0,0,0
9092962,5CyQFykVpfa9xgZVGgBsiNUpjbo1EihBTSkPvDC1FZbL1wxG,5HTeZ5168DjjGWZgbvzGfysEAj9fnexF24gYFKJHENU5cc8a,22752234492,0,744986432738826,745078977563277
9092962,5FYwKoHYfiuy9m2yM4wbwM5pQyaEP38MBTTZS8RwNKRuQ8mi,5FRXwb2qsEhqDQQKcm5m2MF26xTWwW65MHTEtKFFydypuqjG,978038333,0,29708621432210,29709814155226
9092962,5F6aRdsBHajN2NhZHBTB6ibBFu7YuZZEWruWzB8x6B6GiZ4D,5HTeZ5168DjjGWZgbvzGfysEAj9fnexF24gYFKJHENU5cc8a,0,0,0,0
9093322,5CyQFykVpfa9xgZVGgBsiNUpjbo1EihBTSkPvDC1FZbL1wxG,5HTeZ5168DjjGWZgbvzGfysEAj9fnexF24gYFKJHENU5cc8a,22740214063,0,745078977563277,745171507728750
9093322,5FYwKoHYfiuy9m2yM4wbwM5pQyaEP38MBTTZS8RwNKRuQ8mi,5FRXwb2qsEhqDQQKcm5m2MF26xTWwW65MHTEtKFFydypuqjG,977671654,0,29709814155226,29711006431074
9093322,5F6aRdsBHajN2NhZHBTB6ibBFu7YuZZEWruWzB8x6B6GiZ4D,5HTeZ5168DjjGWZgbvzGfysEAj9fnexF24gYFKJHENU5cc8a,0,0,0,0
9093682,5CyQFykVpfa9xgZVGgBsiNUpjbo1EihBTSkPvDC1FZbL1wxG,5HTeZ5168DjjGWZgbvzGfysEAj9fnexF24gYFKJHENU5cc8a,22734933426,0,745171507728750,745264031454458
9093682,5FYwKoHYfiuy9m2yM4wbwM5pQyaEP38MBTTZS8RwNKRuQ8mi,5FRXwb2qsEhqDQQKcm5m2MF26xTWwW65MHTEtKFFydypuqjG,977385521,0,29711006431074,29712198357982
9093682,5F6aRdsBHajN2NhZHBTB6ibBFu7YuZZEWruWzB8x6B6GiZ4D,5HTeZ5168DjjGWZgbvzGfysEAj9fnexF24gYFKJHENU5cc8a,0,0,0,0
9094042,5CyQFykVpfa9xgZVGgBsiNUpjbo1EihBTSkPvDC1FZbL1wxG,5HTeZ5168DjjGWZgbvzGfysEAj9fnexF24gYFKJHENU5cc8a,22699802537,0,745762802660820,745855283544219
9094042,5FYwKoHYfiuy9m2yM4wbwM5pQyaEP38MBTTZS8RwNKRuQ8mi,5FRXwb2qsEhqDQQKcm5m2MF26xTWwW65MHTEtKFFydypuqjG,975764315,0,29712198357982,29713388307820
9094042,5F6aRdsBHajN2NhZHBTB6ibBFu7YuZZEWruWzB8x6B6GiZ4D,5HTeZ5168DjjGWZgbvzGfysEAj9fnexF24gYFKJHENU5cc8a,0,0,0,0
9094402,5CyQFykVpfa9xgZVGgBsiNUpjbo1EihBTSkPvDC1FZbL1wxG,5HTeZ5168DjjGWZgbvzGfysEAj9fnexF24gYFKJHENU5cc8a,22685183518,0,745855283544219,745947746599646
9094402,5FYwKoHYfiuy9m2yM4wbwM5pQyaEP38MBTTZS8RwNKRuQ8mi,5FRXwb2qsEhqDQQKcm5m2MF26xTWwW65MHTEtKFFydypuqjG,975214258,0,29713388307820,29714577586861
9094402,5F6aRdsBHajN2NhZHBTB6ibBFu7YuZZEWruWzB8x6B6GiZ4D,5HTeZ5168DjjGWZgbvzGfysEAj9fnexF24gYFKJHENU5cc8a,0,0,0,0
9094762,5CyQFykVpfa9xgZVGgBsiNUpjbo1EihBTSkPvDC1FZbL1wxG,5HTeZ5168DjjGWZgbvzGfysEAj9fnexF24gYFKJHENU5cc8a,22657597286,0,745448945043758,745541374457626
9094762,5FYwKoHYfiuy9m2yM4wbwM5pQyaEP38MBTTZS8RwNKRuQ8mi,5FRXwb2qsEhqDQQKcm5m2MF26xTWwW65MHTEtKFFydypuqjG,974042642,0,29714577586861,29715765437110
9094762,5F6aRdsBHajN2NhZHBTB6ibBFu7YuZZEWruWzB8x6B6GiZ4D,5HTeZ5168DjjGWZgbvzGfysEAj9fnexF24gYFKJHENU5cc8a,0,0,0,0
9095122,5CyQFykVpfa9xgZVGgBsiNUpjbo1EihBTSkPvDC1FZbL1wxG,5HTeZ5168DjjGWZgbvzGfysEAj9fnexF24gYFKJHENU5cc8a,22649247792,0,745541374457626,745633793689241
9095122,5FYwKoHYfiuy9m2yM4wbwM5pQyaEP38MBTTZS8RwNKRuQ8mi,5FRXwb2qsEhqDQQKcm5m2MF26xTWwW65MHTEtKFFydypuqjG,973861004,0,29715765437110,29716953065850
9095122,5F6aRdsBHajN2NhZHBTB6ibBFu7YuZZEWruWzB8x6B6GiZ4D,5HTeZ5168DjjGWZgbvzGfysEAj9fnexF24gYFKJHENU5cc8a,0,0,0,0
9095482,5CyQFykVpfa9xgZVGgBsiNUpjbo1EihBTSkPvDC1FZbL1wxG,5HTeZ5168DjjGWZgbvzGfysEAj9fnexF24gYFKJHENU5cc8a,20505184474,0,745633793689241,745723598224090
9095482,5FYwKoHYfiuy9m2yM4wbwM5pQyaEP38MBTTZS8RwNKRuQ8mi,5FRXwb2qsEhqDQQKcm5m2MF26xTWwW65MHTEtKFFydypuqjG,999916703,0,29716953065850,29718172469656
9095482,5F6aRdsBHajN2NhZHBTB6ibBFu7YuZZEWruWzB8x6B6GiZ4D,5HTeZ5168DjjGWZgbvzGfysEAj9fnexF24gYFKJHENU5cc8a,0,0,0,0
9095842,5CyQFykVpfa9xgZVGgBsiNUpjbo1EihBTSkPvDC1FZbL1wxG,5HTeZ5168DjjGWZgbvzGfysEAj9fnexF24gYFKJHENU5cc8a,18548036216,0,745723598224090,745811016006095
9095842,5FYwKoHYfiuy9m2yM4wbwM5pQyaEP38MBTTZS8RwNKRuQ8mi,5FRXwb2qsEhqDQQKcm5m2MF26xTWwW65MHTEtKFFydypuqjG,1022891121,0,29718172469656,29719419890888
9095842,5F6aRdsBHajN2NhZHBTB6ibBFu7YuZZEWruWzB8x6B6GiZ4D,5HTeZ5168DjjGWZgbvzGfysEAj9fnexF24gYFKJHENU5cc8a,0,0,0,0
9096202,5CyQFykVpfa9xgZVGgBsiNUpjbo1EihBTSkPvDC1FZbL1wxG,5HTeZ5168DjjGWZgbvzGfysEAj9fnexF24gYFKJHENU5cc8a,16777629121,0,745811016006095,745896274767110
9096202,5FYwKoHYfiuy9m2yM4wbwM5pQyaEP38MBTTZS8RwNKRuQ8mi,5FRXwb2qsEhqDQQKcm5m2MF26xTWwW65MHTEtKFFydypuqjG,975893189,0,27148670795533,27149860902534
9096202,5F6aRdsBHajN2NhZHBTB6ibBFu7YuZZEWruWzB8x6B6GiZ4D,5HTeZ5168DjjGWZgbvzGfysEAj9fnexF24gYFKJHENU5cc8a,0,0,0,0
9096562,5CyQFykVpfa9xgZVGgBsiNUpjbo1EihBTSkPvDC1FZbL1wxG,5HTeZ5168DjjGWZgbvzGfysEAj9fnexF24gYFKJHENU5cc8a,15168398035,0,745896274767110,745979571062147
9096562,5FYwKoHYfiuy9m2yM4wbwM5pQyaEP38MBTTZS8RwNKRuQ8mi,5FRXwb2qsEhqDQQKcm5m2MF26xTWwW65MHTEtKFFydypuqjG,992522077,0,27149860902534,27151071288553
9096562,5F6aRdsBHajN2NhZHBTB6ibBFu7YuZZEWruWzB8x6B6GiZ4D,5HTeZ5168DjjGWZgbvzGfysEAj9fnexF24gYFKJHENU5cc8a,0,0,0,0
9096922,5CyQFykVpfa9xgZVGgBsiNUpjbo1EihBTSkPvDC1FZbL1wxG,5HTeZ5168DjjGWZgbvzGfysEAj9fnexF24gYFKJHENU5cc8a,13706682678,0,745979571062147,746061084787432
9096922,5FYwKoHYfiuy9m2yM4wbwM5pQyaEP38MBTTZS8RwNKRuQ8mi,5FRXwb2qsEhqDQQKcm5m2MF26xTWwW65MHTEtKFFydypuqjG,1007724683,0,27151071288553,27152300214232
9096922,5F6aRdsBHajN2NhZHBTB6ibBFu7YuZZEWruWzB8x6B6GiZ4D,5HTeZ5168DjjGWZgbvzGfysEAj9fnexF24gYFKJHENU5cc8a,0,0,0,0
9097282,5CyQFykVpfa9xgZVGgBsiNUpjbo1EihBTSkPvDC1FZbL1wxG,5HTeZ5168DjjGWZgbvzGfysEAj9fnexF24gYFKJHENU5cc8a,12403055846,0,746061084787432,746141008732772
9097282,5FYwKoHYfiuy9m2yM4wbwM5pQyaEP38MBTTZS8RwNKRuQ8mi,5FRXwb2qsEhqDQQKcm5m2MF26xTWwW65MHTEtKFFydypuqjG,1024050400,0,27152300214232,27153549049211
9097282,5F6aRdsBHajN2NhZHBTB6ibBFu7YuZZEWruWzB8x6B6GiZ4D,5HTeZ5168DjjGWZgbvzGfysEAj9fnexF24gYFKJHENU5cc8a,0,0,0,0
9097642,5CyQFykVpfa9xgZVGgBsiNUpjbo1EihBTSkPvDC1FZbL1wxG,5HTeZ5168DjjGWZgbvzGfysEAj9fnexF24gYFKJHENU5cc8a,11218838549,0,746141008732772,746219488518739
9097642,5FYwKoHYfiuy9m2yM4wbwM5pQyaEP38MBTTZS8RwNKRuQ8mi,5FRXwb2qsEhqDQQKcm5m2MF26xTWwW65MHTEtKFFydypuqjG,1039527474,0,27153549049211,27154816758565
9097642,5F6aRdsBHajN2NhZHBTB6ibBFu7YuZZEWruWzB8x6B6GiZ4D,5HTeZ5168DjjGWZgbvzGfysEAj9fnexF24gYFKJHENU5cc8a,0,0,0,0
9098002,5CyQFykVpfa9xgZVGgBsiNUpjbo1EihBTSkPvDC1FZbL1wxG,5HTeZ5168DjjGWZgbvzGfysEAj9fnexF24gYFKJHENU5cc8a,10122932882,0,746219488518739,746296631841841
9098002,5FYwKoHYfiuy9m2yM4wbwM5pQyaEP38MBTTZS8RwNKRuQ8mi,5FRXwb2qsEhqDQQKcm5m2MF26xTWwW65MHTEtKFFydypuqjG,1051291100,0,27154816758565,27156098813724
9098002,5F6aRdsBHajN2NhZHBTB6ibBFu7YuZZEWruWzB8x6B6GiZ4D,5HTeZ5168DjjGWZgbvzGfysEAj9fnexF24gYFKJHENU5cc8a,0,0,0,0
9098362,5CyQFykVpfa9xgZVGgBsiNUpjbo1EihBTSkPvDC1FZbL1wxG,5HTeZ5168DjjGWZgbvzGfysEAj9fnexF24gYFKJHENU5cc8a,9130604729,0,746296631841841,746372565015415
9098362,5FYwKoHYfiuy9m2yM4wbwM5pQyaEP38MBTTZS8RwNKRuQ8mi,5FRXwb2qsEhqDQQKcm5m2MF26xTWwW65MHTEtKFFydypuqjG,1061922235,0,27156098813724,27157393833610
9098362,5F6aRdsBHajN2NhZHBTB6ibBFu7YuZZEWruWzB8x6B6GiZ4D,5HTeZ5168DjjGWZgbvzGfysEAj9fnexF24gYFKJHENU5cc8a,0,0,0,0
9098722,5CyQFykVpfa9xgZVGgBsiNUpjbo1EihBTSkPvDC1FZbL1wxG,5HTeZ5168DjjGWZgbvzGfysEAj9fnexF24gYFKJHENU5cc8a,10553575550,0,746372565015415,746450233509571
9098722,5FYwKoHYfiuy9m2yM4wbwM5pQyaEP38MBTTZS8RwNKRuQ8mi,5FRXwb2qsEhqDQQKcm5m2MF26xTWwW65MHTEtKFFydypuqjG,1045839167,0,27157393833610,27158669240108
9098722,5F6aRdsBHajN2NhZHBTB6ibBFu7YuZZEWruWzB8x6B6GiZ4D,5HTeZ5168DjjGWZgbvzGfysEAj9fnexF24gYFKJHENU5cc8a,0,0,0,0
9099082,5CyQFykVpfa9xgZVGgBsiNUpjbo1EihBTSkPvDC1FZbL1wxG,5HTeZ5168DjjGWZgbvzGfysEAj9fnexF24gYFKJHENU5cc8a,11829356504,0,746450233509571,746529457825473
9099082,5FYwKoHYfiuy9m2yM4wbwM5pQyaEP38MBTTZS8RwNKRuQ8mi,5FRXwb2qsEhqDQQKcm5m2MF26xTWwW65MHTEtKFFydypuqjG,1031734774,0,27158669240108,27159927446223
9099082,5F6aRdsBHajN2NhZHBTB6ibBFu7YuZZEWruWzB8x6B6GiZ4D,5HTeZ5168DjjGWZgbvzGfysEAj9fnexF24gYFKJHENU5cc8a,0,0,0,0
9099442,5CyQFykVpfa9xgZVGgBsiNUpjbo1EihBTSkPvDC1FZbL1wxG,5HTeZ5168DjjGWZgbvzGfysEAj9fnexF24gYFKJHENU5cc8a,12975695433,0,746529457825473,746610080107874
9099442,5FYwKoHYfiuy9m2yM4wbwM5pQyaEP38MBTTZS8RwNKRuQ8mi,5FRXwb2qsEhqDQQKcm5m2MF26xTWwW65MHTEtKFFydypuqjG,1019158174,0,27159927446223,27161170315106
9099442,5F6aRdsBHajN2NhZHBTB6ibBFu7YuZZEWruWzB8x6B6GiZ4D,5HTeZ5168DjjGWZgbvzGfysEAj9fnexF24gYFKJHENU5cc8a,0,0,0,0
9099802,5CyQFykVpfa9xgZVGgBsiNUpjbo1EihBTSkPvDC1FZbL1wxG,5HTeZ5168DjjGWZgbvzGfysEAj9fnexF24gYFKJHENU5cc8a,14005493609,0,746610080107874,746691958234699
9099802,5FYwKoHYfiuy9m2yM4wbwM5pQyaEP38MBTTZS8RwNKRuQ8mi,5FRXwb2qsEhqDQQKcm5m2MF26xTWwW65MHTEtKFFydypuqjG,1008077800,0,27161170315106,27162399671413
9099802,5F6aRdsBHajN2NhZHBTB6ibBFu7YuZZEWruWzB8x6B6GiZ4D,5HTeZ5168DjjGWZgbvzGfysEAj9fnexF24gYFKJHENU5cc8a,0,0,0,0
9100162,5CyQFykVpfa9xgZVGgBsiNUpjbo1EihBTSkPvDC1FZbL1wxG,5HTeZ5168DjjGWZgbvzGfysEAj9fnexF24gYFKJHENU5cc8a,14928072912,0,746691958234699,746774961451954
9100162,5FYwKoHYfiuy9m2yM4wbwM5pQyaEP38MBTTZS8RwNKRuQ8mi,5FRXwb2qsEhqDQQKcm5m2MF26xTWwW65MHTEtKFFydypuqjG,998038166,0,27162399671413,27163616784332
9100162,5F6aRdsBHajN2NhZHBTB6ibBFu7YuZZEWruWzB8x6B6GiZ4D,5HTeZ5168DjjGWZgbvzGfysEAj9fnexF24gYFKJHENU5cc8a,0,0,0,0
9100522,5CyQFykVpfa9xgZVGgBsiNUpjbo1EihBTSkPvDC1FZbL1wxG,5HTeZ5168DjjGWZgbvzGfysEAj9fnexF24gYFKJHENU5cc8a,15753781021,0,746774961451954,746858971624696
9100522,5FYwKoHYfiuy9m2yM4wbwM5pQyaEP38MBTTZS8RwNKRuQ8mi,5FRXwb2qsEhqDQQKcm5m2MF26xTWwW65MHTEtKFFydypuqjG,989011716,0,27163616784332,27164822889447
9100522,5F6aRdsBHajN2NhZHBTB6ibBFu7YuZZEWruWzB8x6B6GiZ4D,5HTeZ5168DjjGWZgbvzGfysEAj9fnexF24gYFKJHENU5cc8a,0,0,0,0
9100882,5CyQFykVpfa9xgZVGgBsiNUpjbo1EihBTSkPvDC1FZbL1wxG,5HTeZ5168DjjGWZgbvzGfysEAj9fnexF24gYFKJHENU5cc8a,16496839721,0,746858971624696,746943887961525
9100882,5FYwKoHYfiuy9m2yM4wbwM5pQyaEP38MBTTZS8RwNKRuQ8mi,5FRXwb2qsEhqDQQKcm5m2MF26xTWwW65MHTEtKFFydypuqjG,981131896,0,27164822889447,27166019385079
9100882,5F6aRdsBHajN2NhZHBTB6ibBFu7YuZZEWruWzB8x6B6GiZ4D,5HTeZ5168DjjGWZgbvzGfysEAj9fnexF24gYFKJHENU5cc8a,0,0,0,0
9101242,5CyQFykVpfa9xgZVGgBsiNUpjbo1EihBTSkPvDC1FZbL1wxG,5HTeZ5168DjjGWZgbvzGfysEAj9fnexF24gYFKJHENU5cc8a,17207844779,0,746943887961525,747029671372853
9101242,5FYwKoHYfiuy9m2yM4wbwM5pQyaEP38MBTTZS8RwNKRuQ8mi,5FRXwb2qsEhqDQQKcm5m2MF26xTWwW65MHTEtKFFydypuqjG,976437441,0,27166019385079,27167210155798
9101242,5F6aRdsBHajN2NhZHBTB6ibBFu7YuZZEWruWzB8x6B6GiZ4D,5HTeZ5168DjjGWZgbvzGfysEAj9fnexF24gYFKJHENU5cc8a,0,0,0,0
9101602,5CyQFykVpfa9xgZVGgBsiNUpjbo1EihBTSkPvDC1FZbL1wxG,5HTeZ5168DjjGWZgbvzGfysEAj9fnexF24gYFKJHENU5cc8a,17791551582,0,747029671372853,747116166617771
9101602,5FYwKoHYfiuy9m2yM4wbwM5pQyaEP38MBTTZS8RwNKRuQ8mi,5FRXwb2qsEhqDQQKcm5m2MF26xTWwW65MHTEtKFFydypuqjG,969149303,0,27167210155798,27168392038593
9101602,5F6aRdsBHajN2NhZHBTB6ibBFu7YuZZEWruWzB8x6B6GiZ4D,5HTeZ5168DjjGWZgbvzGfysEAj9fnexF24gYFKJHENU5cc8a,0,0,0,0
9101962,5CyQFykVpfa9xgZVGgBsiNUpjbo1EihBTSkPvDC1FZbL1wxG,5HTeZ5168DjjGWZgbvzGfysEAj9fnexF24gYFKJHENU5cc8a,18338669034,0,747116166617771,747203329075369
9101962,5FYwKoHYfiuy9m2yM4wbwM5pQyaEP38MBTTZS8RwNKRuQ8mi,5FRXwb2qsEhqDQQKcm5m2MF26xTWwW65MHTEtKFFydypuqjG,963947578,0,27168392038593,27169567577857
9101962,5F6aRdsBHajN2NhZHBTB6ibBFu7YuZZEWruWzB8x6B6GiZ4D,5HTeZ5168DjjGWZgbvzGfysEAj9fnexF24gYFKJHENU5cc8a,0,0,0,0
9102322,5CyQFykVpfa9xgZVGgBsiNUpjbo1EihBTSkPvDC1FZbL1wxG,5HTeZ5168DjjGWZgbvzGfysEAj9fnexF24gYFKJHENU5cc8a,18876046189,0,747203329075369,747291146867303
9102322,5FYwKoHYfiuy9m2yM4wbwM5pQyaEP38MBTTZS8RwNKRuQ8mi,5FRXwb2qsEhqDQQKcm5m2MF26xTWwW65MHTEtKFFydypuqjG,961833073,0,27169567577857,27170740538471
9102322,5F6aRdsBHajN2NhZHBTB6ibBFu7YuZZEWruWzB8x6B6GiZ4D,5HTeZ5168DjjGWZgbvzGfysEAj9fnexF24gYFKJHENU5cc8a,0,0,0,0
9102682,5CyQFykVpfa9xgZVGgBsiNUpjbo1EihBTSkPvDC1FZbL1wxG,5HTeZ5168DjjGWZgbvzGfysEAj9fnexF24gYFKJHENU5cc8a,19333023841,0,747291146867303,747379521945945
9102682,5FYwKoHYfiuy9m2yM4wbwM5pQyaEP38MBTTZS8RwNKRuQ8mi,5FRXwb2qsEhqDQQKcm5m2MF26xTWwW65MHTEtKFFydypuqjG,958087225,0,27170740538471,27171908931003
9102682,5F6aRdsBHajN2NhZHBTB6ibBFu7YuZZEWruWzB8x6B6GiZ4D,5HTeZ5168DjjGWZgbvzGfysEAj9fnexF24gYFKJHENU5cc8a,0,0,0,0
9103042,5CyQFykVpfa9xgZVGgBsiNUpjbo1EihBTSkPvDC1FZbL1wxG,5HTeZ5168DjjGWZgbvzGfysEAj9fnexF24gYFKJHENU5cc8a,19740673145,0,747379521945945,747468394155110
9103042,5FYwKoHYfiuy9m2yM4wbwM5pQyaEP38MBTTZS8RwNKRuQ8mi,5FRXwb2qsEhqDQQKcm5m2MF26xTWwW65MHTEtKFFydypuqjG,962635297,0,27171908931003,27173082869933
9103042,5F6aRdsBHajN2NhZHBTB6ibBFu7YuZZEWruWzB8x6B6GiZ4D,5HTeZ5168DjjGWZgbvzGfysEAj9fnexF24gYFKJHENU5cc8a,0,0,0,0
9103402,5CyQFykVpfa9xgZVGgBsiNUpjbo1EihBTSkPvDC1FZbL1wxG,5HTeZ5168DjjGWZgbvzGfysEAj9fnexF24gYFKJHENU5cc8a,20126888720,0,747468394155110,747557737356249
9103402,5FYwKoHYfiuy9m2yM4wbwM5pQyaEP38MBTTZS8RwNKRuQ8mi,5FRXwb2qsEhqDQQKcm5m2MF26xTWwW65MHTEtKFFydypuqjG,959501403,0,27173082869933,27174252987063
9103402,5F6aRdsBHajN2NhZHBTB6ibBFu7YuZZEWruWzB8x6B6GiZ4D,5HTeZ5168DjjGWZgbvzGfysEAj9fnexF24gYFKJHENU5cc8a,0,0,0,0
9103762,5CyQFykVpfa9xgZVGgBsiNUpjbo1EihBTSkPvDC1FZbL1wxG,5HTeZ5168DjjGWZgbvzGfysEAj9fnexF24gYFKJHENU5cc8a,20459923922,0,747557737356249,747647486695611
9103762,5FYwKoHYfiuy9m2yM4wbwM5pQyaEP38MBTTZS8RwNKRuQ8mi,5FRXwb2qsEhqDQQKcm5m2MF26xTWwW65MHTEtKFFydypuqjG,955991111,0,27174252987063,27175418823372
9103762,5F6aRdsBHajN2NhZHBTB6ibBFu7YuZZEWruWzB8x6B6GiZ4D,5HTeZ5168DjjGWZgbvzGfysEAj9fnexF24gYFKJHENU5cc8a,0,0,0,0
9104122,5CyQFykVpfa9xgZVGgBsiNUpjbo1EihBTSkPvDC1FZbL1wxG,5HTeZ5168DjjGWZgbvzGfysEAj9fnexF24gYFKJHENU5cc8a,20749448650,0,747647486695611,747737589111938
9104122,5FYwKoHYfiuy9m2yM4wbwM5pQyaEP38MBTTZS8RwNKRuQ8mi,5FRXwb2qsEhqDQQKcm5m2MF26xTWwW65MHTEtKFFydypuqjG,952242289,0,27175418823372,27176580087973
9104122,5F6aRdsBHajN2NhZHBTB6ibBFu7YuZZEWruWzB8x6B6GiZ4D,5HTeZ5168DjjGWZgbvzGfysEAj9fnexF24gYFKJHENU5cc8a,0,0,0,0
9104482,5CyQFykVpfa9xgZVGgBsiNUpjbo1EihBTSkPvDC1FZbL1wxG,5HTeZ5168DjjGWZgbvzGfysEAj9fnexF24gYFKJHENU5cc8a,21009104297,0,747737589111938,747828008179726
9104482,5FYwKoHYfiuy9m2yM4wbwM5pQyaEP38MBTTZS8RwNKRuQ8mi,5FRXwb2qsEhqDQQKcm5m2MF26xTWwW65MHTEtKFFydypuqjG,948915229,0,27176580087973,27177737295206
9104482,5F6aRdsBHajN2NhZHBTB6ibBFu7YuZZEWruWzB8x6B6GiZ4D,5HTeZ5168DjjGWZgbvzGfysEAj9fnexF24gYFKJHENU5cc8a,0,0,0,0
9104842,5CyQFykVpfa9xgZVGgBsiNUpjbo1EihBTSkPvDC1FZbL1wxG,5HTeZ5168DjjGWZgbvzGfysEAj9fnexF24gYFKJHENU5cc8a,21252050145,0,747828008179726,747918723521284
9104842,5FYwKoHYfiuy9m2yM4wbwM5pQyaEP38MBTTZS8RwNKRuQ8mi,5FRXwb2qsEhqDQQKcm5m2MF26xTWwW65MHTEtKFFydypuqjG,946462845,0,27177737295206,27178891511744
9104842,5F6aRdsBHajN2NhZHBTB6ibBFu7YuZZEWruWzB8x6B6GiZ4D,5HTeZ5168DjjGWZgbvzGfysEAj9fnexF24gYFKJHENU5cc8a,0,0,0,0
9105202,5CyQFykVpfa9xgZVGgBsiNUpjbo1EihBTSkPvDC1FZbL1wxG,5HTeZ5168DjjGWZgbvzGfysEAj9fnexF24gYFKJHENU5cc8a,21471150487,0,747918723521284,748009706056889
9105202,5FYwKoHYfiuy9m2yM4wbwM5pQyaEP38MBTTZS8RwNKRuQ8mi,5FRXwb2qsEhqDQQKcm5m2MF26xTWwW65MHTEtKFFydypuqjG,943927577,0,27178891511744,27180042636509
9105202,5F6aRdsBHajN2NhZHBTB6ibBFu7YuZZEWruWzB8x6B6GiZ4D,5HTeZ5168DjjGWZgbvzGfysEAj9fnexF24gYFKJHENU5cc8a,0,0,0,0
9105562,5CyQFykVpfa9xgZVGgBsiNUpjbo1EihBTSkPvDC1FZbL1wxG,5HTeZ5168DjjGWZgbvzGfysEAj9fnexF24gYFKJHENU5cc8a,21685035107,0,748009706056889,748100949425941
9105562,5FYwKoHYfiuy9m2yM4wbwM5pQyaEP38MBTTZS8RwNKRuQ8mi,5FRXwb2qsEhqDQQKcm5m2MF26xTWwW65MHTEtKFFydypuqjG,942533498,0,27180042636509,27181192061187
9105562,5F6aRdsBHajN2NhZHBTB6ibBFu7YuZZEWruWzB8x6B6GiZ4D,5HTeZ5168DjjGWZgbvzGfysEAj9fnexF24gYFKJHENU5cc8a,0,0,0,0
9105922,5CyQFykVpfa9xgZVGgBsiNUpjbo1EihBTSkPvDC1FZbL1wxG,5HTeZ5168DjjGWZgbvzGfysEAj9fnexF24gYFKJHENU5cc8a,21950960947,0,748100949425941,748192517092987
9105922,5FYwKoHYfiuy9m2yM4wbwM5pQyaEP38MBTTZS8RwNKRuQ8mi,5FRXwb2qsEhqDQQKcm5m2MF26xTWwW65MHTEtKFFydypuqjG,944388944,0,27181192061187,27182343748591
9105922,5F6aRdsBHajN2NhZHBTB6ibBFu7YuZZEWruWzB8x6B6GiZ4D,5HTeZ5168DjjGWZgbvzGfysEAj9fnexF24gYFKJHENU5cc8a,0,0,0,0
9106282,5CyQFykVpfa9xgZVGgBsiNUpjbo1EihBTSkPvDC1FZbL1wxG,5HTeZ5168DjjGWZgbvzGfysEAj9fnexF24gYFKJHENU5cc8a,22126643038,0,748192517092987,748284299005290
9106282,5FYwKoHYfiuy9m2yM4wbwM5pQyaEP38MBTTZS8RwNKRuQ8mi,5FRXwb2qsEhqDQQKcm5m2MF26xTWwW65MHTEtKFFydypuqjG,943704982,0,27182343748591,27183494601900
9106282,5F6aRdsBHajN2NhZHBTB6ibBFu7YuZZEWruWzB8x6B6GiZ4D,5HTeZ5168DjjGWZgbvzGfysEAj9fnexF24gYFKJHENU5cc8a,0,0,0,0
9106642,5CyQFykVpfa9xgZVGgBsiNUpjbo1EihBTSkPvDC1FZbL1wxG,5HTeZ5168DjjGWZgbvzGfysEAj9fnexF24gYFKJHENU5cc8a,22288259907,0,748284299005290,748376278010235
9106642,5FYwKoHYfiuy9m2yM4wbwM5pQyaEP38MBTTZS8RwNKRuQ8mi,5FRXwb2qsEhqDQQKcm5m2MF26xTWwW65MHTEtKFFydypuqjG,942840313,0,27183494601900,27184644400741
9106642,5F6aRdsBHajN2NhZHBTB6ibBFu7YuZZEWruWzB8x6B6GiZ4D,5HTeZ5168DjjGWZgbvzGfysEAj9fnexF24gYFKJHENU5cc8a,0,0,0,0
9107002,5CyQFykVpfa9xgZVGgBsiNUpjbo1EihBTSkPvDC1FZbL1wxG,5HTeZ5168DjjGWZgbvzGfysEAj9fnexF24gYFKJHENU5cc8a,22478815207,0,748376278010235,748468489398395
9107002,5FYwKoHYfiuy9m2yM4wbwM5pQyaEP38MBTTZS8RwNKRuQ8mi,5FRXwb2qsEhqDQQKcm5m2MF26xTWwW65MHTEtKFFydypuqjG,943870351,0,27184644400741,27185795455718
9107002,5F6aRdsBHajN2NhZHBTB6ibBFu7YuZZEWruWzB8x6B6GiZ4D,5HTeZ5168DjjGWZgbvzGfysEAj9fnexF24gYFKJHENU5cc8a,0,0,0,0
9107362,5CyQFykVpfa9xgZVGgBsiNUpjbo1EihBTSkPvDC1FZbL1wxG,5HTeZ5168DjjGWZgbvzGfysEAj9fnexF24gYFKJHENU5cc8a,22604995653,0,748468489398395,748560854664289
9107362,5FYwKoHYfiuy9m2yM4wbwM5pQyaEP38MBTTZS8RwNKRuQ8mi,5FRXwb2qsEhqDQQKcm5m2MF26xTWwW65MHTEtKFFydypuqjG,942946231,0,27185795455718,27186945383726
9107362,5F6aRdsBHajN2NhZHBTB6ibBFu7YuZZEWruWzB8x6B6GiZ4D,5HTeZ5168DjjGWZgbvzGfysEAj9fnexF24gYFKJHENU5cc8a,0,0,0,0
9107722,5CyQFykVpfa9xgZVGgBsiNUpjbo1EihBTSkPvDC1FZbL1wxG,5HTeZ5168DjjGWZgbvzGfysEAj9fnexF24gYFKJHENU5cc8a,22728121170,0,748560854664289,748653370082414
9107722,5FYwKoHYfiuy9m2yM4wbwM5pQyaEP38MBTTZS8RwNKRuQ8mi,5FRXwb2qsEhqDQQKcm5m2MF26xTWwW65MHTEtKFFydypuqjG,942452222,0,27186945383726,27188094709287
9107722,5F6aRdsBHajN2NhZHBTB6ibBFu7YuZZEWruWzB8x6B6GiZ4D,5HTeZ5168DjjGWZgbvzGfysEAj9fnexF24gYFKJHENU5cc8a,0,0,0,0
9108082,5CyQFykVpfa9xgZVGgBsiNUpjbo1EihBTSkPvDC1FZbL1wxG,5HTeZ5168DjjGWZgbvzGfysEAj9fnexF24gYFKJHENU5cc8a,22803640247,0,748653370082414,748745977596460
9108082,5FYwKoHYfiuy9m2yM4wbwM5pQyaEP38MBTTZS8RwNKRuQ8mi,5FRXwb2qsEhqDQQKcm5m2MF26xTWwW65MHTEtKFFydypuqjG,940610876,0,27188094709287,27189241789317
9108082,5F6aRdsBHajN2NhZHBTB6ibBFu7YuZZEWruWzB8x6B6GiZ4D,5HTeZ5168DjjGWZgbvzGfysEAj9fnexF24gYFKJHENU5cc8a,0,0,0,0
9108442,5CyQFykVpfa9xgZVGgBsiNUpjbo1EihBTSkPvDC1FZbL1wxG,5HTeZ5168DjjGWZgbvzGfysEAj9fnexF24gYFKJHENU5cc8a,22876606069,0,748745977596460,748838674092719
9108442,5FYwKoHYfiuy9m2yM4wbwM5pQyaEP38MBTTZS8RwNKRuQ8mi,5FRXwb2qsEhqDQQKcm5m2MF26xTWwW65MHTEtKFFydypuqjG,939155962,0,27189241789317,27190387095072
9108442,5F6aRdsBHajN2NhZHBTB6ibBFu7YuZZEWruWzB8x6B6GiZ4D,5HTeZ5168DjjGWZgbvzGfysEAj9fnexF24gYFKJHENU5cc8a,0,0,0,0
9108802,5CyQFykVpfa9xgZVGgBsiNUpjbo1EihBTSkPvDC1FZbL1wxG,5HTeZ5168DjjGWZgbvzGfysEAj9fnexF24gYFKJHENU5cc8a,22964070053,0,748838674092719,748931477251778
9108802,5FYwKoHYfiuy9m2yM4wbwM5pQyaEP38MBTTZS8RwNKRuQ8mi,5FRXwb2qsEhqDQQKcm5m2MF26xTWwW65MHTEtKFFydypuqjG,938817459,0,27190387095072,27191531988020
9108802,5F6aRdsBHajN2NhZHBTB6ibBFu7YuZZEWruWzB8x6B6GiZ4D,5HTeZ5168DjjGWZgbvzGfysEAj9fnexF24gYFKJHENU5cc8a,0,0,0,0
9109162,5CyQFykVpfa9xgZVGgBsiNUpjbo1EihBTSkPvDC1FZbL1wxG,5HTeZ5168DjjGWZgbvzGfysEAj9fnexF24gYFKJHENU5cc8a,23034105304,0,748931477251778,749024365819203
9109162,5FYwKoHYfiuy9m2yM4wbwM5pQyaEP38MBTTZS8RwNKRuQ8mi,5FRXwb2qsEhqDQQKcm5m2MF26xTWwW65MHTEtKFFydypuqjG,938167926,0,27191531988020,27192676088859
9109162,5F6aRdsBHajN2NhZHBTB6ibBFu7YuZZEWruWzB8x6B6GiZ4D,5HTeZ5168DjjGWZgbvzGfysEAj9fnexF24gYFKJHENU5cc8a,0,0,0,0
9109522,5CyQFykVpfa9xgZVGgBsiNUpjbo1EihBTSkPvDC1FZbL1wxG,5HTeZ5168DjjGWZgbvzGfysEAj9fnexF24gYFKJHENU5cc8a,23078853075,0,749024365819203,749117308956775
9109522,5FYwKoHYfiuy9m2yM4wbwM5pQyaEP38MBTTZS8RwNKRuQ8mi,5FRXwb2qsEhqDQQKcm5m2MF26xTWwW65MHTEtKFFydypuqjG,936922417,0,27192676088859,27193818670793
9109522,5F6aRdsBHajN2NhZHBTB6ibBFu7YuZZEWruWzB8x6B6GiZ4D,5HTeZ5168DjjGWZgbvzGfysEAj9fnexF24gYFKJHENU5cc8a,0,0,0,0
9109882,5CyQFykVpfa9xgZVGgBsiNUpjbo1EihBTSkPvDC1FZbL1wxG,5HTeZ5168DjjGWZgbvzGfysEAj9fnexF24gYFKJHENU5cc8a,23135030020,0,749117308956775,749210320602434
9109882,5FYwKoHYfiuy9m2yM4wbwM5pQyaEP38MBTTZS8RwNKRuQ8mi,5FRXwb2qsEhqDQQKcm5m2MF26xTWwW65MHTEtKFFydypuqjG,936161127,0,27193818670793,27194960324330
9109882,5F6aRdsBHajN2NhZHBTB6ibBFu7YuZZEWruWzB8x6B6GiZ4D,5HTeZ5168DjjGWZgbvzGfysEAj9fnexF24gYFKJHENU5cc8a,0,0,0,0
9110242,5CyQFykVpfa9xgZVGgBsiNUpjbo1EihBTSkPvDC1FZbL1wxG,5HTeZ5168DjjGWZgbvzGfysEAj9fnexF24gYFKJHENU5cc8a,23168690715,0,749210320602434,749303373297492
9110242,5FYwKoHYfiuy9m2yM4wbwM5pQyaEP38MBTTZS8RwNKRuQ8mi,5FRXwb2qsEhqDQQKcm5m2MF26xTWwW65MHTEtKFFydypuqjG,935066734,0,27194960324330,27196100643249
9110242,5F6aRdsBHajN2NhZHBTB6ibBFu7YuZZEWruWzB8x6B6GiZ4D,5HTeZ5168DjjGWZgbvzGfysEAj9fnexF24gYFKJHENU5cc8a,0,0,0,0
9110602,5CyQFykVpfa9xgZVGgBsiNUpjbo1EihBTSkPvDC1FZbL1wxG,5HTeZ5168DjjGWZgbvzGfysEAj9fnexF24gYFKJHENU5cc8a,23211001213,0,749303373297492,749396477590431
9110602,5FYwKoHYfiuy9m2yM4wbwM5pQyaEP38MBTTZS8RwNKRuQ8mi,5FRXwb2qsEhqDQQKcm5m2MF26xTWwW65MHTEtKFFydypuqjG,934367982,0,27196100643249,27197240110036
9110602,5F6aRdsBHajN2NhZHBTB6ibBFu7YuZZEWruWzB8x6B6GiZ4D,5HTeZ5168DjjGWZgbvzGfysEAj9fnexF24gYFKJHENU5cc8a,0,0,0,0
9110962,5CyQFykVpfa9xgZVGgBsiNUpjbo1EihBTSkPvDC1FZbL1wxG,5HTeZ5168DjjGWZgbvzGfysEAj9fnexF24gYFKJHENU5cc8a,23261138928,0,749396477590431,749489643026583
9110962,5FYwKoHYfiuy9m2yM4wbwM5pQyaEP38MBTTZS8RwNKRuQ8mi,5FRXwb2qsEhqDQQKcm5m2MF26xTWwW65MHTEtKFFydypuqjG,934379988,0,27197240110036,27198379591464
9110962,5F6aRdsBHajN2NhZHBTB6ibBFu7YuZZEWruWzB8x6B6GiZ4D,5HTeZ5168DjjGWZgbvzGfysEAj9fnexF24gYFKJHENU5cc8a,0,0,0,0
9111322,5CyQFykVpfa9xgZVGgBsiNUpjbo1EihBTSkPvDC1FZbL1wxG,5HTeZ5168DjjGWZgbvzGfysEAj9fnexF24gYFKJHENU5cc8a,23320031475,0,749489643026583,749582880282513
9111322,5FYwKoHYfiuy9m2yM4wbwM5pQyaEP38MBTTZS8RwNKRuQ8mi,5FRXwb2qsEhqDQQKcm5m2MF26xTWwW65MHTEtKFFydypuqjG,934849547,0,27198379591464,27199519645522
9111322,5F6aRdsBHajN2NhZHBTB6ibBFu7YuZZEWruWzB8x6B6GiZ4D,5HTeZ5168DjjGWZgbvzGfysEAj9fnexF24gYFKJHENU5cc8a,0,0,0,0
9111682,5CyQFykVpfa9xgZVGgBsiNUpjbo1EihBTSkPvDC1FZbL1wxG,5HTeZ5168DjjGWZgbvzGfysEAj9fnexF24gYFKJHENU5cc8a,23342960281,0,749582880282513,749676145500246
9111682,5FYwKoHYfiuy9m2yM4wbwM5pQyaEP38MBTTZS8RwNKRuQ8mi,5FRXwb2qsEhqDQQKcm5m2MF26xTWwW65MHTEtKFFydypuqjG,934091272,0,27199519645522,27200658774860
9111682,5F6aRdsBHajN2NhZHBTB6ibBFu7YuZZEWruWzB8x6B6GiZ4D,5HTeZ5168DjjGWZgbvzGfysEAj9fnexF24gYFKJHENU5cc8a,0,0,0,0
9112042,5CyQFykVpfa9xgZVGgBsiNUpjbo1EihBTSkPvDC1FZbL1wxG,5HTeZ5168DjjGWZgbvzGfysEAj9fnexF24gYFKJHENU5cc8a,23373682379,0,749676145500246,749769448183743
9112042,5FYwKoHYfiuy9m2yM4wbwM5pQyaEP38MBTTZS8RwNKRuQ8mi,5FRXwb2qsEhqDQQKcm5m2MF26xTWwW65MHTEtKFFydypuqjG,933713324,0,27200658774860,27201797443288
9112042,5F6aRdsBHajN2NhZHBTB6ibBFu7YuZZEWruWzB8x6B6GiZ4D,5HTeZ5168DjjGWZgbvzGfysEAj9fnexF24gYFKJHENU5cc8a,0,0,0,0
9112402,5CyQFykVpfa9xgZVGgBsiNUpjbo1EihBTSkPvDC1FZbL1wxG,5HTeZ5168DjjGWZgbvzGfysEAj9fnexF24gYFKJHENU5cc8a,23399393094,0,749769448183743,749862782221595
9112402,5FYwKoHYfiuy9m2yM4wbwM5pQyaEP38MBTTZS8RwNKRuQ8mi,5FRXwb2qsEhqDQQKcm5m2MF26xTWwW65MHTEtKFFydypuqjG,933293675,0,27201797443288,27202935599952
9112402,5F6aRdsBHajN2NhZHBTB6ibBFu7YuZZEWruWzB8x6B6GiZ4D,5HTeZ5168DjjGWZgbvzGfysEAj9fnexF24gYFKJHENU5cc8a,0,0,0,0
9112762,5CyQFykVpfa9xgZVGgBsiNUpjbo1EihBTSkPvDC1FZbL1wxG,5HTeZ5168DjjGWZgbvzGfysEAj9fnexF24gYFKJHENU5cc8a,23418789467,0,749862782221595,749956139913429
9112762,5FYwKoHYfiuy9m2yM4wbwM5pQyaEP38MBTTZS8RwNKRuQ8mi,5FRXwb2qsEhqDQQKcm5m2MF26xTWwW65MHTEtKFFydypuqjG,932716331,0,27202935599952,27204073052542
9112762,5F6aRdsBHajN2NhZHBTB6ibBFu7YuZZEWruWzB8x6B6GiZ4D,5HTeZ5168DjjGWZgbvzGfysEAj9fnexF24gYFKJHENU5cc8a,0,0,0,0
9113122,5CyQFykVpfa9xgZVGgBsiNUpjbo1EihBTSkPvDC1FZbL1wxG,5HTeZ5168DjjGWZgbvzGfysEAj9fnexF24gYFKJHENU5cc8a,23454573072,0,749956139913429,750049541243562
9113122,5FYwKoHYfiuy9m2yM4wbwM5pQyaEP38MBTTZS8RwNKRuQ8mi,5FRXwb2qsEhqDQQKcm5m2MF26xTWwW65MHTEtKFFydypuqjG,932925108,0,27204073052542,27205210759737
9113122,5F6aRdsBHajN2NhZHBTB6ibBFu7YuZZEWruWzB8x6B6GiZ4D,5HTeZ5168DjjGWZgbvzGfysEAj9fnexF24gYFKJHENU5cc8a,0,0,0,0
9113482,5CyQFykVpfa9xgZVGgBsiNUpjbo1EihBTSkPvDC1FZbL1wxG,5HTeZ5168DjjGWZgbvzGfysEAj9fnexF24gYFKJHENU5cc8a,23477766806,0,750049541243562,750142970858578
9113482,5FYwKoHYfiuy9m2yM4wbwM5pQyaEP38MBTTZS8RwNKRuQ8mi,5FRXwb2qsEhqDQQKcm5m2MF26xTWwW65MHTEtKFFydypuqjG,932878718,0,27205210759737,27206348410359
9113482,5F6aRdsBHajN2NhZHBTB6ibBFu7YuZZEWruWzB8x6B6GiZ4D,5HTeZ5168DjjGWZgbvzGfysEAj9fnexF24gYFKJHENU5cc8a,0,0,0,0
9113842,5CyQFykVpfa9xgZVGgBsiNUpjbo1EihBTSkPvDC1FZbL1wxG,5HTeZ5168DjjGWZgbvzGfysEAj9fnexF24gYFKJHENU5cc8a,23517084458,0,750142970858578,750236448421683
9113842,5FYwKoHYfiuy9m2yM4wbwM5pQyaEP38MBTTZS8RwNKRuQ8mi,5FRXwb2qsEhqDQQKcm5m2MF26xTWwW65MHTEtKFFydypuqjG,933546659,0,27206348410359,27207486875538
9113842,5F6aRdsBHajN2NhZHBTB6ibBFu7YuZZEWruWzB8x6B6GiZ4D,5HTeZ5168DjjGWZgbvzGfysEAj9fnexF24gYFKJHENU5cc8a,0,0,0,0
9114202,5CyQFykVpfa9xgZVGgBsiNUpjbo1EihBTSkPvDC1FZbL1wxG,5HTeZ5168DjjGWZgbvzGfysEAj9fnexF24gYFKJHENU5cc8a,23551766238,0,750236448421683,750329968279405
9114202,5FYwKoHYfiuy9m2yM4wbwM5pQyaEP38MBTTZS8RwNKRuQ8mi,5FRXwb2qsEhqDQQKcm5m2MF26xTWwW65MHTEtKFFydypuqjG,934073724,0,27207486875538,27208625983476
9114202,5F6aRdsBHajN2NhZHBTB6ibBFu7YuZZEWruWzB8x6B6GiZ4D,5HTeZ5168DjjGWZgbvzGfysEAj9fnexF24gYFKJHENU5cc8a,0,0,0,0
9114562,5CyQFykVpfa9xgZVGgBsiNUpjbo1EihBTSkPvDC1FZbL1wxG,5HTeZ5168DjjGWZgbvzGfysEAj9fnexF24gYFKJHENU5cc8a,23575891907,0,750329968279405,750423517558510
9114562,5FYwKoHYfiuy9m2yM4wbwM5pQyaEP38MBTTZS8RwNKRuQ8mi,5FRXwb2qsEhqDQQKcm5m2MF26xTWwW65MHTEtKFFydypuqjG,934306535,0,27208625983476,27209765375328
9114562,5F6aRdsBHajN2NhZHBTB6ibBFu7YuZZEWruWzB8x6B6GiZ4D,5HTeZ5168DjjGWZgbvzGfysEAj9fnexF24gYFKJHENU5cc8a,0,0,0,0
9114922,5CyQFykVpfa9xgZVGgBsiNUpjbo1EihBTSkPvDC1FZbL1wxG,5HTeZ5168DjjGWZgbvzGfysEAj9fnexF24gYFKJHENU5cc8a,23581250445,0,750423517558510,750517073372382
9114922,5FYwKoHYfiuy9m2yM4wbwM5pQyaEP38MBTTZS8RwNKRuQ8mi,5FRXwb2qsEhqDQQKcm5m2MF26xTWwW65MHTEtKFFydypuqjG,933735388,0,27209765375328,27210904070663
9114922,5F6aRdsBHajN2NhZHBTB6ibBFu7YuZZEWruWzB8x6B6GiZ4D,5HTeZ5168DjjGWZgbvzGfysEAj9fnexF24gYFKJHENU5cc8a,0,0,0,0
9115282,5CyQFykVpfa9xgZVGgBsiNUpjbo1EihBTSkPvDC1FZbL1wxG,5HTeZ5168DjjGWZgbvzGfysEAj9fnexF24gYFKJHENU5cc8a,23601237167,0,750517073372382,750610653560169
9115282,5FYwKoHYfiuy9m2yM4wbwM5pQyaEP38MBTTZS8RwNKRuQ8mi,5FRXwb2qsEhqDQQKcm5m2MF26xTWwW65MHTEtKFFydypuqjG,933899233,0,27210904070663,27212042965808
9115282,5F6aRdsBHajN2NhZHBTB6ibBFu7YuZZEWruWzB8x6B6GiZ4D,5HTeZ5168DjjGWZgbvzGfysEAj9fnexF24gYFKJHENU5cc8a,0,0,0,0
9115642,5CyQFykVpfa9xgZVGgBsiNUpjbo1EihBTSkPvDC1FZbL1wxG,5HTeZ5168DjjGWZgbvzGfysEAj9fnexF24gYFKJHENU5cc8a,23608414776,0,750610653560169,750704242501088
9115642,5FYwKoHYfiuy9m2yM4wbwM5pQyaEP38MBTTZS8RwNKRuQ8mi,5FRXwb2qsEhqDQQKcm5m2MF26xTWwW65MHTEtKFFydypuqjG,933618990,0,27212042965808,27213181519195
9115642,5F6aRdsBHajN2NhZHBTB6ibBFu7YuZZEWruWzB8x6B6GiZ4D,5HTeZ5168DjjGWZgbvzGfysEAj9fnexF24gYFKJHENU5cc8a,0,0,0,0
9116002,5CyQFykVpfa9xgZVGgBsiNUpjbo1EihBTSkPvDC1FZbL1wxG,5HTeZ5168DjjGWZgbvzGfysEAj9fnexF24gYFKJHENU5cc8a,23630566758,0,750704242501088,750797858456469
9116002,5FYwKoHYfiuy9m2yM4wbwM5pQyaEP38MBTTZS8RwNKRuQ8mi,5FRXwb2qsEhqDQQKcm5m2MF26xTWwW65MHTEtKFFydypuqjG,933961513,0,27213181519195,27214320490291
9116002,5F6aRdsBHajN2NhZHBTB6ibBFu7YuZZEWruWzB8x6B6GiZ4D,5HTeZ5168DjjGWZgbvzGfysEAj9fnexF24gYFKJHENU5cc8a,0,0,0,0
9116362,5CyQFykVpfa9xgZVGgBsiNUpjbo1EihBTSkPvDC1FZbL1wxG,5HTeZ5168DjjGWZgbvzGfysEAj9fnexF24gYFKJHENU5cc8a,23636855660,0,750797858456469,750891482081200
9116362,5FYwKoHYfiuy9m2yM4wbwM5pQyaEP38MBTTZS8RwNKRuQ8mi,5FRXwb2qsEhqDQQKcm5m2MF26xTWwW65MHTEtKFFydypuqjG,933872933,0,27214320490291,27215459353363
9116362,5F6aRdsBHajN2NhZHBTB6ibBFu7YuZZEWruWzB8x6B6GiZ4D,5HTeZ5168DjjGWZgbvzGfysEAj9fnexF24gYFKJHENU5cc8a,0,0,0,0
9116722,5CyQFykVpfa9xgZVGgBsiNUpjbo1EihBTSkPvDC1FZbL1wxG,5HTeZ5168DjjGWZgbvzGfysEAj9fnexF24gYFKJHENU5cc8a,23651193201,0,750891482081200,750985123190639
9116722,5FYwKoHYfiuy9m2yM4wbwM5pQyaEP38MBTTZS8RwNKRuQ8mi,5FRXwb2qsEhqDQQKcm5m2MF26xTWwW65MHTEtKFFydypuqjG,934059806,0,27215459353363,27216598444328
9116722,5F6aRdsBHajN2NhZHBTB6ibBFu7YuZZEWruWzB8x6B6GiZ4D,5HTeZ5168DjjGWZgbvzGfysEAj9fnexF24gYFKJHENU5cc8a,0,0,0,0
9117082,5CyQFykVpfa9xgZVGgBsiNUpjbo1EihBTSkPvDC1FZbL1wxG,5HTeZ5168DjjGWZgbvzGfysEAj9fnexF24gYFKJHENU5cc8a,23687192831,0,750985123190639,751078808201821
9117082,5FYwKoHYfiuy9m2yM4wbwM5pQyaEP38MBTTZS8RwNKRuQ8mi,5FRXwb2qsEhqDQQKcm5m2MF26xTWwW65MHTEtKFFydypuqjG,935018165,0,27216598444328,27217738704017
9117082,5F6aRdsBHajN2NhZHBTB6ibBFu7YuZZEWruWzB8x6B6GiZ4D,5HTeZ5168DjjGWZgbvzGfysEAj9fnexF24gYFKJHENU5cc8a,0,0,0,0
9117442,5CyQFykVpfa9xgZVGgBsiNUpjbo1EihBTSkPvDC1FZbL1wxG,5HTeZ5168DjjGWZgbvzGfysEAj9fnexF24gYFKJHENU5cc8a,23710731216,0,751078808201821,751172521918190
9117442,5FYwKoHYfiuy9m2yM4wbwM5pQyaEP38MBTTZS8RwNKRuQ8mi,5FRXwb2qsEhqDQQKcm5m2MF26xTWwW65MHTEtKFFydypuqjG,935484099,0,27217738704017,27218879531915
9117442,5F6aRdsBHajN2NhZHBTB6ibBFu7YuZZEWruWzB8x6B6GiZ4D,5HTeZ5168DjjGWZgbvzGfysEAj9fnexF24gYFKJHENU5cc8a,0,0,0,0
9117802,5CyQFykVpfa9xgZVGgBsiNUpjbo1EihBTSkPvDC1FZbL1wxG,5HTeZ5168DjjGWZgbvzGfysEAj9fnexF24gYFKJHENU5cc8a,23715982092,0,751172521918190,751266242038031
9117802,5FYwKoHYfiuy9m2yM4wbwM5pQyaEP38MBTTZS8RwNKRuQ8mi,5FRXwb2qsEhqDQQKcm5m2MF26xTWwW65MHTEtKFFydypuqjG,935281328,0,27218879531915,27220020112533
9117802,5F6aRdsBHajN2NhZHBTB6ibBFu7YuZZEWruWzB8x6B6GiZ4D,5HTeZ5168DjjGWZgbvzGfysEAj9fnexF24gYFKJHENU5cc8a,0,0,0,0
9118162,5CyQFykVpfa9xgZVGgBsiNUpjbo1EihBTSkPvDC1FZbL1wxG,5HTeZ5168DjjGWZgbvzGfysEAj9fnexF24gYFKJHENU5cc8a,23730524680,0,751266242038031,751359979892636
9118162,5FYwKoHYfiuy9m2yM4wbwM5pQyaEP38MBTTZS8RwNKRuQ8mi,5FRXwb2qsEhqDQQKcm5m2MF26xTWwW65MHTEtKFFydypuqjG,932570141,0,27220020112533,27221157386843
9118162,5F6aRdsBHajN2NhZHBTB6ibBFu7YuZZEWruWzB8x6B6GiZ4D,5HTeZ5168DjjGWZgbvzGfysEAj9fnexF24gYFKJHENU5cc8a,0,0,0,0
9118522,5CyQFykVpfa9xgZVGgBsiNUpjbo1EihBTSkPvDC1FZbL1wxG,5HTeZ5168DjjGWZgbvzGfysEAj9fnexF24gYFKJHENU5cc8a,23836111438,0,751359979892636,751453846510861
9118522,5FYwKoHYfiuy9m2yM4wbwM5pQyaEP38MBTTZS8RwNKRuQ8mi,5FRXwb2qsEhqDQQKcm5m2MF26xTWwW65MHTEtKFFydypuqjG,942733991,0,27221157386843,27222307056023
9118522,5F6aRdsBHajN2NhZHBTB6ibBFu7YuZZEWruWzB8x6B6GiZ4D,5HTeZ5168DjjGWZgbvzGfysEAj9fnexF24gYFKJHENU5cc8a,0,0,0,0
9118882,5CyQFykVpfa9xgZVGgBsiNUpjbo1EihBTSkPvDC1FZbL1wxG,5HTeZ5168DjjGWZgbvzGfysEAj9fnexF24gYFKJHENU5cc8a,24322735290,0,751453846510861,751548306569495
9118882,5FYwKoHYfiuy9m2yM4wbwM5pQyaEP38MBTTZS8RwNKRuQ8mi,5FRXwb2qsEhqDQQKcm5m2MF26xTWwW65MHTEtKFFydypuqjG,965697666,0,27222307056023,27223484729529
9118882,5F6aRdsBHajN2NhZHBTB6ibBFu7YuZZEWruWzB8x6B6GiZ4D,5HTeZ5168DjjGWZgbvzGfysEAj9fnexF24gYFKJHENU5cc8a,0,0,0,0
9119242,5CyQFykVpfa9xgZVGgBsiNUpjbo1EihBTSkPvDC1FZbL1wxG,5HTeZ5168DjjGWZgbvzGfysEAj9fnexF24gYFKJHENU5cc8a,24746333285,0,751548306569495,751643283208166
9119242,5FYwKoHYfiuy9m2yM4wbwM5pQyaEP38MBTTZS8RwNKRuQ8mi,5FRXwb2qsEhqDQQKcm5m2MF26xTWwW65MHTEtKFFydypuqjG,981964263,0,27223484729529,27224682240237
9119242,5F6aRdsBHajN2NhZHBTB6ibBFu7YuZZEWruWzB8x6B6GiZ4D,5HTeZ5168DjjGWZgbvzGfysEAj9fnexF24gYFKJHENU5cc8a,0,0,0,0
9119602,5CyQFykVpfa9xgZVGgBsiNUpjbo1EihBTSkPvDC1FZbL1wxG,5HTeZ5168DjjGWZgbvzGfysEAj9fnexF24gYFKJHENU5cc8a,24773709962,0,751643283208166,751738293232842
9119602,5FYwKoHYfiuy9m2yM4wbwM5pQyaEP38MBTTZS8RwNKRuQ8mi,5FRXwb2qsEhqDQQKcm5m2MF26xTWwW65MHTEtKFFydypuqjG,1333896645,0,27224682240237,27226308934381
9119602,5F6aRdsBHajN2NhZHBTB6ibBFu7YuZZEWruWzB8x6B6GiZ4D,5HTeZ5168DjjGWZgbvzGfysEAj9fnexF24gYFKJHENU5cc8a,0,0,0,0
9119962,5CyQFykVpfa9xgZVGgBsiNUpjbo1EihBTSkPvDC1FZbL1wxG,5HTeZ5168DjjGWZgbvzGfysEAj9fnexF24gYFKJHENU5cc8a,24891872349,0,751738293232842,751833447357186
9119962,5FYwKoHYfiuy9m2yM4wbwM5pQyaEP38MBTTZS8RwNKRuQ8mi,5FRXwb2qsEhqDQQKcm5m2MF26xTWwW65MHTEtKFFydypuqjG,1284265441,0,27226308934381,27227875103004
9119962,5F6aRdsBHajN2NhZHBTB6ibBFu7YuZZEWruWzB8x6B6GiZ4D,5HTeZ5168DjjGWZgbvzGfysEAj9fnexF24gYFKJHENU5cc8a,0,0,0,0
9120322,5CyQFykVpfa9xgZVGgBsiNUpjbo1EihBTSkPvDC1FZbL1wxG,5HTeZ5168DjjGWZgbvzGfysEAj9fnexF24gYFKJHENU5cc8a,25058610870,0,751833447357186,751928804820054
9120322,5FYwKoHYfiuy9m2yM4wbwM5pQyaEP38MBTTZS8RwNKRuQ8mi,5FRXwb2qsEhqDQQKcm5m2MF26xTWwW65MHTEtKFFydypuqjG,1257598390,0,27227875103004,27229408751015
9120322,5F6aRdsBHajN2NhZHBTB6ibBFu7YuZZEWruWzB8x6B6GiZ4D,5HTeZ5168DjjGWZgbvzGfysEAj9fnexF24gYFKJHENU5cc8a,0,0,0,0
9120682,5CyQFykVpfa9xgZVGgBsiNUpjbo1EihBTSkPvDC1FZbL1wxG,5HTeZ5168DjjGWZgbvzGfysEAj9fnexF24gYFKJHENU5cc8a,25190659641,0,751928804820054,752024323317110
9120682,5FYwKoHYfiuy9m2yM4wbwM5pQyaEP38MBTTZS8RwNKRuQ8mi,5FRXwb2qsEhqDQQKcm5m2MF26xTWwW65MHTEtKFFydypuqjG,1232387065,0,27229408751015,27230911653679
9120682,5F6aRdsBHajN2NhZHBTB6ibBFu7YuZZEWruWzB8x6B6GiZ4D,5HTeZ5168DjjGWZgbvzGfysEAj9fnexF24gYFKJHENU5cc8a,0,0,0,0
9121042,5CyQFykVpfa9xgZVGgBsiNUpjbo1EihBTSkPvDC1FZbL1wxG,5HTeZ5168DjjGWZgbvzGfysEAj9fnexF24gYFKJHENU5cc8a,25285266303,0,752024323317110,752119957187500
9121042,5FYwKoHYfiuy9m2yM4wbwM5pQyaEP38MBTTZS8RwNKRuQ8mi,5FRXwb2qsEhqDQQKcm5m2MF26xTWwW65MHTEtKFFydypuqjG,1208545134,0,27230911653679,27232385480980
9121042,5F6aRdsBHajN2NhZHBTB6ibBFu7YuZZEWruWzB8x6B6GiZ4D,5HTeZ5168DjjGWZgbvzGfysEAj9fnexF24gYFKJHENU5cc8a,0,0,0,0
9121402,5CyQFykVpfa9xgZVGgBsiNUpjbo1EihBTSkPvDC1FZbL1wxG,5HTeZ5168DjjGWZgbvzGfysEAj9fnexF24gYFKJHENU5cc8a,25438341883,0,752119957187500,752215777734384
9121402,5FYwKoHYfiuy9m2yM4wbwM5pQyaEP38MBTTZS8RwNKRuQ8mi,5FRXwb2qsEhqDQQKcm5m2MF26xTWwW65MHTEtKFFydypuqjG,1085719271,0,27232385480980,27233709521479
9121402,5F6aRdsBHajN2NhZHBTB6ibBFu7YuZZEWruWzB8x6B6GiZ4D,5HTeZ5168DjjGWZgbvzGfysEAj9fnexF24gYFKJHENU5cc8a,0,0,0,0
9121762,5CyQFykVpfa9xgZVGgBsiNUpjbo1EihBTSkPvDC1FZbL1wxG,5HTeZ5168DjjGWZgbvzGfysEAj9fnexF24gYFKJHENU5cc8a,25681407519,0,752215777734384,752311894701121
9121762,5FYwKoHYfiuy9m2yM4wbwM5pQyaEP38MBTTZS8RwNKRuQ8mi,5FRXwb2qsEhqDQQKcm5m2MF26xTWwW65MHTEtKFFydypuqjG,979202264,0,27233709521479,27234903663915
9121762,5F6aRdsBHajN2NhZHBTB6ibBFu7YuZZEWruWzB8x6B6GiZ4D,5HTeZ5168DjjGWZgbvzGfysEAj9fnexF24gYFKJHENU5cc8a,0,0,0,0
9122122,5CyQFykVpfa9xgZVGgBsiNUpjbo1EihBTSkPvDC1FZbL1wxG,5HTeZ5168DjjGWZgbvzGfysEAj9fnexF24gYFKJHENU5cc8a,25830158868,0,752311894701121,752408193070929
9122122,5FYwKoHYfiuy9m2yM4wbwM5pQyaEP38MBTTZS8RwNKRuQ8mi,5FRXwb2qsEhqDQQKcm5m2MF26xTWwW65MHTEtKFFydypuqjG,885293542,0,27234903663915,27235983284158
9122122,5F6aRdsBHajN2NhZHBTB6ibBFu7YuZZEWruWzB8x6B6GiZ4D,5HTeZ5168DjjGWZgbvzGfysEAj9fnexF24gYFKJHENU5cc8a,0,0,0,0
9122482,5CyQFykVpfa9xgZVGgBsiNUpjbo1EihBTSkPvDC1FZbL1wxG,5HTeZ5168DjjGWZgbvzGfysEAj9fnexF24gYFKJHENU5cc8a,25953084772,0,752408193070929,752504641349540
9122482,5FYwKoHYfiuy9m2yM4wbwM5pQyaEP38MBTTZS8RwNKRuQ8mi,5FRXwb2qsEhqDQQKcm5m2MF26xTWwW65MHTEtKFFydypuqjG,795804453,0,27235983284158,27236953771975
9122482,5F6aRdsBHajN2NhZHBTB6ibBFu7YuZZEWruWzB8x6B6GiZ4D,5HTeZ5168DjjGWZgbvzGfysEAj9fnexF24gYFKJHENU5cc8a,0,0,0,0
9122842,5CyQFykVpfa9xgZVGgBsiNUpjbo1EihBTSkPvDC1FZbL1wxG,5HTeZ5168DjjGWZgbvzGfysEAj9fnexF24gYFKJHENU5cc8a,26097514926,0,752484671405414,752581295817375
9122842,5FYwKoHYfiuy9m2yM4wbwM5pQyaEP38MBTTZS8RwNKRuQ8mi,5FRXwb2qsEhqDQQKcm5m2MF26xTWwW65MHTEtKFFydypuqjG,716256670,0,27236953771975,27237827250842
9122842,5F6aRdsBHajN2NhZHBTB6ibBFu7YuZZEWruWzB8x6B6GiZ4D,5HTeZ5168DjjGWZgbvzGfysEAj9fnexF24gYFKJHENU5cc8a,0,0,0,0
9123202,5CyQFykVpfa9xgZVGgBsiNUpjbo1EihBTSkPvDC1FZbL1wxG,5HTeZ5168DjjGWZgbvzGfysEAj9fnexF24gYFKJHENU5cc8a,26165359877,0,752581295817375,752678002966620
9123202,5FYwKoHYfiuy9m2yM4wbwM5pQyaEP38MBTTZS8RwNKRuQ8mi,5FRXwb2qsEhqDQQKcm5m2MF26xTWwW65MHTEtKFFydypuqjG,643300089,0,27237827250842,27238611758766
9123202,5F6aRdsBHajN2NhZHBTB6ibBFu7YuZZEWruWzB8x6B6GiZ4D,5HTeZ5168DjjGWZgbvzGfysEAj9fnexF24gYFKJHENU5cc8a,0,0,0,0
9123562,5CyQFykVpfa9xgZVGgBsiNUpjbo1EihBTSkPvDC1FZbL1wxG,5HTeZ5168DjjGWZgbvzGfysEAj9fnexF24gYFKJHENU5cc8a,26281673925,0,752678002966620,752774851961473
9123562,5FYwKoHYfiuy9m2yM4wbwM5pQyaEP38MBTTZS8RwNKRuQ8mi,5FRXwb2qsEhqDQQKcm5m2MF26xTWwW65MHTEtKFFydypuqjG,586433710,0,27238611758766,27239326917834
9123562,5F6aRdsBHajN2NhZHBTB6ibBFu7YuZZEWruWzB8x6B6GiZ4D,5HTeZ5168DjjGWZgbvzGfysEAj9fnexF24gYFKJHENU5cc8a,0,0,0,0
9123922,5CyQFykVpfa9xgZVGgBsiNUpjbo1EihBTSkPvDC1FZbL1wxG,5HTeZ5168DjjGWZgbvzGfysEAj9fnexF24gYFKJHENU5cc8a,26369005922,0,752774851961473,752871807458167
9123922,5FYwKoHYfiuy9m2yM4wbwM5pQyaEP38MBTTZS8RwNKRuQ8mi,5FRXwb2qsEhqDQQKcm5m2MF26xTWwW65MHTEtKFFydypuqjG,527461246,0,27239326917834,27239970159665
9123922,5F6aRdsBHajN2NhZHBTB6ibBFu7YuZZEWruWzB8x6B6GiZ4D,5HTeZ5168DjjGWZgbvzGfysEAj9fnexF24gYFKJHENU5cc8a,0,0,0,0
9124282,5CyQFykVpfa9xgZVGgBsiNUpjbo1EihBTSkPvDC1FZbL1wxG,5HTeZ5168DjjGWZgbvzGfysEAj9fnexF24gYFKJHENU5cc8a,26370714748,0,752871807458167,752968765038783
9124282,5FYwKoHYfiuy9m2yM4wbwM5pQyaEP38MBTTZS8RwNKRuQ8mi,5FRXwb2qsEhqDQQKcm5m2MF26xTWwW65MHTEtKFFydypuqjG,476863135,0,27239970159665,27240551696827
9124282,5F6aRdsBHajN2NhZHBTB6ibBFu7YuZZEWruWzB8x6B6GiZ4D,5HTeZ5168DjjGWZgbvzGfysEAj9fnexF24gYFKJHENU5cc8a,0,0,0,0
9124642,5CyQFykVpfa9xgZVGgBsiNUpjbo1EihBTSkPvDC1FZbL1wxG,5HTeZ5168DjjGWZgbvzGfysEAj9fnexF24gYFKJHENU5cc8a,26441011715,0,752968765038783,753065808346929
9124642,5FYwKoHYfiuy9m2yM4wbwM5pQyaEP38MBTTZS8RwNKRuQ8mi,5FRXwb2qsEhqDQQKcm5m2MF26xTWwW65MHTEtKFFydypuqjG,429881710,0,27240551696827,27241075939888
9124642,5F6aRdsBHajN2NhZHBTB6ibBFu7YuZZEWruWzB8x6B6GiZ4D,5HTeZ5168DjjGWZgbvzGfysEAj9fnexF24gYFKJHENU5cc8a,0,0,0,0
9125002,5CyQFykVpfa9xgZVGgBsiNUpjbo1EihBTSkPvDC1FZbL1wxG,5HTeZ5168DjjGWZgbvzGfysEAj9fnexF24gYFKJHENU5cc8a,26501421912,0,753065808346929,753162925325636
9125002,5FYwKoHYfiuy9m2yM4wbwM5pQyaEP38MBTTZS8RwNKRuQ8mi,5FRXwb2qsEhqDQQKcm5m2MF26xTWwW65MHTEtKFFydypuqjG,386900643,0,27241075939888,27241547767306
9125002,5F6aRdsBHajN2NhZHBTB6ibBFu7YuZZEWruWzB8x6B6GiZ4D,5HTeZ5168DjjGWZgbvzGfysEAj9fnexF24gYFKJHENU5cc8a,0,0,0,0
9125362,5CyQFykVpfa9xgZVGgBsiNUpjbo1EihBTSkPvDC1FZbL1wxG,5HTeZ5168DjjGWZgbvzGfysEAj9fnexF24gYFKJHENU5cc8a,26548506840,0,753162925325636,753260099724666
9125362,5FYwKoHYfiuy9m2yM4wbwM5pQyaEP38MBTTZS8RwNKRuQ8mi,5FRXwb2qsEhqDQQKcm5m2MF26xTWwW65MHTEtKFFydypuqjG,348030272,0,27241547767306,27241972192097
9125362,5F6aRdsBHajN2NhZHBTB6ibBFu7YuZZEWruWzB8x6B6GiZ4D,5HTeZ5168DjjGWZgbvzGfysEAj9fnexF24gYFKJHENU5cc8a,0,0,0,0
9125722,5CyQFykVpfa9xgZVGgBsiNUpjbo1EihBTSkPvDC1FZbL1wxG,5HTeZ5168DjjGWZgbvzGfysEAj9fnexF24gYFKJHENU5cc8a,26581459197,0,753260099724666,753357314309273
9125722,5FYwKoHYfiuy9m2yM4wbwM5pQyaEP38MBTTZS8RwNKRuQ8mi,5FRXwb2qsEhqDQQKcm5m2MF26xTWwW65MHTEtKFFydypuqjG,313026171,0,27241972192097,27242353929199
9125722,5F6aRdsBHajN2NhZHBTB6ibBFu7YuZZEWruWzB8x6B6GiZ4D,5HTeZ5168DjjGWZgbvzGfysEAj9fnexF24gYFKJHENU5cc8a,0,0,0,0
9126082,5CyQFykVpfa9xgZVGgBsiNUpjbo1EihBTSkPvDC1FZbL1wxG,5HTeZ5168DjjGWZgbvzGfysEAj9fnexF24gYFKJHENU5cc8a,26618058441,0,753357314309273,753454573526855
9126082,5FYwKoHYfiuy9m2yM4wbwM5pQyaEP38MBTTZS8RwNKRuQ8mi,5FRXwb2qsEhqDQQKcm5m2MF26xTWwW65MHTEtKFFydypuqjG,281545184,0,27242353929199,27242697275067
9126082,5F6aRdsBHajN2NhZHBTB6ibBFu7YuZZEWruWzB8x6B6GiZ4D,5HTeZ5168DjjGWZgbvzGfysEAj9fnexF24gYFKJHENU5cc8a,0,0,0,0
9126442,5CyQFykVpfa9xgZVGgBsiNUpjbo1EihBTSkPvDC1FZbL1wxG,5HTeZ5168DjjGWZgbvzGfysEAj9fnexF24gYFKJHENU5cc8a,26638462160,0,753454573526855,753551857626882
9126442,5FYwKoHYfiuy9m2yM4wbwM5pQyaEP38MBTTZS8RwNKRuQ8mi,5FRXwb2qsEhqDQQKcm5m2MF26xTWwW65MHTEtKFFydypuqjG,253096901,0,27242697275067,27243005928101
9126442,5F6aRdsBHajN2NhZHBTB6ibBFu7YuZZEWruWzB8x6B6GiZ4D,5HTeZ5168DjjGWZgbvzGfysEAj9fnexF24gYFKJHENU5cc8a,0,0,0,0
9126802,5CyQFykVpfa9xgZVGgBsiNUpjbo1EihBTSkPvDC1FZbL1wxG,5HTeZ5168DjjGWZgbvzGfysEAj9fnexF24gYFKJHENU5cc8a,26715041544,0,753551857626882,753649235115881
9126802,5FYwKoHYfiuy9m2yM4wbwM5pQyaEP38MBTTZS8RwNKRuQ8mi,5FRXwb2qsEhqDQQKcm5m2MF26xTWwW65MHTEtKFFydypuqjG,228086484,0,27243005928101,27243284080797
9126802,5F6aRdsBHajN2NhZHBTB6ibBFu7YuZZEWruWzB8x6B6GiZ4D,5HTeZ5168DjjGWZgbvzGfysEAj9fnexF24gYFKJHENU5cc8a,0,0,0,0
9127162,5CyQFykVpfa9xgZVGgBsiNUpjbo1EihBTSkPvDC1FZbL1wxG,5HTeZ5168DjjGWZgbvzGfysEAj9fnexF24gYFKJHENU5cc8a,26760748257,0,753649235115881,753746668344462
9127162,5FYwKoHYfiuy9m2yM4wbwM5pQyaEP38MBTTZS8RwNKRuQ8mi,5FRXwb2qsEhqDQQKcm5m2MF26xTWwW65MHTEtKFFydypuqjG,205261587,0,27243284080797,27243534398408
9127162,5F6aRdsBHajN2NhZHBTB6ibBFu7YuZZEWruWzB8x6B6GiZ4D,5HTeZ5168DjjGWZgbvzGfysEAj9fnexF24gYFKJHENU5cc8a,0,0,0,0
9127522,5CyQFykVpfa9xgZVGgBsiNUpjbo1EihBTSkPvDC1FZbL1wxG,5HTeZ5168DjjGWZgbvzGfysEAj9fnexF24gYFKJHENU5cc8a,26787365332,0,753746668344462,753844134032710
9127522,5FYwKoHYfiuy9m2yM4wbwM5pQyaEP38MBTTZS8RwNKRuQ8mi,5FRXwb2qsEhqDQQKcm5m2MF26xTWwW65MHTEtKFFydypuqjG,184664282,0,27243534398408,27243759597494
9127522,5F6aRdsBHajN2NhZHBTB6ibBFu7YuZZEWruWzB8x6B6GiZ4D,5HTeZ5168DjjGWZgbvzGfysEAj9fnexF24gYFKJHENU5cc8a,0,0,0,0
9127882,5CyQFykVpfa9xgZVGgBsiNUpjbo1EihBTSkPvDC1FZbL1wxG,5HTeZ5168DjjGWZgbvzGfysEAj9fnexF24gYFKJHENU5cc8a,26809362101,0,753844134032710,753941626546136
9127882,5FYwKoHYfiuy9m2yM4wbwM5pQyaEP38MBTTZS8RwNKRuQ8mi,5FRXwb2qsEhqDQQKcm5m2MF26xTWwW65MHTEtKFFydypuqjG,166029369,0,27243759597494,27243962071204
9127882,5F6aRdsBHajN2NhZHBTB6ibBFu7YuZZEWruWzB8x6B6GiZ4D,5HTeZ5168DjjGWZgbvzGfysEAj9fnexF24gYFKJHENU5cc8a,0,0,0,0
9128242,5CyQFykVpfa9xgZVGgBsiNUpjbo1EihBTSkPvDC1FZbL1wxG,5HTeZ5168DjjGWZgbvzGfysEAj9fnexF24gYFKJHENU5cc8a,26829679515,0,753941626546136,754039143836758
9128242,5FYwKoHYfiuy9m2yM4wbwM5pQyaEP38MBTTZS8RwNKRuQ8mi,5FRXwb2qsEhqDQQKcm5m2MF26xTWwW65MHTEtKFFydypuqjG,149375016,0,27243962071204,27244144234840
9128242,5F6aRdsBHajN2NhZHBTB6ibBFu7YuZZEWruWzB8x6B6GiZ4D,5HTeZ5168DjjGWZgbvzGfysEAj9fnexF24gYFKJHENU5cc8a,0,0,0,0
9128602,5CyQFykVpfa9xgZVGgBsiNUpjbo1EihBTSkPvDC1FZbL1wxG,5HTeZ5168DjjGWZgbvzGfysEAj9fnexF24gYFKJHENU5cc8a,26815231293,0,754039143836758,754136643507695
9128602,5FYwKoHYfiuy9m2yM4wbwM5pQyaEP38MBTTZS8RwNKRuQ8mi,5FRXwb2qsEhqDQQKcm5m2MF26xTWwW65MHTEtKFFydypuqjG,134051547,0,27244144234840,27244307711423
9128602,5F6aRdsBHajN2NhZHBTB6ibBFu7YuZZEWruWzB8x6B6GiZ4D,5HTeZ5168DjjGWZgbvzGfysEAj9fnexF24gYFKJHENU5cc8a,0,0,0,0
9128962,5CyQFykVpfa9xgZVGgBsiNUpjbo1EihBTSkPvDC1FZbL1wxG,5HTeZ5168DjjGWZgbvzGfysEAj9fnexF24gYFKJHENU5cc8a,26837574302,0,754136643507695,754234170426052
9128962,5FYwKoHYfiuy9m2yM4wbwM5pQyaEP38MBTTZS8RwNKRuQ8mi,5FRXwb2qsEhqDQQKcm5m2MF26xTWwW65MHTEtKFFydypuqjG,120595239,0,27244307711423,27244454777966
9128962,5F6aRdsBHajN2NhZHBTB6ibBFu7YuZZEWruWzB8x6B6GiZ4D,5HTeZ5168DjjGWZgbvzGfysEAj9fnexF24gYFKJHENU5cc8a,0,0,0,0
9129322,5CyQFykVpfa9xgZVGgBsiNUpjbo1EihBTSkPvDC1FZbL1wxG,5HTeZ5168DjjGWZgbvzGfysEAj9fnexF24gYFKJHENU5cc8a,26832206110,0,754234170426052,754331690797870
9129322,5FYwKoHYfiuy9m2yM4wbwM5pQyaEP38MBTTZS8RwNKRuQ8mi,5FRXwb2qsEhqDQQKcm5m2MF26xTWwW65MHTEtKFFydypuqjG,108426908,0,27244454777966,27244587005164
9129322,5F6aRdsBHajN2NhZHBTB6ibBFu7YuZZEWruWzB8x6B6GiZ4D,5HTeZ5168DjjGWZgbvzGfysEAj9fnexF24gYFKJHENU5cc8a,0,0,0,0
9129682,5CyQFykVpfa9xgZVGgBsiNUpjbo1EihBTSkPvDC1FZbL1wxG,5HTeZ5168DjjGWZgbvzGfysEAj9fnexF24gYFKJHENU5cc8a,26824391362,0,754331690797870,754429201639561
9129682,5FYwKoHYfiuy9m2yM4wbwM5pQyaEP38MBTTZS8RwNKRuQ8mi,5FRXwb2qsEhqDQQKcm5m2MF26xTWwW65MHTEtKFFydypuqjG,97413840,0,27244587005164,27244705801866
9129682,5F6aRdsBHajN2NhZHBTB6ibBFu7YuZZEWruWzB8x6B6GiZ4D,5HTeZ5168DjjGWZgbvzGfysEAj9fnexF24gYFKJHENU5cc8a,0,0,0,0
9130042,5CyQFykVpfa9xgZVGgBsiNUpjbo1EihBTSkPvDC1FZbL1wxG,5HTeZ5168DjjGWZgbvzGfysEAj9fnexF24gYFKJHENU5cc8a,26784319943,0,754429201639561,754526663613941
9130042,5FYwKoHYfiuy9m2yM4wbwM5pQyaEP38MBTTZS8RwNKRuQ8mi,5FRXwb2qsEhqDQQKcm5m2MF26xTWwW65MHTEtKFFydypuqjG,87468108,0,27244705801866,27244812469694
9130042,5F6aRdsBHajN2NhZHBTB6ibBFu7YuZZEWruWzB8x6B6GiZ4D,5HTeZ5168DjjGWZgbvzGfysEAj9fnexF24gYFKJHENU5cc8a,0,0,0,0
9130402,5CyQFykVpfa9xgZVGgBsiNUpjbo1EihBTSkPvDC1FZbL1wxG,5HTeZ5168DjjGWZgbvzGfysEAj9fnexF24gYFKJHENU5cc8a,26853316073,0,754526663613941,754624209729473
9130402,5FYwKoHYfiuy9m2yM4wbwM5pQyaEP38MBTTZS8RwNKRuQ8mi,5FRXwb2qsEhqDQQKcm5m2MF26xTWwW65MHTEtKFFydypuqjG,91676855,0,27244812469694,27244924270112
9130402,5F6aRdsBHajN2NhZHBTB6ibBFu7YuZZEWruWzB8x6B6GiZ4D,5HTeZ5168DjjGWZgbvzGfysEAj9fnexF24gYFKJHENU5cc8a,0,0,0,0
9130762,5CyQFykVpfa9xgZVGgBsiNUpjbo1EihBTSkPvDC1FZbL1wxG,5HTeZ5168DjjGWZgbvzGfysEAj9fnexF24gYFKJHENU5cc8a,26787281663,0,754624209729473,754721675315686
9130762,5FYwKoHYfiuy9m2yM4wbwM5pQyaEP38MBTTZS8RwNKRuQ8mi,5FRXwb2qsEhqDQQKcm5m2MF26xTWwW65MHTEtKFFydypuqjG,81775434,0,27244924270112,27245023995694
9130762,5F6aRdsBHajN2NhZHBTB6ibBFu7YuZZEWruWzB8x6B6GiZ4D,5HTeZ5168DjjGWZgbvzGfysEAj9fnexF24gYFKJHENU5cc8a,0,0,0,0
9131122,5CyQFykVpfa9xgZVGgBsiNUpjbo1EihBTSkPvDC1FZbL1wxG,5HTeZ5168DjjGWZgbvzGfysEAj9fnexF24gYFKJHENU5cc8a,26810950576,0,754721675315686,754819169766266
9131122,5FYwKoHYfiuy9m2yM4wbwM5pQyaEP38MBTTZS8RwNKRuQ8mi,5FRXwb2qsEhqDQQKcm5m2MF26xTWwW65MHTEtKFFydypuqjG,73432601,0,27245023995694,27245113547146
9131122,5F6aRdsBHajN2NhZHBTB6ibBFu7YuZZEWruWzB8x6B6GiZ4D,5HTeZ5168DjjGWZgbvzGfysEAj9fnexF24gYFKJHENU5cc8a,0,0,0,0
9131482,5CyQFykVpfa9xgZVGgBsiNUpjbo1EihBTSkPvDC1FZbL1wxG,5HTeZ5168DjjGWZgbvzGfysEAj9fnexF24gYFKJHENU5cc8a,26800455462,0,754819169766266,754916651417998
9131482,5FYwKoHYfiuy9m2yM4wbwM5pQyaEP38MBTTZS8RwNKRuQ8mi,5FRXwb2qsEhqDQQKcm5m2MF26xTWwW65MHTEtKFFydypuqjG,65884970,0,27245113547146,27245193894221
9131482,5F6aRdsBHajN2NhZHBTB6ibBFu7YuZZEWruWzB8x6B6GiZ4D,5HTeZ5168DjjGWZgbvzGfysEAj9fnexF24gYFKJHENU5cc8a,0,0,0,0
9131842,5CyQFykVpfa9xgZVGgBsiNUpjbo1EihBTSkPvDC1FZbL1wxG,5HTeZ5168DjjGWZgbvzGfysEAj9fnexF24gYFKJHENU5cc8a,26775317746,0,754916651417998,755014102414150
9131842,5FYwKoHYfiuy9m2yM4wbwM5pQyaEP38MBTTZS8RwNKRuQ8mi,5FRXwb2qsEhqDQQKcm5m2MF26xTWwW65MHTEtKFFydypuqjG,59243331,0,27245193894221,27245266141782
9131842,5F6aRdsBHajN2NhZHBTB6ibBFu7YuZZEWruWzB8x6B6GiZ4D,5HTeZ5168DjjGWZgbvzGfysEAj9fnexF24gYFKJHENU5cc8a,0,0,0,0
9132202,5CyQFykVpfa9xgZVGgBsiNUpjbo1EihBTSkPvDC1FZbL1wxG,5HTeZ5168DjjGWZgbvzGfysEAj9fnexF24gYFKJHENU5cc8a,26755909346,0,755014102414150,755111529741653
9132202,5FYwKoHYfiuy9m2yM4wbwM5pQyaEP38MBTTZS8RwNKRuQ8mi,5FRXwb2qsEhqDQQKcm5m2MF26xTWwW65MHTEtKFFydypuqjG,53284451,0,27245266141782,27245331122457
9132202,5F6aRdsBHajN2NhZHBTB6ibBFu7YuZZEWruWzB8x6B6GiZ4D,5HTeZ5168DjjGWZgbvzGfysEAj9fnexF24gYFKJHENU5cc8a,0,0,0,0
9132562,5CyQFykVpfa9xgZVGgBsiNUpjbo1EihBTSkPvDC1FZbL1wxG,5HTeZ5168DjjGWZgbvzGfysEAj9fnexF24gYFKJHENU5cc8a,26736105297,0,755111529741653,755208932918012
9132562,5FYwKoHYfiuy9m2yM4wbwM5pQyaEP38MBTTZS8RwNKRuQ8mi,5FRXwb2qsEhqDQQKcm5m2MF26xTWwW65MHTEtKFFydypuqjG,48124172,0,27245331122457,27245389810144
9132562,5F6aRdsBHajN2NhZHBTB6ibBFu7YuZZEWruWzB8x6B6GiZ4D,5HTeZ5168DjjGWZgbvzGfysEAj9fnexF24gYFKJHENU5cc8a,0,0,0,0
9132922,5CyQFykVpfa9xgZVGgBsiNUpjbo1EihBTSkPvDC1FZbL1wxG,5HTeZ5168DjjGWZgbvzGfysEAj9fnexF24gYFKJHENU5cc8a,26639063785,0,755208932918012,755306217751724
9132922,5FYwKoHYfiuy9m2yM4wbwM5pQyaEP38MBTTZS8RwNKRuQ8mi,5FRXwb2qsEhqDQQKcm5m2MF26xTWwW65MHTEtKFFydypuqjG,43144246,0,27245389810144,27245442424784
9132922,5F6aRdsBHajN2NhZHBTB6ibBFu7YuZZEWruWzB8x6B6GiZ4D,5HTeZ5168DjjGWZgbvzGfysEAj9fnexF24gYFKJHENU5cc8a,0,0,0,0
9133282,5CyQFykVpfa9xgZVGgBsiNUpjbo1EihBTSkPvDC1FZbL1wxG,5HTeZ5168DjjGWZgbvzGfysEAj9fnexF24gYFKJHENU5cc8a,26589649166,0,755306217751724,755403442324042
9133282,5FYwKoHYfiuy9m2yM4wbwM5pQyaEP38MBTTZS8RwNKRuQ8mi,5FRXwb2qsEhqDQQKcm5m2MF26xTWwW65MHTEtKFFydypuqjG,38807076,0,27245442424784,27245489750222
9133282,5F6aRdsBHajN2NhZHBTB6ibBFu7YuZZEWruWzB8x6B6GiZ4D,5HTeZ5168DjjGWZgbvzGfysEAj9fnexF24gYFKJHENU5cc8a,0,0,0,0
9133642,5CyQFykVpfa9xgZVGgBsiNUpjbo1EihBTSkPvDC1FZbL1wxG,5HTeZ5168DjjGWZgbvzGfysEAj9fnexF24gYFKJHENU5cc8a,26575735306,0,755403442324042,755500649928333
9133642,5FYwKoHYfiuy9m2yM4wbwM5pQyaEP38MBTTZS8RwNKRuQ8mi,5FRXwb2qsEhqDQQKcm5m2MF26xTWwW65MHTEtKFFydypuqjG,34839335,0,27245489750222,27245532236978
9133642,5F6aRdsBHajN2NhZHBTB6ibBFu7YuZZEWruWzB8x6B6GiZ4D,5HTeZ5168DjjGWZgbvzGfysEAj9fnexF24gYFKJHENU5cc8a,0,0,0,0
9134002,5CyQFykVpfa9xgZVGgBsiNUpjbo1EihBTSkPvDC1FZbL1wxG,5HTeZ5168DjjGWZgbvzGfysEAj9fnexF24gYFKJHENU5cc8a,26546764750,0,755500649928333,755597822202875
9134002,5FYwKoHYfiuy9m2yM4wbwM5pQyaEP38MBTTZS8RwNKRuQ8mi,5FRXwb2qsEhqDQQKcm5m2MF26xTWwW65MHTEtKFFydypuqjG,31167479,0,27245532236978,27245570245886
9134002,5F6aRdsBHajN2NhZHBTB6ibBFu7YuZZEWruWzB8x6B6GiZ4D,5HTeZ5168DjjGWZgbvzGfysEAj9fnexF24gYFKJHENU5cc8a,0,0,0,0
9134362,5CyQFykVpfa9xgZVGgBsiNUpjbo1EihBTSkPvDC1FZbL1wxG,5HTeZ5168DjjGWZgbvzGfysEAj9fnexF24gYFKJHENU5cc8a,26508582064,0,755597822202875,755694947913426
9134362,5FYwKoHYfiuy9m2yM4wbwM5pQyaEP38MBTTZS8RwNKRuQ8mi,5FRXwb2qsEhqDQQKcm5m2MF26xTWwW65MHTEtKFFydypuqjG,27818029,0,27245570245886,27245604170122
9134362,5F6aRdsBHajN2NhZHBTB6ibBFu7YuZZEWruWzB8x6B6GiZ4D,5HTeZ5168DjjGWZgbvzGfysEAj9fnexF24gYFKJHENU5cc8a,0,0,0,0
9134722,5CyQFykVpfa9xgZVGgBsiNUpjbo1EihBTSkPvDC1FZbL1wxG,5HTeZ5168DjjGWZgbvzGfysEAj9fnexF24gYFKJHENU5cc8a,26480286818,0,755694947913426,755792039117772
9134722,5FYwKoHYfiuy9m2yM4wbwM5pQyaEP38MBTTZS8RwNKRuQ8mi,5FRXwb2qsEhqDQQKcm5m2MF26xTWwW65MHTEtKFFydypuqjG,24813208,0,27245604170122,27245634429963
9134722,5F6aRdsBHajN2NhZHBTB6ibBFu7YuZZEWruWzB8x6B6GiZ4D,5HTeZ5168DjjGWZgbvzGfysEAj9fnexF24gYFKJHENU5cc8a,0,0,0,0
9135082,5CyQFykVpfa9xgZVGgBsiNUpjbo1EihBTSkPvDC1FZbL1wxG,5HTeZ5168DjjGWZgbvzGfysEAj9fnexF24gYFKJHENU5cc8a,26465356422,0,755792039117772,755889112114419
9135082,5FYwKoHYfiuy9m2yM4wbwM5pQyaEP38MBTTZS8RwNKRuQ8mi,5FRXwb2qsEhqDQQKcm5m2MF26xTWwW65MHTEtKFFydypuqjG,22147391,0,27245634429963,27245661438825
9135082,5F6aRdsBHajN2NhZHBTB6ibBFu7YuZZEWruWzB8x6B6GiZ4D,5HTeZ5168DjjGWZgbvzGfysEAj9fnexF24gYFKJHENU5cc8a,0,0,0,0
9135442,5CyQFykVpfa9xgZVGgBsiNUpjbo1EihBTSkPvDC1FZbL1wxG,5HTeZ5168DjjGWZgbvzGfysEAj9fnexF24gYFKJHENU5cc8a,26445195967,0,755889112114419,755986160525283
9135442,5FYwKoHYfiuy9m2yM4wbwM5pQyaEP38MBTTZS8RwNKRuQ8mi,5FRXwb2qsEhqDQQKcm5m2MF26xTWwW65MHTEtKFFydypuqjG,19805325,0,27245661438825,27245685591525
9135442,5F6aRdsBHajN2NhZHBTB6ibBFu7YuZZEWruWzB8x6B6GiZ4D,5HTeZ5168DjjGWZgbvzGfysEAj9fnexF24gYFKJHENU5cc8a,0,0,0,0
9135802,5CyQFykVpfa9xgZVGgBsiNUpjbo1EihBTSkPvDC1FZbL1wxG,5HTeZ5168DjjGWZgbvzGfysEAj9fnexF24gYFKJHENU5cc8a,26438268600,0,755986160525283,756083200488186
9135802,5FYwKoHYfiuy9m2yM4wbwM5pQyaEP38MBTTZS8RwNKRuQ8mi,5FRXwb2qsEhqDQQKcm5m2MF26xTWwW65MHTEtKFFydypuqjG,17803055,0,27245685591525,27245707302446
9135802,5F6aRdsBHajN2NhZHBTB6ibBFu7YuZZEWruWzB8x6B6GiZ4D,5HTeZ5168DjjGWZgbvzGfysEAj9fnexF24gYFKJHENU5cc8a,0,0,0,0
9136162,5CyQFykVpfa9xgZVGgBsiNUpjbo1EihBTSkPvDC1FZbL1wxG,5HTeZ5168DjjGWZgbvzGfysEAj9fnexF24gYFKJHENU5cc8a,26413833381,0,756083200488186,756180210652207
9136162,5FYwKoHYfiuy9m2yM4wbwM5pQyaEP38MBTTZS8RwNKRuQ8mi,5FRXwb2qsEhqDQQKcm5m2MF26xTWwW65MHTEtKFFydypuqjG,15786704,0,27245707302446,27245726554416
9136162,5F6aRdsBHajN2NhZHBTB6ibBFu7YuZZEWruWzB8x6B6GiZ4D,5HTeZ5168DjjGWZgbvzGfysEAj9fnexF24gYFKJHENU5cc8a,0,0,0,0
9136522,5CyQFykVpfa9xgZVGgBsiNUpjbo1EihBTSkPvDC1FZbL1wxG,5HTeZ5168DjjGWZgbvzGfysEAj9fnexF24gYFKJHENU5cc8a,26429531770,0,756180210652207,756277239960498
9136522,5FYwKoHYfiuy9m2yM4wbwM5pQyaEP38MBTTZS8RwNKRuQ8mi,5FRXwb2qsEhqDQQKcm5m2MF26xTWwW65MHTEtKFFydypuqjG,14099495,0,27245726554416,27245743748826
9136522,5F6aRdsBHajN2NhZHBTB6ibBFu7YuZZEWruWzB8x6B6GiZ4D,5HTeZ5168DjjGWZgbvzGfysEAj9fnexF24gYFKJHENU5cc8a,0,0,0,0
9136882,5CyQFykVpfa9xgZVGgBsiNUpjbo1EihBTSkPvDC1FZbL1wxG,5HTeZ5168DjjGWZgbvzGfysEAj9fnexF24gYFKJHENU5cc8a,26421859799,0,756277239960498,756374259912779
9136882,5FYwKoHYfiuy9m2yM4wbwM5pQyaEP38MBTTZS8RwNKRuQ8mi,5FRXwb2qsEhqDQQKcm5m2MF26xTWwW65MHTEtKFFydypuqjG,12421139,0,27245743748826,27245758896472
9136882,5F6aRdsBHajN2NhZHBTB6ibBFu7YuZZEWruWzB8x6B6GiZ4D,5HTeZ5168DjjGWZgbvzGfysEAj9fnexF24gYFKJHENU5cc8a,0,0,0,0
9137242,5CyQFykVpfa9xgZVGgBsiNUpjbo1EihBTSkPvDC1FZbL1wxG,5HTeZ5168DjjGWZgbvzGfysEAj9fnexF24gYFKJHENU5cc8a,26446386288,0,756374259912779,756471309775246
9137242,5FYwKoHYfiuy9m2yM4wbwM5pQyaEP38MBTTZS8RwNKRuQ8mi,5FRXwb2qsEhqDQQKcm5m2MF26xTWwW65MHTEtKFFydypuqjG,11087993,0,27245758896472,27245772418339
9137242,5F6aRdsBHajN2NhZHBTB6ibBFu7YuZZEWruWzB8x6B6GiZ4D,5HTeZ5168DjjGWZgbvzGfysEAj9fnexF24gYFKJHENU5cc8a,0,0,0,0
9137602,5CyQFykVpfa9xgZVGgBsiNUpjbo1EihBTSkPvDC1FZbL1wxG,5HTeZ5168DjjGWZgbvzGfysEAj9fnexF24gYFKJHENU5cc8a,26450431145,0,756471309775246,756568364570438
9137602,5FYwKoHYfiuy9m2yM4wbwM5pQyaEP38MBTTZS8RwNKRuQ8mi,5FRXwb2qsEhqDQQKcm5m2MF26xTWwW65MHTEtKFFydypuqjG,9742534,0,27245772418339,27245784299411
9137602,5F6aRdsBHajN2NhZHBTB6ibBFu7YuZZEWruWzB8x6B6GiZ4D,5HTeZ5168DjjGWZgbvzGfysEAj9fnexF24gYFKJHENU5cc8a,0,0,0,0
9137962,5CyQFykVpfa9xgZVGgBsiNUpjbo1EihBTSkPvDC1FZbL1wxG,5HTeZ5168DjjGWZgbvzGfysEAj9fnexF24gYFKJHENU5cc8a,26484745093,0,756568364570438,756665461211674
9137962,5FYwKoHYfiuy9m2yM4wbwM5pQyaEP38MBTTZS8RwNKRuQ8mi,5FRXwb2qsEhqDQQKcm5m2MF26xTWwW65MHTEtKFFydypuqjG,8741429,0,27245784299411,27245794959630
9137962,5F6aRdsBHajN2NhZHBTB6ibBFu7YuZZEWruWzB8x6B6GiZ4D,5HTeZ5168DjjGWZgbvzGfysEAj9fnexF24gYFKJHENU5cc8a,0,0,0,0
9138322,5CyQFykVpfa9xgZVGgBsiNUpjbo1EihBTSkPvDC1FZbL1wxG,5HTeZ5168DjjGWZgbvzGfysEAj9fnexF24gYFKJHENU5cc8a,26472398027,0,756665461211674,756762542795597
9138322,5FYwKoHYfiuy9m2yM4wbwM5pQyaEP38MBTTZS8RwNKRuQ8mi,5FRXwb2qsEhqDQQKcm5m2MF26xTWwW65MHTEtKFFydypuqjG,7728114,0,27245794959630,27245804384106
9138322,5F6aRdsBHajN2NhZHBTB6ibBFu7YuZZEWruWzB8x6B6GiZ4D,5HTeZ5168DjjGWZgbvzGfysEAj9fnexF24gYFKJHENU5cc8a,0,0,0,0
9138682,5CyQFykVpfa9xgZVGgBsiNUpjbo1EihBTSkPvDC1FZbL1wxG,5HTeZ5168DjjGWZgbvzGfysEAj9fnexF24gYFKJHENU5cc8a,26478418152,0,756762542795597,756859631721095
9138682,5FYwKoHYfiuy9m2yM4wbwM5pQyaEP38MBTTZS8RwNKRuQ8mi,5FRXwb2qsEhqDQQKcm5m2MF26xTWwW65MHTEtKFFydypuqjG,6723439,0,27245804384106,27245812583376
9138682,5F6aRdsBHajN2NhZHBTB6ibBFu7YuZZEWruWzB8x6B6GiZ4D,5HTeZ5168DjjGWZgbvzGfysEAj9fnexF24gYFKJHENU5cc8a,0,0,0,0
9139042,5CyQFykVpfa9xgZVGgBsiNUpjbo1EihBTSkPvDC1FZbL1wxG,5HTeZ5168DjjGWZgbvzGfysEAj9fnexF24gYFKJHENU5cc8a,24019261326,0,756859631721095,756953721691596
9139042,5FYwKoHYfiuy9m2yM4wbwM5pQyaEP38MBTTZS8RwNKRuQ8mi,5FRXwb2qsEhqDQQKcm5m2MF26xTWwW65MHTEtKFFydypuqjG,6098635,0,27245812583376,27245820020694
9139042,5F6aRdsBHajN2NhZHBTB6ibBFu7YuZZEWruWzB8x6B6GiZ4D,5HTeZ5168DjjGWZgbvzGfysEAj9fnexF24gYFKJHENU5cc8a,0,0,0,0
9139402,5CyQFykVpfa9xgZVGgBsiNUpjbo1EihBTSkPvDC1FZbL1wxG,5HTeZ5168DjjGWZgbvzGfysEAj9fnexF24gYFKJHENU5cc8a,21762796442,0,756953721691596,757045059891015
9139402,5FYwKoHYfiuy9m2yM4wbwM5pQyaEP38MBTTZS8RwNKRuQ8mi,5FRXwb2qsEhqDQQKcm5m2MF26xTWwW65MHTEtKFFydypuqjG,5240138,0,27245820020694,27245826411070
9139402,5F6aRdsBHajN2NhZHBTB6ibBFu7YuZZEWruWzB8x6B6GiZ4D,5HTeZ5168DjjGWZgbvzGfysEAj9fnexF24gYFKJHENU5cc8a,0,0,0,0
9139762,5CyQFykVpfa9xgZVGgBsiNUpjbo1EihBTSkPvDC1FZbL1wxG,5HTeZ5168DjjGWZgbvzGfysEAj9fnexF24gYFKJHENU5cc8a,19699165104,0,757045059891015,757133881480900
9139762,5FYwKoHYfiuy9m2yM4wbwM5pQyaEP38MBTTZS8RwNKRuQ8mi,5FRXwb2qsEhqDQQKcm5m2MF26xTWwW65MHTEtKFFydypuqjG,4664551,0,27245826411070,27245832099515
9139762,5F6aRdsBHajN2NhZHBTB6ibBFu7YuZZEWruWzB8x6B6GiZ4D,5HTeZ5168DjjGWZgbvzGfysEAj9fnexF24gYFKJHENU5cc8a,0,0,0,0
9140122,5CyQFykVpfa9xgZVGgBsiNUpjbo1EihBTSkPvDC1FZbL1wxG,5HTeZ5168DjjGWZgbvzGfysEAj9fnexF24gYFKJHENU5cc8a,17801389556,0,757898823119300,757985330361681
9140122,5FYwKoHYfiuy9m2yM4wbwM5pQyaEP38MBTTZS8RwNKRuQ8mi,5FRXwb2qsEhqDQQKcm5m2MF26xTWwW65MHTEtKFFydypuqjG,4037323,0,27245832099515,27245837023052
9140122,5F6aRdsBHajN2NhZHBTB6ibBFu7YuZZEWruWzB8x6B6GiZ4D,5HTeZ5168DjjGWZgbvzGfysEAj9fnexF24gYFKJHENU5cc8a,0,0,0,0
9140482,5CyQFykVpfa9xgZVGgBsiNUpjbo1EihBTSkPvDC1FZbL1wxG,5HTeZ5168DjjGWZgbvzGfysEAj9fnexF24gYFKJHENU5cc8a,16095425718,0,757985330361681,758069757171971
9140482,5FYwKoHYfiuy9m2yM4wbwM5pQyaEP38MBTTZS8RwNKRuQ8mi,5FRXwb2qsEhqDQQKcm5m2MF26xTWwW65MHTEtKFFydypuqjG,3374658,0,27245837023052,27245841138465
9140482,5F6aRdsBHajN2NhZHBTB6ibBFu7YuZZEWruWzB8x6B6GiZ4D,5HTeZ5168DjjGWZgbvzGfysEAj9fnexF24gYFKJHENU5cc8a,0,0,0,0
9140842,5CyQFykVpfa9xgZVGgBsiNUpjbo1EihBTSkPvDC1FZbL1wxG,5HTeZ5168DjjGWZgbvzGfysEAj9fnexF24gYFKJHENU5cc8a,14548440487,0,758069757171971,758152297425438
9140842,5FYwKoHYfiuy9m2yM4wbwM5pQyaEP38MBTTZS8RwNKRuQ8mi,5FRXwb2qsEhqDQQKcm5m2MF26xTWwW65MHTEtKFFydypuqjG,2675729,0,27245841138465,27245844401531
9140842,5F6aRdsBHajN2NhZHBTB6ibBFu7YuZZEWruWzB8x6B6GiZ4D,5HTeZ5168DjjGWZgbvzGfysEAj9fnexF24gYFKJHENU5cc8a,0,0,0,0
9141202,5CyQFykVpfa9xgZVGgBsiNUpjbo1EihBTSkPvDC1FZbL1wxG,5HTeZ5168DjjGWZgbvzGfysEAj9fnexF24gYFKJHENU5cc8a,13145566453,0,758152297425438,758233126866463
9141202,5FYwKoHYfiuy9m2yM4wbwM5pQyaEP38MBTTZS8RwNKRuQ8mi,5FRXwb2qsEhqDQQKcm5m2MF26xTWwW65MHTEtKFFydypuqjG,2333377,0,27245844401531,27245847247096
9141202,5F6aRdsBHajN2NhZHBTB6ibBFu7YuZZEWruWzB8x6B6GiZ4D,5HTeZ5168DjjGWZgbvzGfysEAj9fnexF24gYFKJHENU5cc8a,0,0,0,0
9141562,5CyQFykVpfa9xgZVGgBsiNUpjbo1EihBTSkPvDC1FZbL1wxG,5HTeZ5168DjjGWZgbvzGfysEAj9fnexF24gYFKJHENU5cc8a,11874155738,0,758233126866463,758312405815272
9141562,5FYwKoHYfiuy9m2yM4wbwM5pQyaEP38MBTTZS8RwNKRuQ8mi,5FRXwb2qsEhqDQQKcm5m2MF26xTWwW65MHTEtKFFydypuqjG,1974688,0,27245847247096,27245849655238
9141562,5F6aRdsBHajN2NhZHBTB6ibBFu7YuZZEWruWzB8x6B6GiZ4D,5HTeZ5168DjjGWZgbvzGfysEAj9fnexF24gYFKJHENU5cc8a,0,0,0,0
9141922,5CyQFykVpfa9xgZVGgBsiNUpjbo1EihBTSkPvDC1FZbL1wxG,5HTeZ5168DjjGWZgbvzGfysEAj9fnexF24gYFKJHENU5cc8a,10721075764,0,758312405815272,758390278576841
9141922,5FYwKoHYfiuy9m2yM4wbwM5pQyaEP38MBTTZS8RwNKRuQ8mi,5FRXwb2qsEhqDQQKcm5m2MF26xTWwW65MHTEtKFFydypuqjG,1601542,0,27245849655238,27245851608327
9141922,5F6aRdsBHajN2NhZHBTB6ibBFu7YuZZEWruWzB8x6B6GiZ4D,5HTeZ5168DjjGWZgbvzGfysEAj9fnexF24gYFKJHENU5cc8a,0,0,0,0
9142282,5CyQFykVpfa9xgZVGgBsiNUpjbo1EihBTSkPvDC1FZbL1wxG,5HTeZ5168DjjGWZgbvzGfysEAj9fnexF24gYFKJHENU5cc8a,9678652641,0,758390278576841,758466880097796
9142282,5FYwKoHYfiuy9m2yM4wbwM5pQyaEP38MBTTZS8RwNKRuQ8mi,5FRXwb2qsEhqDQQKcm5m2MF26xTWwW65MHTEtKFFydypuqjG,1216205,0,27245851608327,27245853091495
9142282,5F6aRdsBHajN2NhZHBTB6ibBFu7YuZZEWruWzB8x6B6GiZ4D,5HTeZ5168DjjGWZgbvzGfysEAj9fnexF24gYFKJHENU5cc8a,0,0,0,0
9142642,5CyQFykVpfa9xgZVGgBsiNUpjbo1EihBTSkPvDC1FZbL1wxG,5HTeZ5168DjjGWZgbvzGfysEAj9fnexF24gYFKJHENU5cc8a,11412050054,0,758466880097796,758545595506234
9142642,5FYwKoHYfiuy9m2yM4wbwM5pQyaEP38MBTTZS8RwNKRuQ8mi,5FRXwb2qsEhqDQQKcm5m2MF26xTWwW65MHTEtKFFydypuqjG,813353,0,27245853091495,27245854083383
9142642,5F6aRdsBHajN2NhZHBTB6ibBFu7YuZZEWruWzB8x6B6GiZ4D,5HTeZ5168DjjGWZgbvzGfysEAj9fnexF24gYFKJHENU5cc8a,0,0,0,0
9143002,5CyQFykVpfa9xgZVGgBsiNUpjbo1EihBTSkPvDC1FZbL1wxG,5HTeZ5168DjjGWZgbvzGfysEAj9fnexF24gYFKJHENU5cc8a,12960372138,0,758545595506234,758626199101794
9143002,5FYwKoHYfiuy9m2yM4wbwM5pQyaEP38MBTTZS8RwNKRuQ8mi,5FRXwb2qsEhqDQQKcm5m2MF26xTWwW65MHTEtKFFydypuqjG,399468,0,27245854083383,27245854570536
9143002,5F6aRdsBHajN2NhZHBTB6ibBFu7YuZZEWruWzB8x6B6GiZ4D,5HTeZ5168DjjGWZgbvzGfysEAj9fnexF24gYFKJHENU5cc8a,0,0,0,0
9143362,5CyQFykVpfa9xgZVGgBsiNUpjbo1EihBTSkPvDC1FZbL1wxG,5HTeZ5168DjjGWZgbvzGfysEAj9fnexF24gYFKJHENU5cc8a,14342441733,0,758626199101794,758708488138671
9143362,5FYwKoHYfiuy9m2yM4wbwM5pQyaEP38MBTTZS8RwNKRuQ8mi,5FRXwb2qsEhqDQQKcm5m2MF26xTWwW65MHTEtKFFydypuqjG,0,0,27245854570536,27245854570536
9143362,5F6aRdsBHajN2NhZHBTB6ibBFu7YuZZEWruWzB8x6B6GiZ4D,5HTeZ5168DjjGWZgbvzGfysEAj9fnexF24gYFKJHENU5cc8a,0,0,0,0
9143722,5CyQFykVpfa9xgZVGgBsiNUpjbo1EihBTSkPvDC1FZbL1wxG,5HTeZ5168DjjGWZgbvzGfysEAj9fnexF24gYFKJHENU5cc8a,15580748548,0,758708488138671,758792287297380
9143722,5FYwKoHYfiuy9m2yM4wbwM5pQyaEP38MBTTZS8RwNKRuQ8mi,5FRXwb2qsEhqDQQKcm5m2MF26xTWwW65MHTEtKFFydypuqjG,0,0,27245854570536,27245854570536
9143722,5F6aRdsBHajN2NhZHBTB6ibBFu7YuZZEWruWzB8x6B6GiZ4D,5HTeZ5168DjjGWZgbvzGfysEAj9fnexF24gYFKJHENU5cc8a,0,0,0,0
9144082,5CyQFykVpfa9xgZVGgBsiNUpjbo1EihBTSkPvDC1FZbL1wxG,5HTeZ5168DjjGWZgbvzGfysEAj9fnexF24gYFKJHENU5cc8a,16711727716,0,758792287297380,758877465691277
9144082,5FYwKoHYfiuy9m2yM4wbwM5pQyaEP38MBTTZS8RwNKRuQ8mi,5FRXwb2qsEhqDQQKcm5m2MF26xTWwW65MHTEtKFFydypuqjG,0,0,27245854570536,27245854570536
9144082,5F6aRdsBHajN2NhZHBTB6ibBFu7YuZZEWruWzB8x6B6GiZ4D,5HTeZ5168DjjGWZgbvzGfysEAj9fnexF24gYFKJHENU5cc8a,0,0,0,0
9144442,5CyQFykVpfa9xgZVGgBsiNUpjbo1EihBTSkPvDC1FZbL1wxG,5HTeZ5168DjjGWZgbvzGfysEAj9fnexF24gYFKJHENU5cc8a,17741533242,0,758877465691277,758963899938560
9144442,5FYwKoHYfiuy9m2yM4wbwM5pQyaEP38MBTTZS8RwNKRuQ8mi,5FRXwb2qsEhqDQQKcm5m2MF26xTWwW65MHTEtKFFydypuqjG,0,0,27245854570536,27245854570536
9144442,5F6aRdsBHajN2NhZHBTB6ibBFu7YuZZEWruWzB8x6B6GiZ4D,5HTeZ5168DjjGWZgbvzGfysEAj9fnexF24gYFKJHENU5cc8a,0,0,0,0
9144802,5CyQFykVpfa9xgZVGgBsiNUpjbo1EihBTSkPvDC1FZbL1wxG,5HTeZ5168DjjGWZgbvzGfysEAj9fnexF24gYFKJHENU5cc8a,18625618096,0,758198774106244,758286286499769
9144802,5FYwKoHYfiuy9m2yM4wbwM5pQyaEP38MBTTZS8RwNKRuQ8mi,5FRXwb2qsEhqDQQKcm5m2MF26xTWwW65MHTEtKFFydypuqjG,0,0,27245854570536,27245854570536
9144802,5F6aRdsBHajN2NhZHBTB6ibBFu7YuZZEWruWzB8x6B6GiZ4D,5HTeZ5168DjjGWZgbvzGfysEAj9fnexF24gYFKJHENU5cc8a,0,0,0,0
9145162,5CyQFykVpfa9xgZVGgBsiNUpjbo1EihBTSkPvDC1FZbL1wxG,5HTeZ5168DjjGWZgbvzGfysEAj9fnexF24gYFKJHENU5cc8a,19358771119,0,758286286499769,758374692977356
9145162,5FYwKoHYfiuy9m2yM4wbwM5pQyaEP38MBTTZS8RwNKRuQ8mi,5FRXwb2qsEhqDQQKcm5m2MF26xTWwW65MHTEtKFFydypuqjG,0,0,27245854570536,27245854570536
9145162,5F6aRdsBHajN2NhZHBTB6ibBFu7YuZZEWruWzB8x6B6GiZ4D,5HTeZ5168DjjGWZgbvzGfysEAj9fnexF24gYFKJHENU5cc8a,0,0,0,0
9145522,5CyQFykVpfa9xgZVGgBsiNUpjbo1EihBTSkPvDC1FZbL1wxG,5HTeZ5168DjjGWZgbvzGfysEAj9fnexF24gYFKJHENU5cc8a,20016067019,0,758374692977356,758463901030833
9145522,5FYwKoHYfiuy9m2yM4wbwM5pQyaEP38MBTTZS8RwNKRuQ8mi,5FRXwb2qsEhqDQQKcm5m2MF26xTWwW65MHTEtKFFydypuqjG,0,0,27245854570536,27245854570536
9145522,5F6aRdsBHajN2NhZHBTB6ibBFu7YuZZEWruWzB8x6B6GiZ4D,5HTeZ5168DjjGWZgbvzGfysEAj9fnexF24gYFKJHENU5cc8a,0,0,0,0
9145882,5CyQFykVpfa9xgZVGgBsiNUpjbo1EihBTSkPvDC1FZbL1wxG,5HTeZ5168DjjGWZgbvzGfysEAj9fnexF24gYFKJHENU5cc8a,20603097977,0,758463901030833,758553824971726
9145882,5FYwKoHYfiuy9m2yM4wbwM5pQyaEP38MBTTZS8RwNKRuQ8mi,5FRXwb2qsEhqDQQKcm5m2MF26xTWwW65MHTEtKFFydypuqjG,0,0,27245854570536,27245854570536
9145882,5F6aRdsBHajN2NhZHBTB6ibBFu7YuZZEWruWzB8x6B6GiZ4D,5HTeZ5168DjjGWZgbvzGfysEAj9fnexF24gYFKJHENU5cc8a,0,0,0,0
9146242,5CyQFykVpfa9xgZVGgBsiNUpjbo1EihBTSkPvDC1FZbL1wxG,5HTeZ5168DjjGWZgbvzGfysEAj9fnexF24gYFKJHENU5cc8a,21170652487,0,758553824971726,758644441048402
9146242,5FYwKoHYfiuy9m2yM4wbwM5pQyaEP38MBTTZS8RwNKRuQ8mi,5FRXwb2qsEhqDQQKcm5m2MF26xTWwW65MHTEtKFFydypuqjG,0,0,27245854570536,27245854570536
9146242,5F6aRdsBHajN2NhZHBTB6ibBFu7YuZZEWruWzB8x6B6GiZ4D,5HTeZ5168DjjGWZgbvzGfysEAj9fnexF24gYFKJHENU5cc8a,0,0,0,0
9146602,5CyQFykVpfa9xgZVGgBsiNUpjbo1EihBTSkPvDC1FZbL1wxG,5HTeZ5168DjjGWZgbvzGfysEAj9fnexF24gYFKJHENU5cc8a,21657008492,0,758644441048402,758735650238846
9146602,5FYwKoHYfiuy9m2yM4wbwM5pQyaEP38MBTTZS8RwNKRuQ8mi,5FRXwb2qsEhqDQQKcm5m2MF26xTWwW65MHTEtKFFydypuqjG,0,0,27245854570536,27245854570536
9146602,5F6aRdsBHajN2NhZHBTB6ibBFu7YuZZEWruWzB8x6B6GiZ4D,5HTeZ5168DjjGWZgbvzGfysEAj9fnexF24gYFKJHENU5cc8a,0,0,0,0
9146962,5CyQFykVpfa9xgZVGgBsiNUpjbo1EihBTSkPvDC1FZbL1wxG,5HTeZ5168DjjGWZgbvzGfysEAj9fnexF24gYFKJHENU5cc8a,22109852161,0,758735650238846,758827411674584
9146962,5FYwKoHYfiuy9m2yM4wbwM5pQyaEP38MBTTZS8RwNKRuQ8mi,5FRXwb2qsEhqDQQKcm5m2MF26xTWwW65MHTEtKFFydypuqjG,0,0,27245854570536,27245854570536
9146962,5F6aRdsBHajN2NhZHBTB6ibBFu7YuZZEWruWzB8x6B6GiZ4D,5HTeZ5168DjjGWZgbvzGfysEAj9fnexF24gYFKJHENU5cc8a,0,0,0,0
9147322,5CyQFykVpfa9xgZVGgBsiNUpjbo1EihBTSkPvDC1FZbL1wxG,5HTeZ5168DjjGWZgbvzGfysEAj9fnexF24gYFKJHENU5cc8a,22500705146,0,758827411674584,758919649757642
9147322,5FYwKoHYfiuy9m2yM4wbwM5pQyaEP38MBTTZS8RwNKRuQ8mi,5FRXwb2qsEhqDQQKcm5m2MF26xTWwW65MHTEtKFFydypuqjG,0,0,27245854570536,27245854570536
9147322,5F6aRdsBHajN2NhZHBTB6ibBFu7YuZZEWruWzB8x6B6GiZ4D,5HTeZ5168DjjGWZgbvzGfysEAj9fnexF24gYFKJHENU5cc8a,0,0,0,0
9147682,5CyQFykVpfa9xgZVGgBsiNUpjbo1EihBTSkPvDC1FZbL1wxG,5HTeZ5168DjjGWZgbvzGfysEAj9fnexF24gYFKJHENU5cc8a,22868702413,0,758919649757642,759012336615350
9147682,5FYwKoHYfiuy9m2yM4wbwM5pQyaEP38MBTTZS8RwNKRuQ8mi,5FRXwb2qsEhqDQQKcm5m2MF26xTWwW65MHTEtKFFydypuqjG,0,0,27245854570536,27245854570536
9147682,5F6aRdsBHajN2NhZHBTB6ibBFu7YuZZEWruWzB8x6B6GiZ4D,5HTeZ5168DjjGWZgbvzGfysEAj9fnexF24gYFKJHENU5cc8a,0,0,0,0
9148042,5CyQFykVpfa9xgZVGgBsiNUpjbo1EihBTSkPvDC1FZbL1wxG,5HTeZ5168DjjGWZgbvzGfysEAj9fnexF24gYFKJHENU5cc8a,23206635433,0,759012336615350,759105435584196
9148042,5FYwKoHYfiuy9m2yM4wbwM5pQyaEP38MBTTZS8RwNKRuQ8mi,5FRXwb2qsEhqDQQKcm5m2MF26xTWwW65MHTEtKFFydypuqjG,0,0,27245854570536,27245854570536
9148042,5F6aRdsBHajN2NhZHBTB6ibBFu7YuZZEWruWzB8x6B6GiZ4D,5HTeZ5168DjjGWZgbvzGfysEAj9fnexF24gYFKJHENU5cc8a,0,0,0,0
9148402,5CyQFykVpfa9xgZVGgBsiNUpjbo1EihBTSkPvDC1FZbL1wxG,5HTeZ5168DjjGWZgbvzGfysEAj9fnexF24gYFKJHENU5cc8a,23503769851,0,759105435584196,759198896910066
9148402,5FYwKoHYfiuy9m2yM4wbwM5pQyaEP38MBTTZS8RwNKRuQ8mi,5FRXwb2qsEhqDQQKcm5m2MF26xTWwW65MHTEtKFFydypuqjG,0,0,27245854570536,27245854570536
9148402,5F6aRdsBHajN2NhZHBTB6ibBFu7YuZZEWruWzB8x6B6GiZ4D,5HTeZ5168DjjGWZgbvzGfysEAj9fnexF24gYFKJHENU5cc8a,0,0,0,0
9148762,5CyQFykVpfa9xgZVGgBsiNUpjbo1EihBTSkPvDC1FZbL1wxG,5HTeZ5168DjjGWZgbvzGfysEAj9fnexF24gYFKJHENU5cc8a,23832798164,0,759198896910066,759292759487736
9148762,5FYwKoHYfiuy9m2yM4wbwM5pQyaEP38MBTTZS8RwNKRuQ8mi,5FRXwb2qsEhqDQQKcm5m2MF26xTWwW65MHTEtKFFydypuqjG,0,0,27245854570536,27245854570536
9148762,5F6aRdsBHajN2NhZHBTB6ibBFu7YuZZEWruWzB8x6B6GiZ4D,5HTeZ5168DjjGWZgbvzGfysEAj9fnexF24gYFKJHENU5cc8a,0,0,0,0
9149122,5CyQFykVpfa9xgZVGgBsiNUpjbo1EihBTSkPvDC1FZbL1wxG,5HTeZ5168DjjGWZgbvzGfysEAj9fnexF24gYFKJHENU5cc8a,24053619956,0,759292759487736,759386891358771
9149122,5FYwKoHYfiuy9m2yM4wbwM5pQyaEP38MBTTZS8RwNKRuQ8mi,5FRXwb2qsEhqDQQKcm5m2MF26xTWwW65MHTEtKFFydypuqjG,0,0,27245854570536,27245854570536
9149122,5F6aRdsBHajN2NhZHBTB6ibBFu7YuZZEWruWzB8x6B6GiZ4D,5HTeZ5168DjjGWZgbvzGfysEAj9fnexF24gYFKJHENU5cc8a,0,0,0,0
9149482,5CyQFykVpfa9xgZVGgBsiNUpjbo1EihBTSkPvDC1FZbL1wxG,5HTeZ5168DjjGWZgbvzGfysEAj9fnexF24gYFKJHENU5cc8a,24277457702,0,759386891358771,759481296201143
9149482,5FYwKoHYfiuy9m2yM4wbwM5pQyaEP38MBTTZS8RwNKRuQ8mi,5FRXwb2qsEhqDQQKcm5m2MF26xTWwW65MHTEtKFFydypuqjG,0,0,27245854570536,27245854570536
9149482,5F6aRdsBHajN2NhZHBTB6ibBFu7YuZZEWruWzB8x6B6GiZ4D,5HTeZ5168DjjGWZgbvzGfysEAj9fnexF24gYFKJHENU5cc8a,0,0,0,0
9149842,5CyQFykVpfa9xgZVGgBsiNUpjbo1EihBTSkPvDC1FZbL1wxG,5HTeZ5168DjjGWZgbvzGfysEAj9fnexF24gYFKJHENU5cc8a,24468257798,0,759481296201143,759575933725260
9149842,5FYwKoHYfiuy9m2yM4wbwM5pQyaEP38MBTTZS8RwNKRuQ8mi,5FRXwb2qsEhqDQQKcm5m2MF26xTWwW65MHTEtKFFydypuqjG,0,0,27245854570536,27245854570536
9149842,5F6aRdsBHajN2NhZHBTB6ibBFu7YuZZEWruWzB8x6B6GiZ4D,5HTeZ5168DjjGWZgbvzGfysEAj9fnexF24gYFKJHENU5cc8a,0,0,0,0
9150202,5CyQFykVpfa9xgZVGgBsiNUpjbo1EihBTSkPvDC1FZbL1wxG,5HTeZ5168DjjGWZgbvzGfysEAj9fnexF24gYFKJHENU5cc8a,24669761030,0,759575933725260,759670816983654
9150202,5FYwKoHYfiuy9m2yM4wbwM5pQyaEP38MBTTZS8RwNKRuQ8mi,5FRXwb2qsEhqDQQKcm5m2MF26xTWwW65MHTEtKFFydypuqjG,0,0,27245854570536,27245854570536
9150202,5F6aRdsBHajN2NhZHBTB6ibBFu7YuZZEWruWzB8x6B6GiZ4D,5HTeZ5168DjjGWZgbvzGfysEAj9fnexF24gYFKJHENU5cc8a,0,0,0,0
9150562,5CyQFykVpfa9xgZVGgBsiNUpjbo1EihBTSkPvDC1FZbL1wxG,5HTeZ5168DjjGWZgbvzGfysEAj9fnexF24gYFKJHENU5cc8a,24879620103,0,759670816983654,759765956166318
9150562,5FYwKoHYfiuy9m2yM4wbwM5pQyaEP38MBTTZS8RwNKRuQ8mi,5FRXwb2qsEhqDQQKcm5m2MF26xTWwW65MHTEtKFFydypuqjG,0,0,27245854570536,27245854570536
9150562,5F6aRdsBHajN2NhZHBTB6ibBFu7YuZZEWruWzB8x6B6GiZ4D,5HTeZ5168DjjGWZgbvzGfysEAj9fnexF24gYFKJHENU5cc8a,0,0,0,0
9150922,5CyQFykVpfa9xgZVGgBsiNUpjbo1EihBTSkPvDC1FZbL1wxG,5HTeZ5168DjjGWZgbvzGfysEAj9fnexF24gYFKJHENU5cc8a,25035382746,0,759765956166318,759861285302364
9150922,5FYwKoHYfiuy9m2yM4wbwM5pQyaEP38MBTTZS8RwNKRuQ8mi,5FRXwb2qsEhqDQQKcm5m2MF26xTWwW65MHTEtKFFydypuqjG,0,0,27245854570536,27245854570536
9150922,5F6aRdsBHajN2NhZHBTB6ibBFu7YuZZEWruWzB8x6B6GiZ4D,5HTeZ5168DjjGWZgbvzGfysEAj9fnexF24gYFKJHENU5cc8a,0,0,0,0
9151282,5CyQFykVpfa9xgZVGgBsiNUpjbo1EihBTSkPvDC1FZbL1wxG,5HTeZ5168DjjGWZgbvzGfysEAj9fnexF24gYFKJHENU5cc8a,25221477519,0,759861285302364,759956841381988
9151282,5FYwKoHYfiuy9m2yM4wbwM5pQyaEP38MBTTZS8RwNKRuQ8mi,5FRXwb2qsEhqDQQKcm5m2MF26xTWwW65MHTEtKFFydypuqjG,0,0,27245854570536,27245854570536
9151282,5F6aRdsBHajN2NhZHBTB6ibBFu7YuZZEWruWzB8x6B6GiZ4D,5HTeZ5168DjjGWZgbvzGfysEAj9fnexF24gYFKJHENU5cc8a,0,0,0,0
9151642,5CyQFykVpfa9xgZVGgBsiNUpjbo1EihBTSkPvDC1FZbL1wxG,5HTeZ5168DjjGWZgbvzGfysEAj9fnexF24gYFKJHENU5cc8a,25314371280,0,759956841381988,760052510746054
9151642,5FYwKoHYfiuy9m2yM4wbwM5pQyaEP38MBTTZS8RwNKRuQ8mi,5FRXwb2qsEhqDQQKcm5m2MF26xTWwW65MHTEtKFFydypuqjG,0,0,27245854570536,27245854570536
9151642,5F6aRdsBHajN2NhZHBTB6ibBFu7YuZZEWruWzB8x6B6GiZ4D,5HTeZ5168DjjGWZgbvzGfysEAj9fnexF24gYFKJHENU5cc8a,0,0,0,0
9152002,5CyQFykVpfa9xgZVGgBsiNUpjbo1EihBTSkPvDC1FZbL1wxG,5HTeZ5168DjjGWZgbvzGfysEAj9fnexF24gYFKJHENU5cc8a,25407152340,0,760052510746054,760148293257123
9152002,5FYwKoHYfiuy9m2yM4wbwM5pQyaEP38MBTTZS8RwNKRuQ8mi,5FRXwb2qsEhqDQQKcm5m2MF26xTWwW65MHTEtKFFydypuqjG,0,0,27245854570536,27245854570536
9152002,5F6aRdsBHajN2NhZHBTB6ibBFu7YuZZEWruWzB8x6B6GiZ4D,5HTeZ5168DjjGWZgbvzGfysEAj9fnexF24gYFKJHENU5cc8a,0,0,0,0
9152362,5CyQFykVpfa9xgZVGgBsiNUpjbo1EihBTSkPvDC1FZbL1wxG,5HTeZ5168DjjGWZgbvzGfysEAj9fnexF24gYFKJHENU5cc8a,25486499279,0,760148293257123,760244172532211
9152362,5FYwKoHYfiuy9m2yM4wbwM5pQyaEP38MBTTZS8RwNKRuQ8mi,5FRXwb2qsEhqDQQKcm5m2MF26xTWwW65MHTEtKFFydypuqjG,0,0,27245854570536,27245854570536
9152362,5F6aRdsBHajN2NhZHBTB6ibBFu7YuZZEWruWzB8x6B6GiZ4D,5HTeZ5168DjjGWZgbvzGfysEAj9fnexF24gYFKJHENU5cc8a,0,0,0,0
9152722,5CyQFykVpfa9xgZVGgBsiNUpjbo1EihBTSkPvDC1FZbL1wxG,5HTeZ5168DjjGWZgbvzGfysEAj9fnexF24gYFKJHENU5cc8a,25595916198,0,760244172532211,760340185241821
9152722,5FYwKoHYfiuy9m2yM4wbwM5pQyaEP38MBTTZS8RwNKRuQ8mi,5FRXwb2qsEhqDQQKcm5m2MF26xTWwW65MHTEtKFFydypuqjG,0,0,27245854570536,27245854570536
9152722,5F6aRdsBHajN2NhZHBTB6ibBFu7YuZZEWruWzB8x6B6GiZ4D,5HTeZ5168DjjGWZgbvzGfysEAj9fnexF24gYFKJHENU5cc8a,0,0,0,0
9153082,5CyQFykVpfa9xgZVGgBsiNUpjbo1EihBTSkPvDC1FZbL1wxG,5HTeZ5168DjjGWZgbvzGfysEAj9fnexF24gYFKJHENU5cc8a,25678972330,0,761130469926287,761226583923298
9153082,5FYwKoHYfiuy9m2yM4wbwM5pQyaEP38MBTTZS8RwNKRuQ8mi,5FRXwb2qsEhqDQQKcm5m2MF26xTWwW65MHTEtKFFydypuqjG,0,0,27245854570536,27245854570536
9153082,5F6aRdsBHajN2NhZHBTB6ibBFu7YuZZEWruWzB8x6B6GiZ4D,5HTeZ5168DjjGWZgbvzGfysEAj9fnexF24gYFKJHENU5cc8a,0,0,0,0
9153442,5CyQFykVpfa9xgZVGgBsiNUpjbo1EihBTSkPvDC1FZbL1wxG,5HTeZ5168DjjGWZgbvzGfysEAj9fnexF24gYFKJHENU5cc8a,25749887826,0,761226583923298,761322784402138
9153442,5FYwKoHYfiuy9m2yM4wbwM5pQyaEP38MBTTZS8RwNKRuQ8mi,5FRXwb2qsEhqDQQKcm5m2MF26xTWwW65MHTEtKFFydypuqjG,0,0,27245854570536,27245854570536
9153442,5F6aRdsBHajN2NhZHBTB6ibBFu7YuZZEWruWzB8x6B6GiZ4D,5HTeZ5168DjjGWZgbvzGfysEAj9fnexF24gYFKJHENU5cc8a,0,0,0,0
9153802,5CyQFykVpfa9xgZVGgBsiNUpjbo1EihBTSkPvDC1FZbL1wxG,5HTeZ5168DjjGWZgbvzGfysEAj9fnexF24gYFKJHENU5cc8a,25782913250,0,761322784402138,761419025155661
9153802,5FYwKoHYfiuy9m2yM4wbwM5pQyaEP38MBTTZS8RwNKRuQ8mi,5FRXwb2qsEhqDQQKcm5m2MF26xTWwW65MHTEtKFFydypuqjG,0,0,27245854570536,27245854570536
9153802,5F6aRdsBHajN2NhZHBTB6ibBFu7YuZZEWruWzB8x6B6GiZ4D,5HTeZ5168DjjGWZgbvzGfysEAj9fnexF24gYFKJHENU5cc8a,0,0,0,0
9154162,5CyQFykVpfa9xgZVGgBsiNUpjbo1EihBTSkPvDC1FZbL1wxG,5HTeZ5168DjjGWZgbvzGfysEAj9fnexF24gYFKJHENU5cc8a,25845677304,0,761419025155661,761515342450286
9154162,5FYwKoHYfiuy9m2yM4wbwM5pQyaEP38MBTTZS8RwNKRuQ8mi,5FRXwb2qsEhqDQQKcm5m2MF26xTWwW65MHTEtKFFydypuqjG,0,0,27245854570536,27245854570536
9154162,5F6aRdsBHajN2NhZHBTB6ibBFu7YuZZEWruWzB8x6B6GiZ4D,5HTeZ5168DjjGWZgbvzGfysEAj9fnexF24gYFKJHENU5cc8a,0,0,0,0
9154522,5CyQFykVpfa9xgZVGgBsiNUpjbo1EihBTSkPvDC1FZbL1wxG,5HTeZ5168DjjGWZgbvzGfysEAj9fnexF24gYFKJHENU5cc8a,25987428400,0,761515342450286,761611832611136
9154522,5FYwKoHYfiuy9m2yM4wbwM5pQyaEP38MBTTZS8RwNKRuQ8mi,5FRXwb2qsEhqDQQKcm5m2MF26xTWwW65MHTEtKFFydypuqjG,0,0,27245854570536,27245854570536
9154522,5F6aRdsBHajN2NhZHBTB6ibBFu7YuZZEWruWzB8x6B6GiZ4D,5HTeZ5168DjjGWZgbvzGfysEAj9fnexF24gYFKJHENU5cc8a,0,0,0,0
9154882,5CyQFykVpfa9xgZVGgBsiNUpjbo1EihBTSkPvDC1FZbL1wxG,5HTeZ5168DjjGWZgbvzGfysEAj9fnexF24gYFKJHENU5cc8a,26054016595,0,761611832611136,761708403976648
9154882,5FYwKoHYfiuy9m2yM4wbwM5pQyaEP38MBTTZS8RwNKRuQ8mi,5FRXwb2qsEhqDQQKcm5m2MF26xTWwW65MHTEtKFFydypuqjG,0,0,27245854570536,27245854570536
9154882,5F6aRdsBHajN2NhZHBTB6ibBFu7YuZZEWruWzB8x6B6GiZ4D,5HTeZ5168DjjGWZgbvzGfysEAj9fnexF24gYFKJHENU5cc8a,0,0,0,0
9155242,5CyQFykVpfa9xgZVGgBsiNUpjbo1EihBTSkPvDC1FZbL1wxG,5HTeZ5168DjjGWZgbvzGfysEAj9fnexF24gYFKJHENU5cc8a,26121706622,0,761708403976648,761805057890513
9155242,5FYwKoHYfiuy9m2yM4wbwM5pQyaEP38MBTTZS8RwNKRuQ8mi,5FRXwb2qsEhqDQQKcm5m2MF26xTWwW65MHTEtKFFydypuqjG,0,0,27245854570536,27245854570536
9155242,5F6aRdsBHajN2NhZHBTB6ibBFu7YuZZEWruWzB8x6B6GiZ4D,5HTeZ5168DjjGWZgbvzGfysEAj9fnexF24gYFKJHENU5cc8a,0,0,0,0
9155602,5CyQFykVpfa9xgZVGgBsiNUpjbo1EihBTSkPvDC1FZbL1wxG,5HTeZ5168DjjGWZgbvzGfysEAj9fnexF24gYFKJHENU5cc8a,26200347907,0,761805057890513,761901807707849
9155602,5FYwKoHYfiuy9m2yM4wbwM5pQyaEP38MBTTZS8RwNKRuQ8mi,5FRXwb2qsEhqDQQKcm5m2MF26xTWwW65MHTEtKFFydypuqjG,0,0,27245854570536,27245854570536
9155602,5F6aRdsBHajN2NhZHBTB6ibBFu7YuZZEWruWzB8x6B6GiZ4D,5HTeZ5168DjjGWZgbvzGfysEAj9fnexF24gYFKJHENU5cc8a,0,0,0,0
9155962,5CyQFykVpfa9xgZVGgBsiNUpjbo1EihBTSkPvDC1FZbL1wxG,5HTeZ5168DjjGWZgbvzGfysEAj9fnexF24gYFKJHENU5cc8a,26243260878,0,761901807707849,761998609857784
9155962,5FYwKoHYfiuy9m2yM4wbwM5pQyaEP38MBTTZS8RwNKRuQ8mi,5FRXwb2qsEhqDQQKcm5m2MF26xTWwW65MHTEtKFFydypuqjG,0,0,27245854570536,27245854570536
9155962,5F6aRdsBHajN2NhZHBTB6ibBFu7YuZZEWruWzB8x6B6GiZ4D,5HTeZ5168DjjGWZgbvzGfysEAj9fnexF24gYFKJHENU5cc8a,0,0,0,0
9156322,5CyQFykVpfa9xgZVGgBsiNUpjbo1EihBTSkPvDC1FZbL1wxG,5HTeZ5168DjjGWZgbvzGfysEAj9fnexF24gYFKJHENU5cc8a,26237320409,0,761998609857784,762095404763285
9156322,5FYwKoHYfiuy9m2yM4wbwM5pQyaEP38MBTTZS8RwNKRuQ8mi,5FRXwb2qsEhqDQQKcm5m2MF26xTWwW65MHTEtKFFydypuqjG,0,0,27245854570536,27245854570536
9156322,5F6aRdsBHajN2NhZHBTB6ibBFu7YuZZEWruWzB8x6B6GiZ4D,5HTeZ5168DjjGWZgbvzGfysEAj9fnexF24gYFKJHENU5cc8a,0,0,0,0
9156682,5CyQFykVpfa9xgZVGgBsiNUpjbo1EihBTSkPvDC1FZbL1wxG,5HTeZ5168DjjGWZgbvzGfysEAj9fnexF24gYFKJHENU5cc8a,26267460879,0,762095404763285,762192236425252
9156682,5FYwKoHYfiuy9m2yM4wbwM5pQyaEP38MBTTZS8RwNKRuQ8mi,5FRXwb2qsEhqDQQKcm5m2MF26xTWwW65MHTEtKFFydypuqjG,0,0,27245854570536,27245854570536
9156682,5F6aRdsBHajN2NhZHBTB6ibBFu7YuZZEWruWzB8x6B6GiZ4D,5HTeZ5168DjjGWZgbvzGfysEAj9fnexF24gYFKJHENU5cc8a,0,0,0,0
9157042,5CyQFykVpfa9xgZVGgBsiNUpjbo1EihBTSkPvDC1FZbL1wxG,5HTeZ5168DjjGWZgbvzGfysEAj9fnexF24gYFKJHENU5cc8a,26229215201,0,762192236425252,762289021446408
9157042,5FYwKoHYfiuy9m2yM4wbwM5pQyaEP38MBTTZS8RwNKRuQ8mi,5FRXwb2qsEhqDQQKcm5m2MF26xTWwW65MHTEtKFFydypuqjG,0,0,27245854570536,27245854570536
9157042,5F6aRdsBHajN2NhZHBTB6ibBFu7YuZZEWruWzB8x6B6GiZ4D,5HTeZ5168DjjGWZgbvzGfysEAj9fnexF24gYFKJHENU5cc8a,0,0,0,0
9157402,5CyQFykVpfa9xgZVGgBsiNUpjbo1EihBTSkPvDC1FZbL1wxG,5HTeZ5168DjjGWZgbvzGfysEAj9fnexF24gYFKJHENU5cc8a,26249340949,0,762289021446408,762385831011022
9157402,5FYwKoHYfiuy9m2yM4wbwM5pQyaEP38MBTTZS8RwNKRuQ8mi,5FRXwb2qsEhqDQQKcm5m2MF26xTWwW65MHTEtKFFydypuqjG,0,0,27245854570536,27245854570536
9157402,5F6aRdsBHajN2NhZHBTB6ibBFu7YuZZEWruWzB8x6B6GiZ4D,5HTeZ5168DjjGWZgbvzGfysEAj9fnexF24gYFKJHENU5cc8a,0,0,0,0
9157762,5CyQFykVpfa9xgZVGgBsiNUpjbo1EihBTSkPvDC1FZbL1wxG,5HTeZ5168DjjGWZgbvzGfysEAj9fnexF24gYFKJHENU5cc8a,26259750485,0,762385831011022,762482653270122
9157762,5FYwKoHYfiuy9m2yM4wbwM5pQyaEP38MBTTZS8RwNKRuQ8mi,5FRXwb2qsEhqDQQKcm5m2MF26xTWwW65MHTEtKFFydypuqjG,0,0,27245854570536,27245854570536
9157762,5F6aRdsBHajN2NhZHBTB6ibBFu7YuZZEWruWzB8x6B6GiZ4D,5HTeZ5168DjjGWZgbvzGfysEAj9fnexF24gYFKJHENU5cc8a,0,0,0,0
9158122,5CyQFykVpfa9xgZVGgBsiNUpjbo1EihBTSkPvDC1FZbL1wxG,5HTeZ5168DjjGWZgbvzGfysEAj9fnexF24gYFKJHENU5cc8a,26263224274,0,762482653270122,762579479765526
9158122,5FYwKoHYfiuy9m2yM4wbwM5pQyaEP38MBTTZS8RwNKRuQ8mi,5FRXwb2qsEhqDQQKcm5m2MF26xTWwW65MHTEtKFFydypuqjG,0,0,27245854570536,27245854570536
9158122,5F6aRdsBHajN2NhZHBTB6ibBFu7YuZZEWruWzB8x6B6GiZ4D,5HTeZ5168DjjGWZgbvzGfysEAj9fnexF24gYFKJHENU5cc8a,0,0,0,0
9158482,5CyQFykVpfa9xgZVGgBsiNUpjbo1EihBTSkPvDC1FZbL1wxG,5HTeZ5168DjjGWZgbvzGfysEAj9fnexF24gYFKJHENU5cc8a,26271623294,0,762579479765526,762676316503580
9158482,5FYwKoHYfiuy9m2yM4wbwM5pQyaEP38MBTTZS8RwNKRuQ8mi,5FRXwb2qsEhqDQQKcm5m2MF26xTWwW65MHTEtKFFydypuqjG,0,0,27245854570536,27245854570536
9158482,5F6aRdsBHajN2NhZHBTB6ibBFu7YuZZEWruWzB8x6B6GiZ4D,5HTeZ5168DjjGWZgbvzGfysEAj9fnexF24gYFKJHENU5cc8a,0,0,0,0
9158842,5CyQFykVpfa9xgZVGgBsiNUpjbo1EihBTSkPvDC1FZbL1wxG,5HTeZ5168DjjGWZgbvzGfysEAj9fnexF24gYFKJHENU5cc8a,26279813649,0,762676316503580,762773163229816
9158842,5FYwKoHYfiuy9m2yM4wbwM5pQyaEP38MBTTZS8RwNKRuQ8mi,5FRXwb2qsEhqDQQKcm5m2MF26xTWwW65MHTEtKFFydypuqjG,0,0,27245854570536,27245854570536
9158842,5F6aRdsBHajN2NhZHBTB6ibBFu7YuZZEWruWzB8x6B6GiZ4D,5HTeZ5168DjjGWZgbvzGfysEAj9fnexF24gYFKJHENU5cc8a,0,0,0,0
9159202,5CyQFykVpfa9xgZVGgBsiNUpjbo1EihBTSkPvDC1FZbL1wxG,5HTeZ5168DjjGWZgbvzGfysEAj9fnexF24gYFKJHENU5cc8a,26283077957,0,762773163229816,762870013936893
9159202,5FYwKoHYfiuy9m2yM4wbwM5pQyaEP38MBTTZS8RwNKRuQ8mi,5FRXwb2qsEhqDQQKcm5m2MF26xTWwW65MHTEtKFFydypuqjG,0,0,27245854570536,27245854570536
9159202,5F6aRdsBHajN2NhZHBTB6ibBFu7YuZZEWruWzB8x6B6GiZ4D,5HTeZ5168DjjGWZgbvzGfysEAj9fnexF24gYFKJHENU5cc8a,0,0,0,0
9159562,5CyQFykVpfa9xgZVGgBsiNUpjbo1EihBTSkPvDC1FZbL1wxG,5HTeZ5168DjjGWZgbvzGfysEAj9fnexF24gYFKJHENU5cc8a,26304853611,0,762870013936893,762966891199498
9159562,5FYwKoHYfiuy9m2yM4wbwM5pQyaEP38MBTTZS8RwNKRuQ8mi,5FRXwb2qsEhqDQQKcm5m2MF26xTWwW65MHTEtKFFydypuqjG,0,0,27245854570536,27245854570536
9159562,5F6aRdsBHajN2NhZHBTB6ibBFu7YuZZEWruWzB8x6B6GiZ4D,5HTeZ5168DjjGWZgbvzGfysEAj9fnexF24gYFKJHENU5cc8a,0,0,0,0
9159922,5CyQFykVpfa9xgZVGgBsiNUpjbo1EihBTSkPvDC1FZbL1wxG,5HTeZ5168DjjGWZgbvzGfysEAj9fnexF24gYFKJHENU5cc8a,26315725447,0,762966891199498,763063781720365
9159922,5FYwKoHYfiuy9m2yM4wbwM5pQyaEP38MBTTZS8RwNKRuQ8mi,5FRXwb2qsEhqDQQKcm5m2MF26xTWwW65MHTEtKFFydypuqjG,0,0,27245854570536,27245854570536
9159922,5F6aRdsBHajN2NhZHBTB6ibBFu7YuZZEWruWzB8x6B6GiZ4D,5HTeZ5168DjjGWZgbvzGfysEAj9fnexF24gYFKJHENU5cc8a,0,0,0,0
9160282,5CyQFykVpfa9xgZVGgBsiNUpjbo1EihBTSkPvDC1FZbL1wxG,5HTeZ5168DjjGWZgbvzGfysEAj9fnexF24gYFKJHENU5cc8a,26162028883,0,763063781720365,763160484807445
9160282,5FYwKoHYfiuy9m2yM4wbwM5pQyaEP38MBTTZS8RwNKRuQ8mi,5FRXwb2qsEhqDQQKcm5m2MF26xTWwW65MHTEtKFFydypuqjG,0,0,27245854570536,27245854570536
9160282,5F6aRdsBHajN2NhZHBTB6ibBFu7YuZZEWruWzB8x6B6GiZ4D,5HTeZ5168DjjGWZgbvzGfysEAj9fnexF24gYFKJHENU5cc8a,0,0,0,0
9160642,5CyQFykVpfa9xgZVGgBsiNUpjbo1EihBTSkPvDC1FZbL1wxG,5HTeZ5168DjjGWZgbvzGfysEAj9fnexF24gYFKJHENU5cc8a,26165205899,0,763054484807445,763151191768913
9160642,5FYwKoHYfiuy9m2yM4wbwM5pQyaEP38MBTTZS8RwNKRuQ8mi,5FRXwb2qsEhqDQQKcm5m2MF26xTWwW65MHTEtKFFydypuqjG,0,0,27245854570536,27245854570536
9160642,5F6aRdsBHajN2NhZHBTB6ibBFu7YuZZEWruWzB8x6B6GiZ4D,5HTeZ5168DjjGWZgbvzGfysEAj9fnexF24gYFKJHENU5cc8a,0,0,0,0
9161002,5CyQFykVpfa9xgZVGgBsiNUpjbo1EihBTSkPvDC1FZbL1wxG,5HTeZ5168DjjGWZgbvzGfysEAj9fnexF24gYFKJHENU5cc8a,26165044600,0,763151191768913,763247898533676
9161002,5FYwKoHYfiuy9m2yM4wbwM5pQyaEP38MBTTZS8RwNKRuQ8mi,5FRXwb2qsEhqDQQKcm5m2MF26xTWwW65MHTEtKFFydypuqjG,0,0,27245854570536,27245854570536
9161002,5F6aRdsBHajN2NhZHBTB6ibBFu7YuZZEWruWzB8x6B6GiZ4D,5HTeZ5168DjjGWZgbvzGfysEAj9fnexF24gYFKJHENU5cc8a,0,0,0,0
9161362,5CyQFykVpfa9xgZVGgBsiNUpjbo1EihBTSkPvDC1FZbL1wxG,5HTeZ5168DjjGWZgbvzGfysEAj9fnexF24gYFKJHENU5cc8a,26170943154,0,763247898533676,763344612491757
9161362,5FYwKoHYfiuy9m2yM4wbwM5pQyaEP38MBTTZS8RwNKRuQ8mi,5FRXwb2qsEhqDQQKcm5m2MF26xTWwW65MHTEtKFFydypuqjG,0,0,27245854570536,27245854570536
9161362,5F6aRdsBHajN2NhZHBTB6ibBFu7YuZZEWruWzB8x6B6GiZ4D,5HTeZ5168DjjGWZgbvzGfysEAj9fnexF24gYFKJHENU5cc8a,0,0,0,0
9161722,5CyQFykVpfa9xgZVGgBsiNUpjbo1EihBTSkPvDC1FZbL1wxG,5HTeZ5168DjjGWZgbvzGfysEAj9fnexF24gYFKJHENU5cc8a,26190456851,0,763344612491757,763441350246897
9161722,5FYwKoHYfiuy9m2yM4wbwM5pQyaEP38MBTTZS8RwNKRuQ8mi,5FRXwb2qsEhqDQQKcm5m2MF26xTWwW65MHTEtKFFydypuqjG,0,0,27245854570536,27245854570536
9161722,5F6aRdsBHajN2NhZHBTB6ibBFu7YuZZEWruWzB8x6B6GiZ4D,5HTeZ5168DjjGWZgbvzGfysEAj9fnexF24gYFKJHENU5cc8a,0,0,0,0
9162082,5CyQFykVpfa9xgZVGgBsiNUpjbo1EihBTSkPvDC1FZbL1wxG,5HTeZ5168DjjGWZgbvzGfysEAj9fnexF24gYFKJHENU5cc8a,26195236294,0,763441350246897,763538093830593
9162082,5FYwKoHYfiuy9m2yM4wbwM5pQyaEP38MBTTZS8RwNKRuQ8mi,5FRXwb2qsEhqDQQKcm5m2MF26xTWwW65MHTEtKFFydypuqjG,0,0,27245854570536,27245854570536
9162082,5F6aRdsBHajN2NhZHBTB6ibBFu7YuZZEWruWzB8x6B6GiZ4D,5HTeZ5168DjjGWZgbvzGfysEAj9fnexF24gYFKJHENU5cc8a,0,0,0,0
9162442,5CyQFykVpfa9xgZVGgBsiNUpjbo1EihBTSkPvDC1FZbL1wxG,5HTeZ5168DjjGWZgbvzGfysEAj9fnexF24gYFKJHENU5cc8a,26164496979,0,762733104301880,762829810398816
9162442,5FYwKoHYfiuy9m2yM4wbwM5pQyaEP38MBTTZS8RwNKRuQ8mi,5FRXwb2qsEhqDQQKcm5m2MF26xTWwW65MHTEtKFFydypuqjG,0,0,27245854570536,27245854570536
9162442,5F6aRdsBHajN2NhZHBTB6ibBFu7YuZZEWruWzB8x6B6GiZ4D,5HTeZ5168DjjGWZgbvzGfysEAj9fnexF24gYFKJHENU5cc8a,0,0,0,0
9162802,5CyQFykVpfa9xgZVGgBsiNUpjbo1EihBTSkPvDC1FZbL1wxG,5HTeZ5168DjjGWZgbvzGfysEAj9fnexF24gYFKJHENU5cc8a,26170818497,0,762829810398816,762926524204877
9162802,5FYwKoHYfiuy9m2yM4wbwM5pQyaEP38MBTTZS8RwNKRuQ8mi,5FRXwb2qsEhqDQQKcm5m2MF26xTWwW65MHTEtKFFydypuqjG,0,0,27245854570536,27245854570536
9162802,5F6aRdsBHajN2NhZHBTB6ibBFu7YuZZEWruWzB8x6B6GiZ4D,5HTeZ5168DjjGWZgbvzGfysEAj9fnexF24gYFKJHENU5cc8a,0,0,0,0
9163162,5CyQFykVpfa9xgZVGgBsiNUpjbo1EihBTSkPvDC1FZbL1wxG,5HTeZ5168DjjGWZgbvzGfysEAj9fnexF24gYFKJHENU5cc8a,26169686778,0,762926524204877,763023236630801
9163162,5FYwKoHYfiuy9m2yM4wbwM5pQyaEP38MBTTZS8RwNKRuQ8mi,5FRXwb2qsEhqDQQKcm5m2MF26xTWwW65MHTEtKFFydypuqjG,0,0,27245854570536,27245854570536
9163162,5F6aRdsBHajN2NhZHBTB6ibBFu7YuZZEWruWzB8x6B6GiZ4D,5HTeZ5168DjjGWZgbvzGfysEAj9fnexF24gYFKJHENU5cc8a,0,0,0,0
9163522,5CyQFykVpfa9xgZVGgBsiNUpjbo1EihBTSkPvDC1FZbL1wxG,5HTeZ5168DjjGWZgbvzGfysEAj9fnexF24gYFKJHENU5cc8a,26172763469,0,763023236630801,763119952808766
9163522,5FYwKoHYfiuy9m2yM4wbwM5pQyaEP38MBTTZS8RwNKRuQ8mi,5FRXwb2qsEhqDQQKcm5m2MF26xTWwW65MHTEtKFFydypuqjG,0,0,27245854570536,27245854570536
9163522,5F6aRdsBHajN2NhZHBTB6ibBFu7YuZZEWruWzB8x6B6GiZ4D,5HTeZ5168DjjGWZgbvzGfysEAj9fnexF24gYFKJHENU5cc8a,0,0,0,0
9163882,5CyQFykVpfa9xgZVGgBsiNUpjbo1EihBTSkPvDC1FZbL1wxG,5HTeZ5168DjjGWZgbvzGfysEAj9fnexF24gYFKJHENU5cc8a,26176131076,0,763119952808766,763216673093546
9163882,5FYwKoHYfiuy9m2yM4wbwM5pQyaEP38MBTTZS8RwNKRuQ8mi,5FRXwb2qsEhqDQQKcm5m2MF26xTWwW65MHTEtKFFydypuqjG,0,0,27245854570536,27245854570536
9163882,5F6aRdsBHajN2NhZHBTB6ibBFu7YuZZEWruWzB8x6B6GiZ4D,5HTeZ5168DjjGWZgbvzGfysEAj9fnexF24gYFKJHENU5cc8a,0,0,0,0
9164242,5CyQFykVpfa9xgZVGgBsiNUpjbo1EihBTSkPvDC1FZbL1wxG,5HTeZ5168DjjGWZgbvzGfysEAj9fnexF24gYFKJHENU5cc8a,26140654075,0,763216673093546,763313350113932
9164242,5FYwKoHYfiuy9m2yM4wbwM5pQyaEP38MBTTZS8RwNKRuQ8mi,5FRXwb2qsEhqDQQKcm5m2MF26xTWwW65MHTEtKFFydypuqjG,0,0,27245854570536,27245854570536
9164242,5F6aRdsBHajN2NhZHBTB6ibBFu7YuZZEWruWzB8x6B6GiZ4D,5HTeZ5168DjjGWZgbvzGfysEAj9fnexF24gYFKJHENU5cc8a,0,0,0,0
9164602,5CyQFykVpfa9xgZVGgBsiNUpjbo1EihBTSkPvDC1FZbL1wxG,5HTeZ5168DjjGWZgbvzGfysEAj9fnexF24gYFKJHENU5cc8a,26156905936,0,763313350113932,763410046953550
9164602,5FYwKoHYfiuy9m2yM4wbwM5pQyaEP38MBTTZS8RwNKRuQ8mi,5FRXwb2qsEhqDQQKcm5m2MF26xTWwW65MHTEtKFFydypuqjG,0,0,27245854570536,27245854570536
9164602,5F6aRdsBHajN2NhZHBTB6ibBFu7YuZZEWruWzB8x6B6GiZ4D,5HTeZ5168DjjGWZgbvzGfysEAj9fnexF24gYFKJHENU5cc8a,0,0,0,0
9164962,5CyQFykVpfa9xgZVGgBsiNUpjbo1EihBTSkPvDC1FZbL1wxG,5HTeZ5168DjjGWZgbvzGfysEAj9fnexF24gYFKJHENU5cc8a,26156087994,0,763410046953550,763506742795684
9164962,5FYwKoHYfiuy9m2yM4wbwM5pQyaEP38MBTTZS8RwNKRuQ8mi,5FRXwb2qsEhqDQQKcm5m2MF26xTWwW65MHTEtKFFydypuqjG,0,0,27245854570536,27245854570536
9164962,5F6aRdsBHajN2NhZHBTB6ibBFu7YuZZEWruWzB8x6B6GiZ4D,5HTeZ5168DjjGWZgbvzGfysEAj9fnexF24gYFKJHENU5cc8a,0,0,0,0
9165322,5CyQFykVpfa9xgZVGgBsiNUpjbo1EihBTSkPvDC1FZbL1wxG,5HTeZ5168DjjGWZgbvzGfysEAj9fnexF24gYFKJHENU5cc8a,26235926318,0,763506742795684,763603536001084
9165322,5FYwKoHYfiuy9m2yM4wbwM5pQyaEP38MBTTZS8RwNKRuQ8mi,5FRXwb2qsEhqDQQKcm5m2MF26xTWwW65MHTEtKFFydypuqjG,0,0,27245854570536,27245854570536
9165322,5F6aRdsBHajN2NhZHBTB6ibBFu7YuZZEWruWzB8x6B6GiZ4D,5HTeZ5168DjjGWZgbvzGfysEAj9fnexF24gYFKJHENU5cc8a,0,0,0,0
9165682,5CyQFykVpfa9xgZVGgBsiNUpjbo1EihBTSkPvDC1FZbL1wxG,5HTeZ5168DjjGWZgbvzGfysEAj9fnexF24gYFKJHENU5cc8a,26225099176,0,764549320254435,764646100256077
9165682,5FYwKoHYfiuy9m2yM4wbwM5pQyaEP38MBTTZS8RwNKRuQ8mi,5FRXwb2qsEhqDQQKcm5m2MF26xTWwW65MHTEtKFFydypuqjG,0,0,27245854570536,27245854570536
9165682,5F6aRdsBHajN2NhZHBTB6ibBFu7YuZZEWruWzB8x6B6GiZ4D,5HTeZ5168DjjGWZgbvzGfysEAj9fnexF24gYFKJHENU5cc8a,0,0,0,0
9166042,5CyQFykVpfa9xgZVGgBsiNUpjbo1EihBTSkPvDC1FZbL1wxG,5HTeZ5168DjjGWZgbvzGfysEAj9fnexF24gYFKJHENU5cc8a,26241172487,0,764646100256077,764742899859208
9166042,5FYwKoHYfiuy9m2yM4wbwM5pQyaEP38MBTTZS8RwNKRuQ8mi,5FRXwb2qsEhqDQQKcm5m2MF26xTWwW65MHTEtKFFydypuqjG,0,0,27245854570536,27245854570536
9166042,5F6aRdsBHajN2NhZHBTB6ibBFu7YuZZEWruWzB8x6B6GiZ4D,5HTeZ5168DjjGWZgbvzGfysEAj9fnexF24gYFKJHENU5cc8a,0,0,0,0
9166402,5CyQFykVpfa9xgZVGgBsiNUpjbo1EihBTSkPvDC1FZbL1wxG,5HTeZ5168DjjGWZgbvzGfysEAj9fnexF24gYFKJHENU5cc8a,26231931719,0,764742899859208,764839688193173
9166402,5FYwKoHYfiuy9m2yM4wbwM5pQyaEP38MBTTZS8RwNKRuQ8mi,5FRXwb2qsEhqDQQKcm5m2MF26xTWwW65MHTEtKFFydypuqjG,0,0,27245854570536,27245854570536
9166402,5F6aRdsBHajN2NhZHBTB6ibBFu7YuZZEWruWzB8x6B6GiZ4D,5HTeZ5168DjjGWZgbvzGfysEAj9fnexF24gYFKJHENU5cc8a,0,0,0,0
9166762,5CyQFykVpfa9xgZVGgBsiNUpjbo1EihBTSkPvDC1FZbL1wxG,5HTeZ5168DjjGWZgbvzGfysEAj9fnexF24gYFKJHENU5cc8a,26213778751,0,764839688193173,764936454389495
9166762,5FYwKoHYfiuy9m2yM4wbwM5pQyaEP38MBTTZS8RwNKRuQ8mi,5FRXwb2qsEhqDQQKcm5m2MF26xTWwW65MHTEtKFFydypuqjG,0,0,27245854570536,27245854570536
9166762,5F6aRdsBHajN2NhZHBTB6ibBFu7YuZZEWruWzB8x6B6GiZ4D,5HTeZ5168DjjGWZgbvzGfysEAj9fnexF24gYFKJHENU5cc8a,0,0,0,0
9167122,5CyQFykVpfa9xgZVGgBsiNUpjbo1EihBTSkPvDC1FZbL1wxG,5HTeZ5168DjjGWZgbvzGfysEAj9fnexF24gYFKJHENU5cc8a,26181565963,0,764936454389495,765033181302149
9167122,5FYwKoHYfiuy9m2yM4wbwM5pQyaEP38MBTTZS8RwNKRuQ8mi,5FRXwb2qsEhqDQQKcm5m2MF26xTWwW65MHTEtKFFydypuqjG,0,0,27245854570536,27245854570536
9167122,5F6aRdsBHajN2NhZHBTB6ibBFu7YuZZEWruWzB8x6B6GiZ4D,5HTeZ5168DjjGWZgbvzGfysEAj9fnexF24gYFKJHENU5cc8a,0,0,0,0
9167482,5CyQFykVpfa9xgZVGgBsiNUpjbo1EihBTSkPvDC1FZbL1wxG,5HTeZ5168DjjGWZgbvzGfysEAj9fnexF24gYFKJHENU5cc8a,26328491897,0,765033181302149,765130087391771
9167482,5FYwKoHYfiuy9m2yM4wbwM5pQyaEP38MBTTZS8RwNKRuQ8mi,5FRXwb2qsEhqDQQKcm5m2MF26xTWwW65MHTEtKFFydypuqjG,0,0,27245854570536,27245854570536
9167482,5F6aRdsBHajN2NhZHBTB6ibBFu7YuZZEWruWzB8x6B6GiZ4D,5HTeZ5168DjjGWZgbvzGfysEAj9fnexF24gYFKJHENU5cc8a,0,0,0,0
9167842,5CyQFykVpfa9xgZVGgBsiNUpjbo1EihBTSkPvDC1FZbL1wxG,5HTeZ5168DjjGWZgbvzGfysEAj9fnexF24gYFKJHENU5cc8a,26356633273,0,765130087391771,765227027799953
9167842,5FYwKoHYfiuy9m2yM4wbwM5pQyaEP38MBTTZS8RwNKRuQ8mi,5FRXwb2qsEhqDQQKcm5m2MF26xTWwW65MHTEtKFFydypuqjG,0,0,27245854570536,27245854570536
9167842,5F6aRdsBHajN2NhZHBTB6ibBFu7YuZZEWruWzB8x6B6GiZ4D,5HTeZ5168DjjGWZgbvzGfysEAj9fnexF24gYFKJHENU5cc8a,0,0,0,0
9168202,5CyQFykVpfa9xgZVGgBsiNUpjbo1EihBTSkPvDC1FZbL1wxG,5HTeZ5168DjjGWZgbvzGfysEAj9fnexF24gYFKJHENU5cc8a,26384846286,0,765227027799953,765324002614056
9168202,5FYwKoHYfiuy9m2yM4wbwM5pQyaEP38MBTTZS8RwNKRuQ8mi,5FRXwb2qsEhqDQQKcm5m2MF26xTWwW65MHTEtKFFydypuqjG,0,0,27245854570536,27245854570536
9168202,5F6aRdsBHajN2NhZHBTB6ibBFu7YuZZEWruWzB8x6B6GiZ4D,5HTeZ5168DjjGWZgbvzGfysEAj9fnexF24gYFKJHENU5cc8a,0,0,0,0
9168562,5CyQFykVpfa9xgZVGgBsiNUpjbo1EihBTSkPvDC1FZbL1wxG,5HTeZ5168DjjGWZgbvzGfysEAj9fnexF24gYFKJHENU5cc8a,26323573160,0,765324002614056,765420902705252
9168562,5FYwKoHYfiuy9m2yM4wbwM5pQyaEP38MBTTZS8RwNKRuQ8mi,5FRXwb2qsEhqDQQKcm5m2MF26xTWwW65MHTEtKFFydypuqjG,0,0,27245854570536,27245854570536
9168562,5F6aRdsBHajN2NhZHBTB6ibBFu7YuZZEWruWzB8x6B6GiZ4D,5HTeZ5168DjjGWZgbvzGfysEAj9fnexF24gYFKJHENU5cc8a,0,0,0,0
9168922,5CyQFykVpfa9xgZVGgBsiNUpjbo1EihBTSkPvDC1FZbL1wxG,5HTeZ5168DjjGWZgbvzGfysEAj9fnexF24gYFKJHENU5cc8a,26338915528,0,765420902705252,765517821506548
9168922,5FYwKoHYfiuy9m2yM4wbwM5pQyaEP38MBTTZS8RwNKRuQ8mi,5FRXwb2qsEhqDQQKcm5m2MF26xTWwW65MHTEtKFFydypuqjG,0,0,27245854570536,27245854570536
9168922,5F6aRdsBHajN2NhZHBTB6ibBFu7YuZZEWruWzB8x6B6GiZ4D,5HTeZ5168DjjGWZgbvzGfysEAj9fnexF24gYFKJHENU5cc8a,0,0,0,0
9169282,5CyQFykVpfa9xgZVGgBsiNUpjbo1EihBTSkPvDC1FZbL1wxG,5HTeZ5168DjjGWZgbvzGfysEAj9fnexF24gYFKJHENU5cc8a,26336932832,0,765517821506548,765614737889936
9169282,5FYwKoHYfiuy9m2yM4wbwM5pQyaEP38MBTTZS8RwNKRuQ8mi,5FRXwb2qsEhqDQQKcm5m2MF26xTWwW65MHTEtKFFydypuqjG,0,0,27245854570536,27245854570536
9169282,5F6aRdsBHajN2NhZHBTB6ibBFu7YuZZEWruWzB8x6B6GiZ4D,5HTeZ5168DjjGWZgbvzGfysEAj9fnexF24gYFKJHENU5cc8a,0,0,0,0
9169642,5CyQFykVpfa9xgZVGgBsiNUpjbo1EihBTSkPvDC1FZbL1wxG,5HTeZ5168DjjGWZgbvzGfysEAj9fnexF24gYFKJHENU5cc8a,26360744289,0,765614737889936,765711683311524
9169642,5FYwKoHYfiuy9m2yM4wbwM5pQyaEP38MBTTZS8RwNKRuQ8mi,5FRXwb2qsEhqDQQKcm5m2MF26xTWwW65MHTEtKFFydypuqjG,0,0,27245854570536,27245854570536
9169642,5F6aRdsBHajN2NhZHBTB6ibBFu7YuZZEWruWzB8x6B6GiZ4D,5HTeZ5168DjjGWZgbvzGfysEAj9fnexF24gYFKJHENU5cc8a,0,0,0,0
9170002,5CyQFykVpfa9xgZVGgBsiNUpjbo1EihBTSkPvDC1FZbL1wxG,5HTeZ5168DjjGWZgbvzGfysEAj9fnexF24gYFKJHENU5cc8a,26373546280,0,765711683311524,765808644345209
9170002,5FYwKoHYfiuy9m2yM4wbwM5pQyaEP38MBTTZS8RwNKRuQ8mi,5FRXwb2qsEhqDQQKcm5m2MF26xTWwW65MHTEtKFFydypuqjG,0,0,27245854570536,27245854570536
9170002,5F6aRdsBHajN2NhZHBTB6ibBFu7YuZZEWruWzB8x6B6GiZ4D,5HTeZ5168DjjGWZgbvzGfysEAj9fnexF24gYFKJHENU5cc8a,0,0,0,0
9170362,5CyQFykVpfa9xgZVGgBsiNUpjbo1EihBTSkPvDC1FZbL1wxG,5HTeZ5168DjjGWZgbvzGfysEAj9fnexF24gYFKJHENU5cc8a,26364936417,0,765808644345209,765905594879119
9170362,5FYwKoHYfiuy9m2yM4wbwM5pQyaEP38MBTTZS8RwNKRuQ8mi,5FRXwb2qsEhqDQQKcm5m2MF26xTWwW65MHTEtKFFydypuqjG,0,0,27245854570536,27245854570536
9170362,5F6aRdsBHajN2NhZHBTB6ibBFu7YuZZEWruWzB8x6B6GiZ4D,5HTeZ5168DjjGWZgbvzGfysEAj9fnexF24gYFKJHENU5cc8a,0,0,0,0
9170722,5CyQFykVpfa9xgZVGgBsiNUpjbo1EihBTSkPvDC1FZbL1wxG,5HTeZ5168DjjGWZgbvzGfysEAj9fnexF24gYFKJHENU5cc8a,26370093564,0,765905594879119,766002551702198
9170722,5FYwKoHYfiuy9m2yM4wbwM5pQyaEP38MBTTZS8RwNKRuQ8mi,5FRXwb2qsEhqDQQKcm5m2MF26xTWwW65MHTEtKFFydypuqjG,0,0,27245854570536,27245854570536
9170722,5F6aRdsBHajN2NhZHBTB6ibBFu7YuZZEWruWzB8x6B6GiZ4D,5HTeZ5168DjjGWZgbvzGfysEAj9fnexF24gYFKJHENU5cc8a,0,0,0,0
9171082,5CyQFykVpfa9xgZVGgBsiNUpjbo1EihBTSkPvDC1FZbL1wxG,5HTeZ5168DjjGWZgbvzGfysEAj9fnexF24gYFKJHENU5cc8a,26377866403,0,766002551702198,766099518004296
9171082,5FYwKoHYfiuy9m2yM4wbwM5pQyaEP38MBTTZS8RwNKRuQ8mi,5FRXwb2qsEhqDQQKcm5m2MF26xTWwW65MHTEtKFFydypuqjG,0,0,27245854570536,27245854570536
9171082,5F6aRdsBHajN2NhZHBTB6ibBFu7YuZZEWruWzB8x6B6GiZ4D,5HTeZ5168DjjGWZgbvzGfysEAj9fnexF24gYFKJHENU5cc8a,0,0,0,0
9171442,5CyQFykVpfa9xgZVGgBsiNUpjbo1EihBTSkPvDC1FZbL1wxG,5HTeZ5168DjjGWZgbvzGfysEAj9fnexF24gYFKJHENU5cc8a,26375597018,0,766099518004296,766196481538867
9171442,5FYwKoHYfiuy9m2yM4wbwM5pQyaEP38MBTTZS8RwNKRuQ8mi,5FRXwb2qsEhqDQQKcm5m2MF26xTWwW65MHTEtKFFydypuqjG,0,0,27245854570536,27245854570536
9171442,5F6aRdsBHajN2NhZHBTB6ibBFu7YuZZEWruWzB8x6B6GiZ4D,5HTeZ5168DjjGWZgbvzGfysEAj9fnexF24gYFKJHENU5cc8a,0,0,0,0
9171802,5CyQFykVpfa9xgZVGgBsiNUpjbo1EihBTSkPvDC1FZbL1wxG,5HTeZ5168DjjGWZgbvzGfysEAj9fnexF24gYFKJHENU5cc8a,26381767756,0,766196481538867,766293452598686
9171802,5FYwKoHYfiuy9m2yM4wbwM5pQyaEP38MBTTZS8RwNKRuQ8mi,5FRXwb2qsEhqDQQKcm5m2MF26xTWwW65MHTEtKFFydypuqjG,0,0,27245854570536,27245854570536
9171802,5F6aRdsBHajN2NhZHBTB6ibBFu7YuZZEWruWzB8x6B6GiZ4D,5HTeZ5168DjjGWZgbvzGfysEAj9fnexF24gYFKJHENU5cc8a,0,0,0,0
9172162,5CyQFykVpfa9xgZVGgBsiNUpjbo1EihBTSkPvDC1FZbL1wxG,5HTeZ5168DjjGWZgbvzGfysEAj9fnexF24gYFKJHENU5cc8a,26388235096,0,766293452598686,766390431545461
9172162,5FYwKoHYfiuy9m2yM4wbwM5pQyaEP38MBTTZS8RwNKRuQ8mi,5FRXwb2qsEhqDQQKcm5m2MF26xTWwW65MHTEtKFFydypuqjG,0,0,27245854570536,27245854570536
9172162,5F6aRdsBHajN2NhZHBTB6ibBFu7YuZZEWruWzB8x6B6GiZ4D,5HTeZ5168DjjGWZgbvzGfysEAj9fnexF24gYFKJHENU5cc8a,0,0,0,0
9172522,5CyQFykVpfa9xgZVGgBsiNUpjbo1EihBTSkPvDC1FZbL1wxG,5HTeZ5168DjjGWZgbvzGfysEAj9fnexF24gYFKJHENU5cc8a,26544166618,0,766390431545461,766487600651567
9172522,5FYwKoHYfiuy9m2yM4wbwM5pQyaEP38MBTTZS8RwNKRuQ8mi,5FRXwb2qsEhqDQQKcm5m2MF26xTWwW65MHTEtKFFydypuqjG,0,0,27245854570536,27245854570536
9172522,5F6aRdsBHajN2NhZHBTB6ibBFu7YuZZEWruWzB8x6B6GiZ4D,5HTeZ5168DjjGWZgbvzGfysEAj9fnexF24gYFKJHENU5cc8a,0,0,0,0
9172882,5CyQFykVpfa9xgZVGgBsiNUpjbo1EihBTSkPvDC1FZbL1wxG,5HTeZ5168DjjGWZgbvzGfysEAj9fnexF24gYFKJHENU5cc8a,26532102013,0,766487600651567,766584755044822
9172882,5FYwKoHYfiuy9m2yM4wbwM5pQyaEP38MBTTZS8RwNKRuQ8mi,5FRXwb2qsEhqDQQKcm5m2MF26xTWwW65MHTEtKFFydypuqjG,0,0,27245854570536,27245854570536
9172882,5F6aRdsBHajN2NhZHBTB6ibBFu7YuZZEWruWzB8x6B6GiZ4D,5HTeZ5168DjjGWZgbvzGfysEAj9fnexF24gYFKJHENU5cc8a,0,0,0,0
9173242,5CyQFykVpfa9xgZVGgBsiNUpjbo1EihBTSkPvDC1FZbL1wxG,5HTeZ5168DjjGWZgbvzGfysEAj9fnexF24gYFKJHENU5cc8a,26526488297,0,766584755044822,766681902592120
9173242,5FYwKoHYfiuy9m2yM4wbwM5pQyaEP38MBTTZS8RwNKRuQ8mi,5FRXwb2qsEhqDQQKcm5m2MF26xTWwW65MHTEtKFFydypuqjG,0,0,27245854570536,27245854570536
9173242,5F6aRdsBHajN2NhZHBTB6ibBFu7YuZZEWruWzB8x6B6GiZ4D,5HTeZ5168DjjGWZgbvzGfysEAj9fnexF24gYFKJHENU5cc8a,0,0,0,0
9173602,5CyQFykVpfa9xgZVGgBsiNUpjbo1EihBTSkPvDC1FZbL1wxG,5HTeZ5168DjjGWZgbvzGfysEAj9fnexF24gYFKJHENU5cc8a,26445260787,0,766681902592120,766778951082032
9173602,5FYwKoHYfiuy9m2yM4wbwM5pQyaEP38MBTTZS8RwNKRuQ8mi,5FRXwb2qsEhqDQQKcm5m2MF26xTWwW65MHTEtKFFydypuqjG,0,0,27245854570536,27245854570536
9173602,5F6aRdsBHajN2NhZHBTB6ibBFu7YuZZEWruWzB8x6B6GiZ4D,5HTeZ5168DjjGWZgbvzGfysEAj9fnexF24gYFKJHENU5cc8a,0,0,0,0
9173962,5CyQFykVpfa9xgZVGgBsiNUpjbo1EihBTSkPvDC1FZbL1wxG,5HTeZ5168DjjGWZgbvzGfysEAj9fnexF24gYFKJHENU5cc8a,26413032108,0,766778951082032,766875960268897
9173962,5FYwKoHYfiuy9m2yM4wbwM5pQyaEP38MBTTZS8RwNKRuQ8mi,5FRXwb2qsEhqDQQKcm5m2MF26xTWwW65MHTEtKFFydypuqjG,0,0,27245854570536,27245854570536
9173962,5F6aRdsBHajN2NhZHBTB6ibBFu7YuZZEWruWzB8x6B6GiZ4D,5HTeZ5168DjjGWZgbvzGfysEAj9fnexF24gYFKJHENU5cc8a,0,0,0,0
9174322,5CyQFykVpfa9xgZVGgBsiNUpjbo1EihBTSkPvDC1FZbL1wxG,5HTeZ5168DjjGWZgbvzGfysEAj9fnexF24gYFKJHENU5cc8a,26396036657,0,766875960268897,766972948729717
9174322,5FYwKoHYfiuy9m2yM4wbwM5pQyaEP38MBTTZS8RwNKRuQ8mi,5FRXwb2qsEhqDQQKcm5m2MF26xTWwW65MHTEtKFFydypuqjG,0,0,27245854570536,27245854570536
9174322,5F6aRdsBHajN2NhZHBTB6ibBFu7YuZZEWruWzB8x6B6GiZ4D,5HTeZ5168DjjGWZgbvzGfysEAj9fnexF24gYFKJHENU5cc8a,0,0,0,0
9174682,5CyQFykVpfa9xgZVGgBsiNUpjbo1EihBTSkPvDC1FZbL1wxG,5HTeZ5168DjjGWZgbvzGfysEAj9fnexF24gYFKJHENU5cc8a,26387295038,0,766972948729717,767069926530086
9174682,5FYwKoHYfiuy9m2yM4wbwM5pQyaEP38MBTTZS8RwNKRuQ8mi,5FRXwb2qsEhqDQQKcm5m2MF26xTWwW65MHTEtKFFydypuqjG,0,0,27245854570536,27245854570536
9174682,5F6aRdsBHajN2NhZHBTB6ibBFu7YuZZEWruWzB8x6B6GiZ4D,5HTeZ5168DjjGWZgbvzGfysEAj9fnexF24gYFKJHENU5cc8a,0,0,0,0
9175042,5CyQFykVpfa9xgZVGgBsiNUpjbo1EihBTSkPvDC1FZbL1wxG,5HTeZ5168DjjGWZgbvzGfysEAj9fnexF24gYFKJHENU5cc8a,26368880624,0,767484081513512,767581036857404
9175042,5FYwKoHYfiuy9m2yM4wbwM5pQyaEP38MBTTZS8RwNKRuQ8mi,5FRXwb2qsEhqDQQKcm5m2MF26xTWwW65MHTEtKFFydypuqjG,0,0,27245854570536,27245854570536
9175042,5F6aRdsBHajN2NhZHBTB6ibBFu7YuZZEWruWzB8x6B6GiZ4D,5HTeZ5168DjjGWZgbvzGfysEAj9fnexF24gYFKJHENU5cc8a,0,0,0,0
9175402,5CyQFykVpfa9xgZVGgBsiNUpjbo1EihBTSkPvDC1FZbL1wxG,5HTeZ5168DjjGWZgbvzGfysEAj9fnexF24gYFKJHENU5cc8a,26356670766,0,767581036857404,767677977311309
9175402,5FYwKoHYfiuy9m2yM4wbwM5pQyaEP38MBTTZS8RwNKRuQ8mi,5FRXwb2qsEhqDQQKcm5m2MF26xTWwW65MHTEtKFFydypuqjG,0,0,27245854570536,27245854570536
9175402,5F6aRdsBHajN2NhZHBTB6ibBFu7YuZZEWruWzB8x6B6GiZ4D,5HTeZ5168DjjGWZgbvzGfysEAj9fnexF24gYFKJHENU5cc8a,0,0,0,0
9175762,5CyQFykVpfa9xgZVGgBsiNUpjbo1EihBTSkPvDC1FZbL1wxG,5HTeZ5168DjjGWZgbvzGfysEAj9fnexF24gYFKJHENU5cc8a,26347908161,0,767677977311309,767774907079170
9175762,5FYwKoHYfiuy9m2yM4wbwM5pQyaEP38MBTTZS8RwNKRuQ8mi,5FRXwb2qsEhqDQQKcm5m2MF26xTWwW65MHTEtKFFydypuqjG,0,0,27245854570536,27245854570536
9175762,5F6aRdsBHajN2NhZHBTB6ibBFu7YuZZEWruWzB8x6B6GiZ4D,5HTeZ5168DjjGWZgbvzGfysEAj9fnexF24gYFKJHENU5cc8a,0,0,0,0
9176122,5CyQFykVpfa9xgZVGgBsiNUpjbo1EihBTSkPvDC1FZbL1wxG,5HTeZ5168DjjGWZgbvzGfysEAj9fnexF24gYFKJHENU5cc8a,26351228097,0,767774907079170,767871840895710
9176122,5FYwKoHYfiuy9m2yM4wbwM5pQyaEP38MBTTZS8RwNKRuQ8mi,5FRXwb2qsEhqDQQKcm5m2MF26xTWwW65MHTEtKFFydypuqjG,0,0,27245854570536,27245854570536
9176122,5F6aRdsBHajN2NhZHBTB6ibBFu7YuZZEWruWzB8x6B6GiZ4D,5HTeZ5168DjjGWZgbvzGfysEAj9fnexF24gYFKJHENU5cc8a,0,0,0,0
9176482,5CyQFykVpfa9xgZVGgBsiNUpjbo1EihBTSkPvDC1FZbL1wxG,5HTeZ5168DjjGWZgbvzGfysEAj9fnexF24gYFKJHENU5cc8a,26349066593,0,767871840895710,767968772076284
9176482,5FYwKoHYfiuy9m2yM4wbwM5pQyaEP38MBTTZS8RwNKRuQ8mi,5FRXwb2qsEhqDQQKcm5m2MF26xTWwW65MHTEtKFFydypuqjG,0,0,27245854570536,27245854570536
9176482,5F6aRdsBHajN2NhZHBTB6ibBFu7YuZZEWruWzB8x6B6GiZ4D,5HTeZ5168DjjGWZgbvzGfysEAj9fnexF24gYFKJHENU5cc8a,0,0,0,0
9176842,5CyQFykVpfa9xgZVGgBsiNUpjbo1EihBTSkPvDC1FZbL1wxG,5HTeZ5168DjjGWZgbvzGfysEAj9fnexF24gYFKJHENU5cc8a,26355236343,0,767968772076284,768065710780902
9176842,5FYwKoHYfiuy9m2yM4wbwM5pQyaEP38MBTTZS8RwNKRuQ8mi,5FRXwb2qsEhqDQQKcm5m2MF26xTWwW65MHTEtKFFydypuqjG,0,0,27245854570536,27245854570536
9176842,5F6aRdsBHajN2NhZHBTB6ibBFu7YuZZEWruWzB8x6B6GiZ4D,5HTeZ5168DjjGWZgbvzGfysEAj9fnexF24gYFKJHENU5cc8a,0,0,0,0
9177202,5CyQFykVpfa9xgZVGgBsiNUpjbo1EihBTSkPvDC1FZbL1wxG,5HTeZ5168DjjGWZgbvzGfysEAj9fnexF24gYFKJHENU5cc8a,26354134499,0,768065710780902,768162648141815
9177202,5FYwKoHYfiuy9m2yM4wbwM5pQyaEP38MBTTZS8RwNKRuQ8mi,5FRXwb2qsEhqDQQKcm5m2MF26xTWwW65MHTEtKFFydypuqjG,0,0,27245854570536,27245854570536
9177202,5F6aRdsBHajN2NhZHBTB6ibBFu7YuZZEWruWzB8x6B6GiZ4D,5HTeZ5168DjjGWZgbvzGfysEAj9fnexF24gYFKJHENU5cc8a,0,0,0,0
9177562,5CyQFykVpfa9xgZVGgBsiNUpjbo1EihBTSkPvDC1FZbL1wxG,5HTeZ5168DjjGWZgbvzGfysEAj9fnexF24gYFKJHENU5cc8a,26351710607,0,767748393642951,767845328047915
9177562,5FYwKoHYfiuy9m2yM4wbwM5pQyaEP38MBTTZS8RwNKRuQ8mi,5FRXwb2qsEhqDQQKcm5m2MF26xTWwW65MHTEtKFFydypuqjG,0,0,27245854570536,27245854570536
9177562,5F6aRdsBHajN2NhZHBTB6ibBFu7YuZZEWruWzB8x6B6GiZ4D,5HTeZ5168DjjGWZgbvzGfysEAj9fnexF24gYFKJHENU5cc8a,0,0,0,0
9177922,5CyQFykVpfa9xgZVGgBsiNUpjbo1EihBTSkPvDC1FZbL1wxG,5HTeZ5168DjjGWZgbvzGfysEAj9fnexF24gYFKJHENU5cc8a,26337730230,0,767845328047915,767942245403734
9177922,5FYwKoHYfiuy9m2yM4wbwM5pQyaEP38MBTTZS8RwNKRuQ8mi,5FRXwb2qsEhqDQQKcm5m2MF26xTWwW65MHTEtKFFydypuqjG,0,0,27245854570536,27245854570536
9177922,5F6aRdsBHajN2NhZHBTB6ibBFu7YuZZEWruWzB8x6B6GiZ4D,5HTeZ5168DjjGWZgbvzGfysEAj9fnexF24gYFKJHENU5cc8a,0,0,0,0
9178282,5CyQFykVpfa9xgZVGgBsiNUpjbo1EihBTSkPvDC1FZbL1wxG,5HTeZ5168DjjGWZgbvzGfysEAj9fnexF24gYFKJHENU5cc8a,26333301402,0,767942245403734,768039157358573
9178282,5FYwKoHYfiuy9m2yM4wbwM5pQyaEP38MBTTZS8RwNKRuQ8mi,5FRXwb2qsEhqDQQKcm5m2MF26xTWwW65MHTEtKFFydypuqjG,0,0,27245854570536,27245854570536
9178282,5F6aRdsBHajN2NhZHBTB6ibBFu7YuZZEWruWzB8x6B6GiZ4D,5HTeZ5168DjjGWZgbvzGfysEAj9fnexF24gYFKJHENU5cc8a,0,0,0,0
9178642,5CyQFykVpfa9xgZVGgBsiNUpjbo1EihBTSkPvDC1FZbL1wxG,5HTeZ5168DjjGWZgbvzGfysEAj9fnexF24gYFKJHENU5cc8a,26329581808,0,768039157358573,768136064777347
9178642,5FYwKoHYfiuy9m2yM4wbwM5pQyaEP38MBTTZS8RwNKRuQ8mi,5FRXwb2qsEhqDQQKcm5m2MF26xTWwW65MHTEtKFFydypuqjG,0,0,27245854570536,27245854570536
9178642,5F6aRdsBHajN2NhZHBTB6ibBFu7YuZZEWruWzB8x6B6GiZ4D,5HTeZ5168DjjGWZgbvzGfysEAj9fnexF24gYFKJHENU5cc8a,0,0,0,0
9179002,5CyQFykVpfa9xgZVGgBsiNUpjbo1EihBTSkPvDC1FZbL1wxG,5HTeZ5168DjjGWZgbvzGfysEAj9fnexF24gYFKJHENU5cc8a,26325999018,0,768136064777347,768232967826890
9179002,5FYwKoHYfiuy9m2yM4wbwM5pQyaEP38MBTTZS8RwNKRuQ8mi,5FRXwb2qsEhqDQQKcm5m2MF26xTWwW65MHTEtKFFydypuqjG,0,0,27245854570536,27245854570536
9179002,5F6aRdsBHajN2NhZHBTB6ibBFu7YuZZEWruWzB8x6B6GiZ4D,5HTeZ5168DjjGWZgbvzGfysEAj9fnexF24gYFKJHENU5cc8a,0,0,0,0
9179362,5CyQFykVpfa9xgZVGgBsiNUpjbo1EihBTSkPvDC1FZbL1wxG,5HTeZ5168DjjGWZgbvzGfysEAj9fnexF24gYFKJHENU5cc8a,26322927698,0,768232967826890,768329867130941
9179362,5FYwKoHYfiuy9m2yM4wbwM5pQyaEP38MBTTZS8RwNKRuQ8mi,5FRXwb2qsEhqDQQKcm5m2MF26xTWwW65MHTEtKFFydypuqjG,0,0,27245854570536,27245854570536
9179362,5F6aRdsBHajN2NhZHBTB6ibBFu7YuZZEWruWzB8x6B6GiZ4D,5HTeZ5168DjjGWZgbvzGfysEAj9fnexF24gYFKJHENU5cc8a,0,0,0,0
9179722,5CyQFykVpfa9xgZVGgBsiNUpjbo1EihBTSkPvDC1FZbL1wxG,5HTeZ5168DjjGWZgbvzGfysEAj9fnexF24gYFKJHENU5cc8a,26316108905,0,768329867130941,768426758119438
9179722,5FYwKoHYfiuy9m2yM4wbwM5pQyaEP38MBTTZS8RwNKRuQ8mi,5FRXwb2qsEhqDQQKcm5m2MF26xTWwW65MHTEtKFFydypuqjG,0,0,27245854570536,27245854570536
9179722,5F6aRdsBHajN2NhZHBTB6ibBFu7YuZZEWruWzB8x6B6GiZ4D,5HTeZ5168DjjGWZgbvzGfysEAj9fnexF24gYFKJHENU5cc8a,0,0,0,0
9180082,5CyQFykVpfa9xgZVGgBsiNUpjbo1EihBTSkPvDC1FZbL1wxG,5HTeZ5168DjjGWZgbvzGfysEAj9fnexF24gYFKJHENU5cc8a,26311704707,0,768426758119438,768523643736991
9180082,5FYwKoHYfiuy9m2yM4wbwM5pQyaEP38MBTTZS8RwNKRuQ8mi,5FRXwb2qsEhqDQQKcm5m2MF26xTWwW65MHTEtKFFydypuqjG,0,0,27245854570536,27245854570536
9180082,5F6aRdsBHajN2NhZHBTB6ibBFu7YuZZEWruWzB8x6B6GiZ4D,5HTeZ5168DjjGWZgbvzGfysEAj9fnexF24gYFKJHENU5cc8a,0,0,0,0
9180442,5CyQFykVpfa9xgZVGgBsiNUpjbo1EihBTSkPvDC1FZbL1wxG,5HTeZ5168DjjGWZgbvzGfysEAj9fnexF24gYFKJHENU5cc8a,26318448064,0,768523643736991,768620537578105
9180442,5FYwKoHYfiuy9m2yM4wbwM5pQyaEP38MBTTZS8RwNKRuQ8mi,5FRXwb2qsEhqDQQKcm5m2MF26xTWwW65MHTEtKFFydypuqjG,0,0,27245854570536,27245854570536
9180442,5F6aRdsBHajN2NhZHBTB6ibBFu7YuZZEWruWzB8x6B6GiZ4D,5HTeZ5168DjjGWZgbvzGfysEAj9fnexF24gYFKJHENU5cc8a,0,0,0,0
9180802,5CyQFykVpfa9xgZVGgBsiNUpjbo1EihBTSkPvDC1FZbL1wxG,5HTeZ5168DjjGWZgbvzGfysEAj9fnexF24gYFKJHENU5cc8a,26289166740,0,768620537578105,768717395710486
9180802,5FYwKoHYfiuy9m2yM4wbwM5pQyaEP38MBTTZS8RwNKRuQ8mi,5FRXwb2qsEhqDQQKcm5m2MF26xTWwW65MHTEtKFFydypuqjG,0,0,27245854570536,27245854570536
9180802,5F6aRdsBHajN2NhZHBTB6ibBFu7YuZZEWruWzB8x6B6GiZ4D,5HTeZ5168DjjGWZgbvzGfysEAj9fnexF24gYFKJHENU5cc8a,0,0,0,0
9181162,5CyQFykVpfa9xgZVGgBsiNUpjbo1EihBTSkPvDC1FZbL1wxG,5HTeZ5168DjjGWZgbvzGfysEAj9fnexF24gYFKJHENU5cc8a,26293961090,0,768717395710486,768814259689603
9181162,5FYwKoHYfiuy9m2yM4wbwM5pQyaEP38MBTTZS8RwNKRuQ8mi,5FRXwb2qsEhqDQQKcm5m2MF26xTWwW65MHTEtKFFydypuqjG,0,0,27245854570536,27245854570536
9181162,5F6aRdsBHajN2NhZHBTB6ibBFu7YuZZEWruWzB8x6B6GiZ4D,5HTeZ5168DjjGWZgbvzGfysEAj9fnexF24gYFKJHENU5cc8a,0,0,0,0
9181522,5CyQFykVpfa9xgZVGgBsiNUpjbo1EihBTSkPvDC1FZbL1wxG,5HTeZ5168DjjGWZgbvzGfysEAj9fnexF24gYFKJHENU5cc8a,26290350357,0,768814259689603,768911119265411
9181522,5FYwKoHYfiuy9m2yM4wbwM5pQyaEP38MBTTZS8RwNKRuQ8mi,5FRXwb2qsEhqDQQKcm5m2MF26xTWwW65MHTEtKFFydypuqjG,0,0,27245854570536,27245854570536
9181522,5F6aRdsBHajN2NhZHBTB6ibBFu7YuZZEWruWzB8x6B6GiZ4D,5HTeZ5168DjjGWZgbvzGfysEAj9fnexF24gYFKJHENU5cc8a,0,0,0,0
9181882,5CyQFykVpfa9xgZVGgBsiNUpjbo1EihBTSkPvDC1FZbL1wxG,5HTeZ5168DjjGWZgbvzGfysEAj9fnexF24gYFKJHENU5cc8a,26325333026,0,768911119265411,769008021502773
9181882,5FYwKoHYfiuy9m2yM4wbwM5pQyaEP38MBTTZS8RwNKRuQ8mi,5FRXwb2qsEhqDQQKcm5m2MF26xTWwW65MHTEtKFFydypuqjG,0,0,27245854570536,27245854570536
9181882,5F6aRdsBHajN2NhZHBTB6ibBFu7YuZZEWruWzB8x6B6GiZ4D,5HTeZ5168DjjGWZgbvzGfysEAj9fnexF24gYFKJHENU5cc8a,0,0,0,0
9182242,5CyQFykVpfa9xgZVGgBsiNUpjbo1EihBTSkPvDC1FZbL1wxG,5HTeZ5168DjjGWZgbvzGfysEAj9fnexF24gYFKJHENU5cc8a,26349311781,0,769008021502773,769104952982356
9182242,5FYwKoHYfiuy9m2yM4wbwM5pQyaEP38MBTTZS8RwNKRuQ8mi,5FRXwb2qsEhqDQQKcm5m2MF26xTWwW65MHTEtKFFydypuqjG,0,0,27245854570536,27245854570536
9182242,5F6aRdsBHajN2NhZHBTB6ibBFu7YuZZEWruWzB8x6B6GiZ4D,5HTeZ5168DjjGWZgbvzGfysEAj9fnexF24gYFKJHENU5cc8a,0,0,0,0
9182602,5CyQFykVpfa9xgZVGgBsiNUpjbo1EihBTSkPvDC1FZbL1wxG,5HTeZ5168DjjGWZgbvzGfysEAj9fnexF24gYFKJHENU5cc8a,26367036354,0,769104952982356,769201906077151
9182602,5FYwKoHYfiuy9m2yM4wbwM5pQyaEP38MBTTZS8RwNKRuQ8mi,5FRXwb2qsEhqDQQKcm5m2MF26xTWwW65MHTEtKFFydypuqjG,0,0,27245854570536,27245854570536
9182602,5F6aRdsBHajN2NhZHBTB6ibBFu7YuZZEWruWzB8x6B6GiZ4D,5HTeZ5168DjjGWZgbvzGfysEAj9fnexF24gYFKJHENU5cc8a,0,0,0,0
9182962,5CyQFykVpfa9xgZVGgBsiNUpjbo1EihBTSkPvDC1FZbL1wxG,5HTeZ5168DjjGWZgbvzGfysEAj9fnexF24gYFKJHENU5cc8a,26312942064,0,769201906077151,769298793203668
9182962,5FYwKoHYfiuy9m2yM4wbwM5pQyaEP38MBTTZS8RwNKRuQ8mi,5FRXwb2qsEhqDQQKcm5m2MF26xTWwW65MHTEtKFFydypuqjG,0,0,27245854570536,27245854570536
9182962,5F6aRdsBHajN2NhZHBTB6ibBFu7YuZZEWruWzB8x6B6GiZ4D,5HTeZ5168DjjGWZgbvzGfysEAj9fnexF24gYFKJHENU5cc8a,0,0,0,0
9183322,5CyQFykVpfa9xgZVGgBsiNUpjbo1EihBTSkPvDC1FZbL1wxG,5HTeZ5168DjjGWZgbvzGfysEAj9fnexF24gYFKJHENU5cc8a,23849406366,0,769298793203668,769392676035130
9183322,5FYwKoHYfiuy9m2yM4wbwM5pQyaEP38MBTTZS8RwNKRuQ8mi,5FRXwb2qsEhqDQQKcm5m2MF26xTWwW65MHTEtKFFydypuqjG,0,0,27245854570536,27245854570536
9183322,5F6aRdsBHajN2NhZHBTB6ibBFu7YuZZEWruWzB8x6B6GiZ4D,5HTeZ5168DjjGWZgbvzGfysEAj9fnexF24gYFKJHENU5cc8a,0,0,0,0
9183682,5CyQFykVpfa9xgZVGgBsiNUpjbo1EihBTSkPvDC1FZbL1wxG,5HTeZ5168DjjGWZgbvzGfysEAj9fnexF24gYFKJHENU5cc8a,24094396483,0,769392676035131,769486857633360
9183682,5FYwKoHYfiuy9m2yM4wbwM5pQyaEP38MBTTZS8RwNKRuQ8mi,5FRXwb2qsEhqDQQKcm5m2MF26xTWwW65MHTEtKFFydypuqjG,0,0,27245854570536,27245854570536
9183682,5F6aRdsBHajN2NhZHBTB6ibBFu7YuZZEWruWzB8x6B6GiZ4D,5HTeZ5168DjjGWZgbvzGfysEAj9fnexF24gYFKJHENU5cc8a,0,0,0,0
9184042,5CyQFykVpfa9xgZVGgBsiNUpjbo1EihBTSkPvDC1FZbL1wxG,5HTeZ5168DjjGWZgbvzGfysEAj9fnexF24gYFKJHENU5cc8a,24318291234,0,769486857633360,769581312272444
9184042,5FYwKoHYfiuy9m2yM4wbwM5pQyaEP38MBTTZS8RwNKRuQ8mi,5FRXwb2qsEhqDQQKcm5m2MF26xTWwW65MHTEtKFFydypuqjG,0,0,27245854570536,27245854570536
9184042,5F6aRdsBHajN2NhZHBTB6ibBFu7YuZZEWruWzB8x6B6GiZ4D,5HTeZ5168DjjGWZgbvzGfysEAj9fnexF24gYFKJHENU5cc8a,0,0,0,0
9184402,5CyQFykVpfa9xgZVGgBsiNUpjbo1EihBTSkPvDC1FZbL1wxG,5HTeZ5168DjjGWZgbvzGfysEAj9fnexF24gYFKJHENU5cc8a,24516528255,0,769581312272444,769676008662643
9184402,5FYwKoHYfiuy9m2yM4wbwM5pQyaEP38MBTTZS8RwNKRuQ8mi,5FRXwb2qsEhqDQQKcm5m2MF26xTWwW65MHTEtKFFydypuqjG,0,0,27245854570536,27245854570536
9184402,5F6aRdsBHajN2NhZHBTB6ibBFu7YuZZEWruWzB8x6B6GiZ4D,5HTeZ5168DjjGWZgbvzGfysEAj9fnexF24gYFKJHENU5cc8a,0,0,0,0
9184762,5CyQFykVpfa9xgZVGgBsiNUpjbo1EihBTSkPvDC1FZbL1wxG,5HTeZ5168DjjGWZgbvzGfysEAj9fnexF24gYFKJHENU5cc8a,24664120595,0,769676008662643,769770885042496
9184762,5FYwKoHYfiuy9m2yM4wbwM5pQyaEP38MBTTZS8RwNKRuQ8mi,5FRXwb2qsEhqDQQKcm5m2MF26xTWwW65MHTEtKFFydypuqjG,0,0,27245854570536,27245854570536
9184762,5F6aRdsBHajN2NhZHBTB6ibBFu7YuZZEWruWzB8x6B6GiZ4D,5HTeZ5168DjjGWZgbvzGfysEAj9fnexF24gYFKJHENU5cc8a,0,0,0,0
9185122,5CyQFykVpfa9xgZVGgBsiNUpjbo1EihBTSkPvDC1FZbL1wxG,5HTeZ5168DjjGWZgbvzGfysEAj9fnexF24gYFKJHENU5cc8a,24826549694,0,769770885042496,769865959505510
9185122,5FYwKoHYfiuy9m2yM4wbwM5pQyaEP38MBTTZS8RwNKRuQ8mi,5FRXwb2qsEhqDQQKcm5m2MF26xTWwW65MHTEtKFFydypuqjG,0,0,27245854570536,27245854570536
9185122,5F6aRdsBHajN2NhZHBTB6ibBFu7YuZZEWruWzB8x6B6GiZ4D,5HTeZ5168DjjGWZgbvzGfysEAj9fnexF24gYFKJHENU5cc8a,0,0,0,0
9185482,5CyQFykVpfa9xgZVGgBsiNUpjbo1EihBTSkPvDC1FZbL1wxG,5HTeZ5168DjjGWZgbvzGfysEAj9fnexF24gYFKJHENU5cc8a,24971685436,0,769865959505510,769961210962343
9185482,5FYwKoHYfiuy9m2yM4wbwM5pQyaEP38MBTTZS8RwNKRuQ8mi,5FRXwb2qsEhqDQQKcm5m2MF26xTWwW65MHTEtKFFydypuqjG,0,0,27245854570536,27245854570536
9185482,5F6aRdsBHajN2NhZHBTB6ibBFu7YuZZEWruWzB8x6B6GiZ4D,5HTeZ5168DjjGWZgbvzGfysEAj9fnexF24gYFKJHENU5cc8a,0,0,0,0
9185842,5CyQFykVpfa9xgZVGgBsiNUpjbo1EihBTSkPvDC1FZbL1wxG,5HTeZ5168DjjGWZgbvzGfysEAj9fnexF24gYFKJHENU5cc8a,25103923774,0,769961210962343,770056623684542
9185842,5FYwKoHYfiuy9m2yM4wbwM5pQyaEP38MBTTZS8RwNKRuQ8mi,5FRXwb2qsEhqDQQKcm5m2MF26xTWwW65MHTEtKFFydypuqjG,0,0,27245854570536,27245854570536
9185842,5F6aRdsBHajN2NhZHBTB6ibBFu7YuZZEWruWzB8x6B6GiZ4D,5HTeZ5168DjjGWZgbvzGfysEAj9fnexF24gYFKJHENU5cc8a,0,0,0,0
9186202,5CyQFykVpfa9xgZVGgBsiNUpjbo1EihBTSkPvDC1FZbL1wxG,5HTeZ5168DjjGWZgbvzGfysEAj9fnexF24gYFKJHENU5cc8a,25225825485,0,770056623684542,770152185066534
9186202,5FYwKoHYfiuy9m2yM4wbwM5pQyaEP38MBTTZS8RwNKRuQ8mi,5FRXwb2qsEhqDQQKcm5m2MF26xTWwW65MHTEtKFFydypuqjG,0,0,27245854570536,27245854570536
9186202,5F6aRdsBHajN2NhZHBTB6ibBFu7YuZZEWruWzB8x6B6GiZ4D,5HTeZ5168DjjGWZgbvzGfysEAj9fnexF24gYFKJHENU5cc8a,0,0,0,0
9186562,5CyQFykVpfa9xgZVGgBsiNUpjbo1EihBTSkPvDC1FZbL1wxG,5HTeZ5168DjjGWZgbvzGfysEAj9fnexF24gYFKJHENU5cc8a,25335973069,0,770152185066534,770247880774098
9186562,5FYwKoHYfiuy9m2yM4wbwM5pQyaEP38MBTTZS8RwNKRuQ8mi,5FRXwb2qsEhqDQQKcm5m2MF26xTWwW65MHTEtKFFydypuqjG,0,0,27245854570536,27245854570536
9186562,5F6aRdsBHajN2NhZHBTB6ibBFu7YuZZEWruWzB8x6B6GiZ4D,5HTeZ5168DjjGWZgbvzGfysEAj9fnexF24gYFKJHENU5cc8a,0,0,0,0
9186922,5CyQFykVpfa9xgZVGgBsiNUpjbo1EihBTSkPvDC1FZbL1wxG,5HTeZ5168DjjGWZgbvzGfysEAj9fnexF24gYFKJHENU5cc8a,25434817973,0,770247880774098,770343697023555
9186922,5FYwKoHYfiuy9m2yM4wbwM5pQyaEP38MBTTZS8RwNKRuQ8mi,5FRXwb2qsEhqDQQKcm5m2MF26xTWwW65MHTEtKFFydypuqjG,0,0,27245854570536,27245854570536
9186922,5F6aRdsBHajN2NhZHBTB6ibBFu7YuZZEWruWzB8x6B6GiZ4D,5HTeZ5168DjjGWZgbvzGfysEAj9fnexF24gYFKJHENU5cc8a,0,0,0,0
9187282,5CyQFykVpfa9xgZVGgBsiNUpjbo1EihBTSkPvDC1FZbL1wxG,5HTeZ5168DjjGWZgbvzGfysEAj9fnexF24gYFKJHENU5cc8a,25521247600,0,769395984266016,769491905916869
9187282,5FYwKoHYfiuy9m2yM4wbwM5pQyaEP38MBTTZS8RwNKRuQ8mi,5FRXwb2qsEhqDQQKcm5m2MF26xTWwW65MHTEtKFFydypuqjG,0,0,27245854570536,27245854570536
9187282,5F6aRdsBHajN2NhZHBTB6ibBFu7YuZZEWruWzB8x6B6GiZ4D,5HTeZ5168DjjGWZgbvzGfysEAj9fnexF24gYFKJHENU5cc8a,0,0,0,0
9187642,5CyQFykVpfa9xgZVGgBsiNUpjbo1EihBTSkPvDC1FZbL1wxG,5HTeZ5168DjjGWZgbvzGfysEAj9fnexF24gYFKJHENU5cc8a,25600013645,0,770197724814114,770293742520583
9187642,5FYwKoHYfiuy9m2yM4wbwM5pQyaEP38MBTTZS8RwNKRuQ8mi,5FRXwb2qsEhqDQQKcm5m2MF26xTWwW65MHTEtKFFydypuqjG,0,0,27215242424937,27215242424937
9187642,5F6aRdsBHajN2NhZHBTB6ibBFu7YuZZEWruWzB8x6B6GiZ4D,5HTeZ5168DjjGWZgbvzGfysEAj9fnexF24gYFKJHENU5cc8a,0,0,0,0
9188002,5CyQFykVpfa9xgZVGgBsiNUpjbo1EihBTSkPvDC1FZbL1wxG,5HTeZ5168DjjGWZgbvzGfysEAj9fnexF24gYFKJHENU5cc8a,25671534316,0,770293742520583,770389847446896
9188002,5FYwKoHYfiuy9m2yM4wbwM5pQyaEP38MBTTZS8RwNKRuQ8mi,5FRXwb2qsEhqDQQKcm5m2MF26xTWwW65MHTEtKFFydypuqjG,0,0,27215242424937,27215242424937
9188002,5F6aRdsBHajN2NhZHBTB6ibBFu7YuZZEWruWzB8x6B6GiZ4D,5HTeZ5168DjjGWZgbvzGfysEAj9fnexF24gYFKJHENU5cc8a,0,0,0,0
9188362,5CyQFykVpfa9xgZVGgBsiNUpjbo1EihBTSkPvDC1FZbL1wxG,5HTeZ5168DjjGWZgbvzGfysEAj9fnexF24gYFKJHENU5cc8a,25733888835,0,770389847446896,770486028414881
9188362,5FYwKoHYfiuy9m2yM4wbwM5pQyaEP38MBTTZS8RwNKRuQ8mi,5FRXwb2qsEhqDQQKcm5m2MF26xTWwW65MHTEtKFFydypuqjG,0,0,27215242424937,27215242424937
9188362,5F6aRdsBHajN2NhZHBTB6ibBFu7YuZZEWruWzB8x6B6GiZ4D,5HTeZ5168DjjGWZgbvzGfysEAj9fnexF24gYFKJHENU5cc8a,0,0,0,0
9188722,5CyQFykVpfa9xgZVGgBsiNUpjbo1EihBTSkPvDC1FZbL1wxG,5HTeZ5168DjjGWZgbvzGfysEAj9fnexF24gYFKJHENU5cc8a,25813845692,0,770486028414881,770582306890684
9188722,5FYwKoHYfiuy9m2yM4wbwM5pQyaEP38MBTTZS8RwNKRuQ8mi,5FRXwb2qsEhqDQQKcm5m2MF26xTWwW65MHTEtKFFydypuqjG,0,0,27215242424937,27215242424937
9188722,5F6aRdsBHajN2NhZHBTB6ibBFu7YuZZEWruWzB8x6B6GiZ4D,5HTeZ5168DjjGWZgbvzGfysEAj9fnexF24gYFKJHENU5cc8a,0,0,0,0
9189082,5CyQFykVpfa9xgZVGgBsiNUpjbo1EihBTSkPvDC1FZbL1wxG,5HTeZ5168DjjGWZgbvzGfysEAj9fnexF24gYFKJHENU5cc8a,25875386872,0,770582306890684,770678660416287
9189082,5FYwKoHYfiuy9m2yM4wbwM5pQyaEP38MBTTZS8RwNKRuQ8mi,5FRXwb2qsEhqDQQKcm5m2MF26xTWwW65MHTEtKFFydypuqjG,0,0,27215242424937,27215242424937
9189082,5F6aRdsBHajN2NhZHBTB6ibBFu7YuZZEWruWzB8x6B6GiZ4D,5HTeZ5168DjjGWZgbvzGfysEAj9fnexF24gYFKJHENU5cc8a,0,0,0,0
9189442,5CyQFykVpfa9xgZVGgBsiNUpjbo1EihBTSkPvDC1FZbL1wxG,5HTeZ5168DjjGWZgbvzGfysEAj9fnexF24gYFKJHENU5cc8a,25923051263,0,770678660416287,770775072068872
9189442,5FYwKoHYfiuy9m2yM4wbwM5pQyaEP38MBTTZS8RwNKRuQ8mi,5FRXwb2qsEhqDQQKcm5m2MF26xTWwW65MHTEtKFFydypuqjG,0,0,27215242424937,27215242424937
9189442,5F6aRdsBHajN2NhZHBTB6ibBFu7YuZZEWruWzB8x6B6GiZ4D,5HTeZ5168DjjGWZgbvzGfysEAj9fnexF24gYFKJHENU5cc8a,0,0,0,0
9189802,5CyQFykVpfa9xgZVGgBsiNUpjbo1EihBTSkPvDC1FZbL1wxG,5HTeZ5168DjjGWZgbvzGfysEAj9fnexF24gYFKJHENU5cc8a,25972677781,0,770775072068872,770871544241263
9189802,5FYwKoHYfiuy9m2yM4wbwM5pQyaEP38MBTTZS8RwNKRuQ8mi,5FRXwb2qsEhqDQQKcm5m2MF26xTWwW65MHTEtKFFydypuqjG,0,0,27215242424937,27215242424937
9189802,5F6aRdsBHajN2NhZHBTB6ibBFu7YuZZEWruWzB8x6B6GiZ4D,5HTeZ5168DjjGWZgbvzGfysEAj9fnexF24gYFKJHENU5cc8a,0,0,0,0
9190162,5CyQFykVpfa9xgZVGgBsiNUpjbo1EihBTSkPvDC1FZbL1wxG,5HTeZ5168DjjGWZgbvzGfysEAj9fnexF24gYFKJHENU5cc8a,26016154717,0,770871544241263,770968069434011
9190162,5FYwKoHYfiuy9m2yM4wbwM5pQyaEP38MBTTZS8RwNKRuQ8mi,5FRXwb2qsEhqDQQKcm5m2MF26xTWwW65MHTEtKFFydypuqjG,0,0,27215242424937,27215242424937
9190162,5F6aRdsBHajN2NhZHBTB6ibBFu7YuZZEWruWzB8x6B6GiZ4D,5HTeZ5168DjjGWZgbvzGfysEAj9fnexF24gYFKJHENU5cc8a,0,0,0,0
9190522,5CyQFykVpfa9xgZVGgBsiNUpjbo1EihBTSkPvDC1FZbL1wxG,5HTeZ5168DjjGWZgbvzGfysEAj9fnexF24gYFKJHENU5cc8a,26064922364,0,770968069434011,771064654099168
9190522,5FYwKoHYfiuy9m2yM4wbwM5pQyaEP38MBTTZS8RwNKRuQ8mi,5FRXwb2qsEhqDQQKcm5m2MF26xTWwW65MHTEtKFFydypuqjG,0,0,27215242424937,27215242424937
9190522,5F6aRdsBHajN2NhZHBTB6ibBFu7YuZZEWruWzB8x6B6GiZ4D,5HTeZ5168DjjGWZgbvzGfysEAj9fnexF24gYFKJHENU5cc8a,0,0,0,0
9190882,5CyQFykVpfa9xgZVGgBsiNUpjbo1EihBTSkPvDC1FZbL1wxG,5HTeZ5168DjjGWZgbvzGfysEAj9fnexF24gYFKJHENU5cc8a,26112825580,0,771064654099168,771161297182554
9190882,5FYwKoHYfiuy9m2yM4wbwM5pQyaEP38MBTTZS8RwNKRuQ8mi,5FRXwb2qsEhqDQQKcm5m2MF26xTWwW65MHTEtKFFydypuqjG,0,0,27215242424937,27215242424937
9190882,5F6aRdsBHajN2NhZHBTB6ibBFu7YuZZEWruWzB8x6B6GiZ4D,5HTeZ5168DjjGWZgbvzGfysEAj9fnexF24gYFKJHENU5cc8a,0,0,0,0
9191242,5CyQFykVpfa9xgZVGgBsiNUpjbo1EihBTSkPvDC1FZbL1wxG,5HTeZ5168DjjGWZgbvzGfysEAj9fnexF24gYFKJHENU5cc8a,26133517165,0,771161297182554,771257965499440
9191242,5FYwKoHYfiuy9m2yM4wbwM5pQyaEP38MBTTZS8RwNKRuQ8mi,5FRXwb2qsEhqDQQKcm5m2MF26xTWwW65MHTEtKFFydypuqjG,0,0,27215242424937,27215242424937
9191242,5F6aRdsBHajN2NhZHBTB6ibBFu7YuZZEWruWzB8x6B6GiZ4D,5HTeZ5168DjjGWZgbvzGfysEAj9fnexF24gYFKJHENU5cc8a,0,0,0,0
9191602,5CyQFykVpfa9xgZVGgBsiNUpjbo1EihBTSkPvDC1FZbL1wxG,5HTeZ5168DjjGWZgbvzGfysEAj9fnexF24gYFKJHENU5cc8a,26163841322,0,771257965499440,771354670796799
9191602,5FYwKoHYfiuy9m2yM4wbwM5pQyaEP38MBTTZS8RwNKRuQ8mi,5FRXwb2qsEhqDQQKcm5m2MF26xTWwW65MHTEtKFFydypuqjG,0,0,27215242424937,27215242424937
9191602,5F6aRdsBHajN2NhZHBTB6ibBFu7YuZZEWruWzB8x6B6GiZ4D,5HTeZ5168DjjGWZgbvzGfysEAj9fnexF24gYFKJHENU5cc8a,0,0,0,0
9191962,5CyQFykVpfa9xgZVGgBsiNUpjbo1EihBTSkPvDC1FZbL1wxG,5HTeZ5168DjjGWZgbvzGfysEAj9fnexF24gYFKJHENU5cc8a,26190378633,0,771354670796799,771451408456551
9191962,5FYwKoHYfiuy9m2yM4wbwM5pQyaEP38MBTTZS8RwNKRuQ8mi,5FRXwb2qsEhqDQQKcm5m2MF26xTWwW65MHTEtKFFydypuqjG,0,0,27215242424937,27215242424937
9191962,5F6aRdsBHajN2NhZHBTB6ibBFu7YuZZEWruWzB8x6B6GiZ4D,5HTeZ5168DjjGWZgbvzGfysEAj9fnexF24gYFKJHENU5cc8a,0,0,0,0
9192322,5CyQFykVpfa9xgZVGgBsiNUpjbo1EihBTSkPvDC1FZbL1wxG,5HTeZ5168DjjGWZgbvzGfysEAj9fnexF24gYFKJHENU5cc8a,26216929645,0,771451408456551,771548178495405
9192322,5FYwKoHYfiuy9m2yM4wbwM5pQyaEP38MBTTZS8RwNKRuQ8mi,5FRXwb2qsEhqDQQKcm5m2MF26xTWwW65MHTEtKFFydypuqjG,0,0,27215242424937,27215242424937
9192322,5F6aRdsBHajN2NhZHBTB6ibBFu7YuZZEWruWzB8x6B6GiZ4D,5HTeZ5168DjjGWZgbvzGfysEAj9fnexF24gYFKJHENU5cc8a,0,0,0,0
9192682,5CyQFykVpfa9xgZVGgBsiNUpjbo1EihBTSkPvDC1FZbL1wxG,5HTeZ5168DjjGWZgbvzGfysEAj9fnexF24gYFKJHENU5cc8a,26241386815,0,771548178495405,771644978359910
9192682,5FYwKoHYfiuy9m2yM4wbwM5pQyaEP38MBTTZS8RwNKRuQ8mi,5FRXwb2qsEhqDQQKcm5m2MF26xTWwW65MHTEtKFFydypuqjG,0,0,27215242424937,27215242424937
9192682,5F6aRdsBHajN2NhZHBTB6ibBFu7YuZZEWruWzB8x6B6GiZ4D,5HTeZ5168DjjGWZgbvzGfysEAj9fnexF24gYFKJHENU5cc8a,0,0,0,0
9193042,5CyQFykVpfa9xgZVGgBsiNUpjbo1EihBTSkPvDC1FZbL1wxG,5HTeZ5168DjjGWZgbvzGfysEAj9fnexF24gYFKJHENU5cc8a,26262465561,0,771644978359910,771741803930059
9193042,5FYwKoHYfiuy9m2yM4wbwM5pQyaEP38MBTTZS8RwNKRuQ8mi,5FRXwb2qsEhqDQQKcm5m2MF26xTWwW65MHTEtKFFydypuqjG,0,0,27215242424937,27215242424937
9193042,5F6aRdsBHajN2NhZHBTB6ibBFu7YuZZEWruWzB8x6B6GiZ4D,5HTeZ5168DjjGWZgbvzGfysEAj9fnexF24gYFKJHENU5cc8a,0,0,0,0
9193402,5CyQFykVpfa9xgZVGgBsiNUpjbo1EihBTSkPvDC1FZbL1wxG,5HTeZ5168DjjGWZgbvzGfysEAj9fnexF24gYFKJHENU5cc8a,26282246760,0,771741803930059,771838653623487
9193402,5FYwKoHYfiuy9m2yM4wbwM5pQyaEP38MBTTZS8RwNKRuQ8mi,5FRXwb2qsEhqDQQKcm5m2MF26xTWwW65MHTEtKFFydypuqjG,0,0,27215242424937,27215242424937
9193402,5F6aRdsBHajN2NhZHBTB6ibBFu7YuZZEWruWzB8x6B6GiZ4D,5HTeZ5168DjjGWZgbvzGfysEAj9fnexF24gYFKJHENU5cc8a,0,0,0,0
9193762,5CyQFykVpfa9xgZVGgBsiNUpjbo1EihBTSkPvDC1FZbL1wxG,5HTeZ5168DjjGWZgbvzGfysEAj9fnexF24gYFKJHENU5cc8a,26298682063,0,771838653623487,771935523359856
9193762,5FYwKoHYfiuy9m2yM4wbwM5pQyaEP38MBTTZS8RwNKRuQ8mi,5FRXwb2qsEhqDQQKcm5m2MF26xTWwW65MHTEtKFFydypuqjG,0,0,27215242424937,27215242424937
9193762,5F6aRdsBHajN2NhZHBTB6ibBFu7YuZZEWruWzB8x6B6GiZ4D,5HTeZ5168DjjGWZgbvzGfysEAj9fnexF24gYFKJHENU5cc8a,0,0,0,0
9194122,5CyQFykVpfa9xgZVGgBsiNUpjbo1EihBTSkPvDC1FZbL1wxG,5HTeZ5168DjjGWZgbvzGfysEAj9fnexF24gYFKJHENU5cc8a,26314515041,0,771935523359856,772032412404627
9194122,5FYwKoHYfiuy9m2yM4wbwM5pQyaEP38MBTTZS8RwNKRuQ8mi,5FRXwb2qsEhqDQQKcm5m2MF26xTWwW65MHTEtKFFydypuqjG,0,0,27215242424937,27215242424937
9194122,5F6aRdsBHajN2NhZHBTB6ibBFu7YuZZEWruWzB8x6B6GiZ4D,5HTeZ5168DjjGWZgbvzGfysEAj9fnexF24gYFKJHENU5cc8a,0,0,0,0
9194482,5CyQFykVpfa9xgZVGgBsiNUpjbo1EihBTSkPvDC1FZbL1wxG,5HTeZ5168DjjGWZgbvzGfysEAj9fnexF24gYFKJHENU5cc8a,26328792974,0,772032412404627,772129318861414
9194482,5FYwKoHYfiuy9m2yM4wbwM5pQyaEP38MBTTZS8RwNKRuQ8mi,5FRXwb2qsEhqDQQKcm5m2MF26xTWwW65MHTEtKFFydypuqjG,0,0,27215242424937,27215242424937
9194482,5F6aRdsBHajN2NhZHBTB6ibBFu7YuZZEWruWzB8x6B6GiZ4D,5HTeZ5168DjjGWZgbvzGfysEAj9fnexF24gYFKJHENU5cc8a,0,0,0,0
9194842,5CyQFykVpfa9xgZVGgBsiNUpjbo1EihBTSkPvDC1FZbL1wxG,5HTeZ5168DjjGWZgbvzGfysEAj9fnexF24gYFKJHENU5cc8a,26341853898,0,772129318861414,772226241246068
9194842,5FYwKoHYfiuy9m2yM4wbwM5pQyaEP38MBTTZS8RwNKRuQ8mi,5FRXwb2qsEhqDQQKcm5m2MF26xTWwW65MHTEtKFFydypuqjG,0,0,27215242424937,27215242424937
9194842,5F6aRdsBHajN2NhZHBTB6ibBFu7YuZZEWruWzB8x6B6GiZ4D,5HTeZ5168DjjGWZgbvzGfysEAj9fnexF24gYFKJHENU5cc8a,0,0,0,0
9195202,5CyQFykVpfa9xgZVGgBsiNUpjbo1EihBTSkPvDC1FZbL1wxG,5HTeZ5168DjjGWZgbvzGfysEAj9fnexF24gYFKJHENU5cc8a,26353924810,0,772226241246068,772323178351264
9195202,5FYwKoHYfiuy9m2yM4wbwM5pQyaEP38MBTTZS8RwNKRuQ8mi,5FRXwb2qsEhqDQQKcm5m2MF26xTWwW65MHTEtKFFydypuqjG,0,0,27215242424937,27215242424937
9195202,5F6aRdsBHajN2NhZHBTB6ibBFu7YuZZEWruWzB8x6B6GiZ4D,5HTeZ5168DjjGWZgbvzGfysEAj9fnexF24gYFKJHENU5cc8a,0,0,0,0
9195562,5CyQFykVpfa9xgZVGgBsiNUpjbo1EihBTSkPvDC1FZbL1wxG,5HTeZ5168DjjGWZgbvzGfysEAj9fnexF24gYFKJHENU5cc8a,26361611193,0,772323178351264,772420124830046
9195562,5FYwKoHYfiuy9m2yM4wbwM5pQyaEP38MBTTZS8RwNKRuQ8mi,5FRXwb2qsEhqDQQKcm5m2MF26xTWwW65MHTEtKFFydypuqjG,0,0,27215242424937,27215242424937
9195562,5F6aRdsBHajN2NhZHBTB6ibBFu7YuZZEWruWzB8x6B6GiZ4D,5HTeZ5168DjjGWZgbvzGfysEAj9fnexF24gYFKJHENU5cc8a,0,0,0,0
9195922,5CyQFykVpfa9xgZVGgBsiNUpjbo1EihBTSkPvDC1FZbL1wxG,5HTeZ5168DjjGWZgbvzGfysEAj9fnexF24gYFKJHENU5cc8a,26375510089,0,772420124830046,772517088258606
9195922,5FYwKoHYfiuy9m2yM4wbwM5pQyaEP38MBTTZS8RwNKRuQ8mi,5FRXwb2qsEhqDQQKcm5m2MF26xTWwW65MHTEtKFFydypuqjG,0,0,27215242424937,27215242424937
9195922,5F6aRdsBHajN2NhZHBTB6ibBFu7YuZZEWruWzB8x6B6GiZ4D,5HTeZ5168DjjGWZgbvzGfysEAj9fnexF24gYFKJHENU5cc8a,0,0,0,0
9196282,5CyQFykVpfa9xgZVGgBsiNUpjbo1EihBTSkPvDC1FZbL1wxG,5HTeZ5168DjjGWZgbvzGfysEAj9fnexF24gYFKJHENU5cc8a,26387936608,0,772517088258606,772614066841373
9196282,5FYwKoHYfiuy9m2yM4wbwM5pQyaEP38MBTTZS8RwNKRuQ8mi,5FRXwb2qsEhqDQQKcm5m2MF26xTWwW65MHTEtKFFydypuqjG,0,0,27215242424937,27215242424937
9196282,5F6aRdsBHajN2NhZHBTB6ibBFu7YuZZEWruWzB8x6B6GiZ4D,5HTeZ5168DjjGWZgbvzGfysEAj9fnexF24gYFKJHENU5cc8a,0,0,0,0
9196642,5CyQFykVpfa9xgZVGgBsiNUpjbo1EihBTSkPvDC1FZbL1wxG,5HTeZ5168DjjGWZgbvzGfysEAj9fnexF24gYFKJHENU5cc8a,26396413108,0,772614066841373,772711055761278
9196642,5FYwKoHYfiuy9m2yM4wbwM5pQyaEP38MBTTZS8RwNKRuQ8mi,5FRXwb2qsEhqDQQKcm5m2MF26xTWwW65MHTEtKFFydypuqjG,0,0,27215242424937,27215242424937
9196642,5F6aRdsBHajN2NhZHBTB6ibBFu7YuZZEWruWzB8x6B6GiZ4D,5HTeZ5168DjjGWZgbvzGfysEAj9fnexF24gYFKJHENU5cc8a,0,0,0,0
9197002,5CyQFykVpfa9xgZVGgBsiNUpjbo1EihBTSkPvDC1FZbL1wxG,5HTeZ5168DjjGWZgbvzGfysEAj9fnexF24gYFKJHENU5cc8a,26407199251,0,772711055761278,772808057834942
9197002,5FYwKoHYfiuy9m2yM4wbwM5pQyaEP38MBTTZS8RwNKRuQ8mi,5FRXwb2qsEhqDQQKcm5m2MF26xTWwW65MHTEtKFFydypuqjG,0,0,27215242424937,27215242424937
9197002,5F6aRdsBHajN2NhZHBTB6ibBFu7YuZZEWruWzB8x6B6GiZ4D,5HTeZ5168DjjGWZgbvzGfysEAj9fnexF24gYFKJHENU5cc8a,0,0,0,0
9197362,5CyQFykVpfa9xgZVGgBsiNUpjbo1EihBTSkPvDC1FZbL1wxG,5HTeZ5168DjjGWZgbvzGfysEAj9fnexF24gYFKJHENU5cc8a,26417027511,0,772808057834942,772905071894222
9197362,5FYwKoHYfiuy9m2yM4wbwM5pQyaEP38MBTTZS8RwNKRuQ8mi,5FRXwb2qsEhqDQQKcm5m2MF26xTWwW65MHTEtKFFydypuqjG,0,0,27215242424937,27215242424937
9197362,5F6aRdsBHajN2NhZHBTB6ibBFu7YuZZEWruWzB8x6B6GiZ4D,5HTeZ5168DjjGWZgbvzGfysEAj9fnexF24gYFKJHENU5cc8a,0,0,0,0
9197722,5CyQFykVpfa9xgZVGgBsiNUpjbo1EihBTSkPvDC1FZbL1wxG,5HTeZ5168DjjGWZgbvzGfysEAj9fnexF24gYFKJHENU5cc8a,26423874355,0,772905071894222,773002094303265
9197722,5FYwKoHYfiuy9m2yM4wbwM5pQyaEP38MBTTZS8RwNKRuQ8mi,5FRXwb2qsEhqDQQKcm5m2MF26xTWwW65MHTEtKFFydypuqjG,0,0,27215242424937,27215242424937
9197722,5F6aRdsBHajN2NhZHBTB6ibBFu7YuZZEWruWzB8x6B6GiZ4D,5HTeZ5168DjjGWZgbvzGfysEAj9fnexF24gYFKJHENU5cc8a,0,0,0,0
9198082,5CyQFykVpfa9xgZVGgBsiNUpjbo1EihBTSkPvDC1FZbL1wxG,5HTeZ5168DjjGWZgbvzGfysEAj9fnexF24gYFKJHENU5cc8a,26430939359,0,773002094303265,773099125328119
9198082,5FYwKoHYfiuy9m2yM4wbwM5pQyaEP38MBTTZS8RwNKRuQ8mi,5FRXwb2qsEhqDQQKcm5m2MF26xTWwW65MHTEtKFFydypuqjG,0,0,27215242424937,27215242424937
9198082,5F6aRdsBHajN2NhZHBTB6ibBFu7YuZZEWruWzB8x6B6GiZ4D,5HTeZ5168DjjGWZgbvzGfysEAj9fnexF24gYFKJHENU5cc8a,0,0,0,0
9198442,5CyQFykVpfa9xgZVGgBsiNUpjbo1EihBTSkPvDC1FZbL1wxG,5HTeZ5168DjjGWZgbvzGfysEAj9fnexF24gYFKJHENU5cc8a,26441483882,0,773099125328119,773196169212075
9198442,5FYwKoHYfiuy9m2yM4wbwM5pQyaEP38MBTTZS8RwNKRuQ8mi,5FRXwb2qsEhqDQQKcm5m2MF26xTWwW65MHTEtKFFydypuqjG,0,0,27215242424937,27215242424937
9198442,5F6aRdsBHajN2NhZHBTB6ibBFu7YuZZEWruWzB8x6B6GiZ4D,5HTeZ5168DjjGWZgbvzGfysEAj9fnexF24gYFKJHENU5cc8a,0,0,0,0
9198802,5CyQFykVpfa9xgZVGgBsiNUpjbo1EihBTSkPvDC1FZbL1wxG,5HTeZ5168DjjGWZgbvzGfysEAj9fnexF24gYFKJHENU5cc8a,26448487819,0,773196169212075,773293221637370
9198802,5FYwKoHYfiuy9m2yM4wbwM5pQyaEP38MBTTZS8RwNKRuQ8mi,5FRXwb2qsEhqDQQKcm5m2MF26xTWwW65MHTEtKFFydypuqjG,0,0,27215242424937,27215242424937
9198802,5F6aRdsBHajN2NhZHBTB6ibBFu7YuZZEWruWzB8x6B6GiZ4D,5HTeZ5168DjjGWZgbvzGfysEAj9fnexF24gYFKJHENU5cc8a,0,0,0,0
9199162,5CyQFykVpfa9xgZVGgBsiNUpjbo1EihBTSkPvDC1FZbL1wxG,5HTeZ5168DjjGWZgbvzGfysEAj9fnexF24gYFKJHENU5cc8a,26452371347,0,773293221637370,773390278798648
9199162,5FYwKoHYfiuy9m2yM4wbwM5pQyaEP38MBTTZS8RwNKRuQ8mi,5FRXwb2qsEhqDQQKcm5m2MF26xTWwW65MHTEtKFFydypuqjG,0,0,27215242424937,27215242424937
9199162,5F6aRdsBHajN2NhZHBTB6ibBFu7YuZZEWruWzB8x6B6GiZ4D,5HTeZ5168DjjGWZgbvzGfysEAj9fnexF24gYFKJHENU5cc8a,0,0,0,0
9199522,5CyQFykVpfa9xgZVGgBsiNUpjbo1EihBTSkPvDC1FZbL1wxG,5HTeZ5168DjjGWZgbvzGfysEAj9fnexF24gYFKJHENU5cc8a,26438673435,0,773390278798648,773487319255249
9199522,5FYwKoHYfiuy9m2yM4wbwM5pQyaEP38MBTTZS8RwNKRuQ8mi,5FRXwb2qsEhqDQQKcm5m2MF26xTWwW65MHTEtKFFydypuqjG,0,0,27215242424937,27215242424937
9199522,5F6aRdsBHajN2NhZHBTB6ibBFu7YuZZEWruWzB8x6B6GiZ4D,5HTeZ5168DjjGWZgbvzGfysEAj9fnexF24gYFKJHENU5cc8a,0,0,0,0
9199882,5CyQFykVpfa9xgZVGgBsiNUpjbo1EihBTSkPvDC1FZbL1wxG,5HTeZ5168DjjGWZgbvzGfysEAj9fnexF24gYFKJHENU5cc8a,26438893791,0,773487319255249,773584359980575
9199882,5FYwKoHYfiuy9m2yM4wbwM5pQyaEP38MBTTZS8RwNKRuQ8mi,5FRXwb2qsEhqDQQKcm5m2MF26xTWwW65MHTEtKFFydypuqjG,0,0,27215242424937,27215242424937
9199882,5F6aRdsBHajN2NhZHBTB6ibBFu7YuZZEWruWzB8x6B6GiZ4D,5HTeZ5168DjjGWZgbvzGfysEAj9fnexF24gYFKJHENU5cc8a,0,0,0,0
9200242,5CyQFykVpfa9xgZVGgBsiNUpjbo1EihBTSkPvDC1FZbL1wxG,5HTeZ5168DjjGWZgbvzGfysEAj9fnexF24gYFKJHENU5cc8a,26439795986,0,773584359980575,773681401806133
9200242,5FYwKoHYfiuy9m2yM4wbwM5pQyaEP38MBTTZS8RwNKRuQ8mi,5FRXwb2qsEhqDQQKcm5m2MF26xTWwW65MHTEtKFFydypuqjG,0,0,27215242424937,27215242424937
9200242,5F6aRdsBHajN2NhZHBTB6ibBFu7YuZZEWruWzB8x6B6GiZ4D,5HTeZ5168DjjGWZgbvzGfysEAj9fnexF24gYFKJHENU5cc8a,0,0,0,0
9200602,5CyQFykVpfa9xgZVGgBsiNUpjbo1EihBTSkPvDC1FZbL1wxG,5HTeZ5168DjjGWZgbvzGfysEAj9fnexF24gYFKJHENU5cc8a,26440641451,0,773681401806133,773778444662740
9200602,5FYwKoHYfiuy9m2yM4wbwM5pQyaEP38MBTTZS8RwNKRuQ8mi,5FRXwb2qsEhqDQQKcm5m2MF26xTWwW65MHTEtKFFydypuqjG,0,0,27215242424937,27215242424937
9200602,5F6aRdsBHajN2NhZHBTB6ibBFu7YuZZEWruWzB8x6B6GiZ4D,5HTeZ5168DjjGWZgbvzGfysEAj9fnexF24gYFKJHENU5cc8a,0,0,0,0
9200962,5CyQFykVpfa9xgZVGgBsiNUpjbo1EihBTSkPvDC1FZbL1wxG,5HTeZ5168DjjGWZgbvzGfysEAj9fnexF24gYFKJHENU5cc8a,26441596094,0,773778444662740,773875488683539
9200962,5FYwKoHYfiuy9m2yM4wbwM5pQyaEP38MBTTZS8RwNKRuQ8mi,5FRXwb2qsEhqDQQKcm5m2MF26xTWwW65MHTEtKFFydypuqjG,0,0,27215242424937,27215242424937
9200962,5F6aRdsBHajN2NhZHBTB6ibBFu7YuZZEWruWzB8x6B6GiZ4D,5HTeZ5168DjjGWZgbvzGfysEAj9fnexF24gYFKJHENU5cc8a,0,0,0,0
9201322,5CyQFykVpfa9xgZVGgBsiNUpjbo1EihBTSkPvDC1FZbL1wxG,5HTeZ5168DjjGWZgbvzGfysEAj9fnexF24gYFKJHENU5cc8a,26442616083,0,773875488683539,773972533948220
9201322,5FYwKoHYfiuy9m2yM4wbwM5pQyaEP38MBTTZS8RwNKRuQ8mi,5FRXwb2qsEhqDQQKcm5m2MF26xTWwW65MHTEtKFFydypuqjG,0,0,27215242424937,27215242424937
9201322,5F6aRdsBHajN2NhZHBTB6ibBFu7YuZZEWruWzB8x6B6GiZ4D,5HTeZ5168DjjGWZgbvzGfysEAj9fnexF24gYFKJHENU5cc8a,0,0,0,0
9201682,5CyQFykVpfa9xgZVGgBsiNUpjbo1EihBTSkPvDC1FZbL1wxG,5HTeZ5168DjjGWZgbvzGfysEAj9fnexF24gYFKJHENU5cc8a,26443767325,0,773972533948220,774069580616847
9201682,5FYwKoHYfiuy9m2yM4wbwM5pQyaEP38MBTTZS8RwNKRuQ8mi,5FRXwb2qsEhqDQQKcm5m2MF26xTWwW65MHTEtKFFydypuqjG,0,0,27215242424937,27215242424937
9201682,5F6aRdsBHajN2NhZHBTB6ibBFu7YuZZEWruWzB8x6B6GiZ4D,5HTeZ5168DjjGWZgbvzGfysEAj9fnexF24gYFKJHENU5cc8a,0,0,0,0
9202042,5CyQFykVpfa9xgZVGgBsiNUpjbo1EihBTSkPvDC1FZbL1wxG,5HTeZ5168DjjGWZgbvzGfysEAj9fnexF24gYFKJHENU5cc8a,26444528894,0,774069580616847,774166628214212
9202042,5FYwKoHYfiuy9m2yM4wbwM5pQyaEP38MBTTZS8RwNKRuQ8mi,5FRXwb2qsEhqDQQKcm5m2MF26xTWwW65MHTEtKFFydypuqjG,0,0,27215242424937,27215242424937
9202042,5F6aRdsBHajN2NhZHBTB6ibBFu7YuZZEWruWzB8x6B6GiZ4D,5HTeZ5168DjjGWZgbvzGfysEAj9fnexF24gYFKJHENU5cc8a,0,0,0,0
9202402,5CyQFykVpfa9xgZVGgBsiNUpjbo1EihBTSkPvDC1FZbL1wxG,5HTeZ5168DjjGWZgbvzGfysEAj9fnexF24gYFKJHENU5cc8a,26446098780,0,774166628214212,774263677726061
9202402,5FYwKoHYfiuy9m2yM4wbwM5pQyaEP38MBTTZS8RwNKRuQ8mi,5FRXwb2qsEhqDQQKcm5m2MF26xTWwW65MHTEtKFFydypuqjG,0,0,27215242424937,27215242424937
9202402,5F6aRdsBHajN2NhZHBTB6ibBFu7YuZZEWruWzB8x6B6GiZ4D,5HTeZ5168DjjGWZgbvzGfysEAj9fnexF24gYFKJHENU5cc8a,0,0,0,0
9202762,5CyQFykVpfa9xgZVGgBsiNUpjbo1EihBTSkPvDC1FZbL1wxG,5HTeZ5168DjjGWZgbvzGfysEAj9fnexF24gYFKJHENU5cc8a,26447422619,0,774263677726061,774360728852339
9202762,5FYwKoHYfiuy9m2yM4wbwM5pQyaEP38MBTTZS8RwNKRuQ8mi,5FRXwb2qsEhqDQQKcm5m2MF26xTWwW65MHTEtKFFydypuqjG,0,0,27215242424937,27215242424937
9202762,5F6aRdsBHajN2NhZHBTB6ibBFu7YuZZEWruWzB8x6B6GiZ4D,5HTeZ5168DjjGWZgbvzGfysEAj9fnexF24gYFKJHENU5cc8a,0,0,0,0
