epoch_block,coldkey,hotkey,netuid,before_rao,after_rao
9015202,5HTeZ5168DjjGWZgbvzGfysEAj9fnexF24gYFKJHENU5cc8a,5F6aRdsBHajN2NhZHBTB6ibBFu7YuZZEWruWzB8x6B6GiZ4D,25,61882426083600,61947224435520
9015202,5HTeZ5168DjjGWZgbvzGfysEAj9fnexF24gYFKJHENU5cc8a,5FYwKoHYfiuy9m2yM4wbwM5pQyaEP38MBTTZS8RwNKRuQ8mi,25,655923026801940,655944599327362
9015202,5HTeZ5168DjjGWZgbvzGfysEAj9fnexF24gYFKJHENU5cc8a,FREE,-1,346727681,346727681
9015562,5HTeZ5168DjjGWZgbvzGfysEAj9fnexF24gYFKJHENU5cc8a,5F6aRdsBHajN2NhZHBTB6ibBFu7YuZZEWruWzB8x6B6GiZ4D,25,61947224435520,62012022787440
9015562,5HTeZ5168DjjGWZgbvzGfysEAj9fnexF24gYFKJHENU5cc8a,5FYwKoHYfiuy9m2yM4wbwM5pQyaEP38MBTTZS8RwNKRuQ8mi,25,655944599327362,655966186697553
9015562,5HTeZ5168DjjGWZgbvzGfysEAj9fnexF24gYFKJHENU5cc8a,FREE,-1,346727681,346727681
9015922,5HTeZ5168DjjGWZgbvzGfysEAj9fnexF24gYFKJHENU5cc8a,5F6aRdsBHajN2NhZHBTB6ibBFu7YuZZEWruWzB8x6B6GiZ4D,25,62012022787440,62076821139360
9015922,5HTeZ5168DjjGWZgbvzGfysEAj9fnexF24gYFKJHENU5cc8a,5FYwKoHYfiuy9m2yM4wbwM5pQyaEP38MBTTZS8RwNKRuQ8mi,25,655966186697553,655987991501611
9015922,5HTeZ5168DjjGWZgbvzGfysEAj9fnexF24gYFKJHENU5cc8a,FREE,-1,346727681,346727681
9016282,5HTeZ5168DjjGWZgbvzGfysEAj9fnexF24gYFKJHENU5cc8a,5F6aRdsBHajN2NhZHBTB6ibBFu7YuZZEWruWzB8x6B6GiZ4D,25,62076821139360,62141619491280
9016282,5HTeZ5168DjjGWZgbvzGfysEAj9fnexF24gYFKJHENU5cc8a,5FYwKoHYfiuy9m2yM4wbwM5pQyaEP38MBTTZS8RwNKRuQ8mi,25,655987991501611,656009882991197
9016282,5HTeZ5168DjjGWZgbvzGfysEAj9fnexF24gYFKJHENU5cc8a,FREE,-1,346727681,346727681
9016642,5HTeZ5168DjjGWZgbvzGfysEAj9fnexF24gYFKJHENU5cc8a,5F6aRdsBHajN2NhZHBTB6ibBFu7YuZZEWruWzB8x6B6GiZ4D,25,62141619491280,62206417843200
9016642,5HTeZ5168DjjGWZgbvzGfysEAj9fnexF24gYFKJHENU5cc8a,5FYwKoHYfiuy9m2yM4wbwM5pQyaEP38MBTTZS8RwNKRuQ8mi,25,656009882991197,656031775094514
9016642,5HTeZ5168DjjGWZgbvzGfysEAj9fnexF24gYFKJHENU5cc8a,FREE,-1,346727681,346727681
9017002,5HTeZ5168DjjGWZgbvzGfysEAj9fnexF24gYFKJHENU5cc8a,5F6aRdsBHajN2NhZHBTB6ibBFu7YuZZEWruWzB8x6B6GiZ4D,25,62206417843200,62271216195120
9017002,5HTeZ5168DjjGWZgbvzGfysEAj9fnexF24gYFKJHENU5cc8a,5FYwKoHYfiuy9m2yM4wbwM5pQyaEP38MBTTZS8RwNKRuQ8mi,25,656031775094514,656053664149278
9017002,5HTeZ5168DjjGWZgbvzGfysEAj9fnexF24gYFKJHENU5cc8a,FREE,-1,346727681,346727681
9017362,5HTeZ5168DjjGWZgbvzGfysEAj9fnexF24gYFKJHENU5cc8a,5F6aRdsBHajN2NhZHBTB6ibBFu7YuZZEWruWzB8x6B6GiZ4D,25,62271216195120,62336014547040
9017362,5HTeZ5168DjjGWZgbvzGfysEAj9fnexF24gYFKJHENU5cc8a,5FYwKoHYfiuy9m2yM4wbwM5pQyaEP38MBTTZS8RwNKRuQ8mi,25,656053664149278,656075549603059
9017362,5HTeZ5168DjjGWZgbvzGfysEAj9fnexF24gYFKJHENU5cc8a,FREE,-1,346727681,346727681
9017722,5HTeZ5168DjjGWZgbvzGfysEAj9fnexF24gYFKJHENU5cc8a,5F6aRdsBHajN2NhZHBTB6ibBFu7YuZZEWruWzB8x6B6GiZ4D,25,62336014547040,62400812898960
9017722,5HTeZ5168DjjGWZgbvzGfysEAj9fnexF24gYFKJHENU5cc8a,5FYwKoHYfiuy9m2yM4wbwM5pQyaEP38MBTTZS8RwNKRuQ8mi,25,656075549603059,656097421949399
9017722,5HTeZ5168DjjGWZgbvzGfysEAj9fnexF24gYFKJHENU5cc8a,FREE,-1,346727681,346727681
9018082,5HTeZ5168DjjGWZgbvzGfysEAj9fnexF24gYFKJHENU5cc8a,5F6aRdsBHajN2NhZHBTB6ibBFu7YuZZEWruWzB8x6B6GiZ4D,25,62400812898960,62465611250880
9018082,5HTeZ5168DjjGWZgbvzGfysEAj9fnexF24gYFKJHENU5cc8a,5FYwKoHYfiuy9m2yM4wbwM5pQyaEP38MBTTZS8RwNKRuQ8mi,25,656097421949399,656119289433916
9018082,5HTeZ5168DjjGWZgbvzGfysEAj9fnexF24gYFKJHENU5cc8a,FREE,-1,346727681,346727681
9018442,5HTeZ5168DjjGWZgbvzGfysEAj9fnexF24gYFKJHENU5cc8a,5F6aRdsBHajN2NhZHBTB6ibBFu7YuZZEWruWzB8x6B6GiZ4D,25,62465611250880,62530409602800
9018442,5HTeZ5168DjjGWZgbvzGfysEAj9fnexF24gYFKJHENU5cc8a,5FYwKoHYfiuy9m2yM4wbwM5pQyaEP38MBTTZS8RwNKRuQ8mi,25,656119289433916,656141158317151
9018442,5HTeZ5168DjjGWZgbvzGfysEAj9fnexF24gYFKJHENU5cc8a,FREE,-1,346727681,346727681
9018802,5HTeZ5168DjjGWZgbvzGfysEAj9fnexF24gYFKJHENU5cc8a,5F6aRdsBHajN2NhZHBTB6ibBFu7YuZZEWruWzB8x6B6GiZ4D,25,62530409602800,62595207954720
9018802,5HTeZ5168DjjGWZgbvzGfysEAj9fnexF24gYFKJHENU5cc8a,5FYwKoHYfiuy9m2yM4wbwM5pQyaEP38MBTTZS8RwNKRuQ8mi,25,656141158317151,656163021290744
9018802,5HTeZ5168DjjGWZgbvzGfysEAj9fnexF24gYFKJHENU5cc8a,FREE,-1,346727681,346727681
9019162,5HTeZ5168DjjGWZgbvzGfysEAj9fnexF24gYFKJHENU5cc8a,5F6aRdsBHajN2NhZHBTB6ibBFu7YuZZEWruWzB8x6B6GiZ4D,25,62595207954720,62660006306640
9019162,5HTeZ5168DjjGWZgbvzGfysEAj9fnexF24gYFKJHENU5cc8a,5FYwKoHYfiuy9m2yM4wbwM5pQyaEP38MBTTZS8RwNKRuQ8mi,25,656163021290744,656184882028359
9019162,5HTeZ5168DjjGWZgbvzGfysEAj9fnexF24gYFKJHENU5cc8a,FREE,-1,346727681,346727681
9019522,5HTeZ5168DjjGWZgbvzGfysEAj9fnexF24gYFKJHENU5cc8a,5F6aRdsBHajN2NhZHBTB6ibBFu7YuZZEWruWzB8x6B6GiZ4D,25,62660006306640,62724804658560
9019522,5HTeZ5168DjjGWZgbvzGfysEAj9fnexF24gYFKJHENU5cc8a,5FYwKoHYfiuy9m2yM4wbwM5pQyaEP38MBTTZS8RwNKRuQ8mi,25,656184882028359,656206738737779
9019522,5HTeZ5168DjjGWZgbvzGfysEAj9fnexF24gYFKJHENU5cc8a,FREE,-1,346727681,346727681
9019882,5HTeZ5168DjjGWZgbvzGfysEAj9fnexF24gYFKJHENU5cc8a,5F6aRdsBHajN2NhZHBTB6ibBFu7YuZZEWruWzB8x6B6GiZ4D,25,62724804658560,62789603010480
9019882,5HTeZ5168DjjGWZgbvzGfysEAj9fnexF24gYFKJHENU5cc8a,5FYwKoHYfiuy9m2yM4wbwM5pQyaEP38MBTTZS8RwNKRuQ8mi,25,656206738737779,656228594455958
9019882,5HTeZ5168DjjGWZgbvzGfysEAj9fnexF24gYFKJHENU5cc8a,FREE,-1,346727681,346727681
9020242,5HTeZ5168DjjGWZgbvzGfysEAj9fnexF24gYFKJHENU5cc8a,5F6aRdsBHajN2NhZHBTB6ibBFu7YuZZEWruWzB8x6B6GiZ4D,25,62789603010480,62854401362400
9020242,5HTeZ5168DjjGWZgbvzGfysEAj9fnexF24gYFKJHENU5cc8a,5FYwKoHYfiuy9m2yM4wbwM5pQyaEP38MBTTZS8RwNKRuQ8mi,25,656228594455958,656250449593311
9020242,5HTeZ5168DjjGWZgbvzGfysEAj9fnexF24gYFKJHENU5cc8a,FREE,-1,346727681,346727681
9020602,5HTeZ5168DjjGWZgbvzGfysEAj9fnexF24gYFKJHENU5cc8a,5CyQFykVpfa9xgZVGgBsiNUpjbo1EihBTSkPvDC1FZbL1wxG,25,62854401362400,62919199714320
9020602,5HTeZ5168DjjGWZgbvzGfysEAj9fnexF24gYFKJHENU5cc8a,5FYwKoHYfiuy9m2yM4wbwM5pQyaEP38MBTTZS8RwNKRuQ8mi,25,656250449593311,656272304294295
9020602,5HTeZ5168DjjGWZgbvzGfysEAj9fnexF24gYFKJHENU5cc8a,FREE,-1,345727681,345727681
9020962,5HTeZ5168DjjGWZgbvzGfysEAj9fnexF24gYFKJHENU5cc8a,5CyQFykVpfa9xgZVGgBsiNUpjbo1EihBTSkPvDC1FZbL1wxG,25,62919199714320,62983998066240
9020962,5HTeZ5168DjjGWZgbvzGfysEAj9fnexF24gYFKJHENU5cc8a,5FYwKoHYfiuy9m2yM4wbwM5pQyaEP38MBTTZS8RwNKRuQ8mi,25,656272304294295,656294151809420
9020962,5HTeZ5168DjjGWZgbvzGfysEAj9fnexF24gYFKJHENU5cc8a,FREE,-1,345727681,345727681
9021322,5HTeZ5168DjjGWZgbvzGfysEAj9fnexF24gYFKJHENU5cc8a,5CyQFykVpfa9xgZVGgBsiNUpjbo1EihBTSkPvDC1FZbL1wxG,25,62983998066240,63048796418160
9021322,5HTeZ5168DjjGWZgbvzGfysEAj9fnexF24gYFKJHENU5cc8a,5FYwKoHYfiuy9m2yM4wbwM5pQyaEP38MBTTZS8RwNKRuQ8mi,25,656294151809420,656316004262918
9021322,5HTeZ5168DjjGWZgbvzGfysEAj9fnexF24gYFKJHENU5cc8a,FREE,-1,345727681,345727681
9021682,5HTeZ5168DjjGWZgbvzGfysEAj9fnexF24gYFKJHENU5cc8a,5CyQFykVpfa9xgZVGgBsiNUpjbo1EihBTSkPvDC1FZbL1wxG,25,613048796418160,613113594770080
9021682,5HTeZ5168DjjGWZgbvzGfysEAj9fnexF24gYFKJHENU5cc8a,5FYwKoHYfiuy9m2yM4wbwM5pQyaEP38MBTTZS8RwNKRuQ8mi,25,106316004262918,106328809773777
9021682,5HTeZ5168DjjGWZgbvzGfysEAj9fnexF24gYFKJHENU5cc8a,FREE,-1,345727681,345727681
9022042,5HTeZ5168DjjGWZgbvzGfysEAj9fnexF24gYFKJHENU5cc8a,5CyQFykVpfa9xgZVGgBsiNUpjbo1EihBTSkPvDC1FZbL1wxG,25,613113594770080,613178393122000
9022042,5HTeZ5168DjjGWZgbvzGfysEAj9fnexF24gYFKJHENU5cc8a,5FYwKoHYfiuy9m2yM4wbwM5pQyaEP38MBTTZS8RwNKRuQ8mi,25,106328809773777,106340771267267
9022042,5HTeZ5168DjjGWZgbvzGfysEAj9fnexF24gYFKJHENU5cc8a,FREE,-1,345727681,345727681
9022402,5HTeZ5168DjjGWZgbvzGfysEAj9fnexF24gYFKJHENU5cc8a,5CyQFykVpfa9xgZVGgBsiNUpjbo1EihBTSkPvDC1FZbL1wxG,25,613178393122000,613243191473920
9022402,5HTeZ5168DjjGWZgbvzGfysEAj9fnexF24gYFKJHENU5cc8a,5FYwKoHYfiuy9m2yM4wbwM5pQyaEP38MBTTZS8RwNKRuQ8mi,25,106340771267267,106351964896680
9022402,5HTeZ5168DjjGWZgbvzGfysEAj9fnexF24gYFKJHENU5cc8a,FREE,-1,345727681,345727681
9022762,5HTeZ5168DjjGWZgbvzGfysEAj9fnexF24gYFKJHENU5cc8a,5CyQFykVpfa9xgZVGgBsiNUpjbo1EihBTSkPvDC1FZbL1wxG,25,613243191473920,613307989825840
9022762,5HTeZ5168DjjGWZgbvzGfysEAj9fnexF24gYFKJHENU5cc8a,5FYwKoHYfiuy9m2yM4wbwM5pQyaEP38MBTTZS8RwNKRuQ8mi,25,106351964896680,106362474434732
9022762,5HTeZ5168DjjGWZgbvzGfysEAj9fnexF24gYFKJHENU5cc8a,FREE,-1,345727681,345727681
9023122,5HTeZ5168DjjGWZgbvzGfysEAj9fnexF24gYFKJHENU5cc8a,5CyQFykVpfa9xgZVGgBsiNUpjbo1EihBTSkPvDC1FZbL1wxG,25,613307989825840,613372788177760
9023122,5HTeZ5168DjjGWZgbvzGfysEAj9fnexF24gYFKJHENU5cc8a,5FYwKoHYfiuy9m2yM4wbwM5pQyaEP38MBTTZS8RwNKRuQ8mi,25,106362474434732,106372366848348
9023122,5HTeZ5168DjjGWZgbvzGfysEAj9fnexF24gYFKJHENU5cc8a,FREE,-1,345727681,345727681
9023482,5HTeZ5168DjjGWZgbvzGfysEAj9fnexF24gYFKJHENU5cc8a,5CyQFykVpfa9xgZVGgBsiNUpjbo1EihBTSkPvDC1FZbL1wxG,25,613372788177760,613437586529680
9023482,5HTeZ5168DjjGWZgbvzGfysEAj9fnexF24gYFKJHENU5cc8a,5FYwKoHYfiuy9m2yM4wbwM5pQyaEP38MBTTZS8RwNKRuQ8mi,25,106372366848348,106381702683662
9023482,5HTeZ5168DjjGWZgbvzGfysEAj9fnexF24gYFKJHENU5cc8a,FREE,-1,345727681,345727681
9023842,5HTeZ5168DjjGWZgbvzGfysEAj9fnexF24gYFKJHENU5cc8a,5CyQFykVpfa9xgZVGgBsiNUpjbo1EihBTSkPvDC1FZbL1wxG,25,613437586529680,613502384881600
9023842,5HTeZ5168DjjGWZgbvzGfysEAj9fnexF24gYFKJHENU5cc8a,5FYwKoHYfiuy9m2yM4wbwM5pQyaEP38MBTTZS8RwNKRuQ8mi,25,106381702683662,106390538045866
9023842,5HTeZ5168DjjGWZgbvzGfysEAj9fnexF24gYFKJHENU5cc8a,FREE,-1,345727681,345727681
9024202,5HTeZ5168DjjGWZgbvzGfysEAj9fnexF24gYFKJHENU5cc8a,5CyQFykVpfa9xgZVGgBsiNUpjbo1EihBTSkPvDC1FZbL1wxG,25,613502384881600,613567183233520
9024202,5HTeZ5168DjjGWZgbvzGfysEAj9fnexF24gYFKJHENU5cc8a,5FYwKoHYfiuy9m2yM4wbwM5pQyaEP38MBTTZS8RwNKRuQ8mi,25,106390538045866,106399091040757
9024202,5HTeZ5168DjjGWZgbvzGfysEAj9fnexF24gYFKJHENU5cc8a,FREE,-1,345727681,345727681
9024562,5HTeZ5168DjjGWZgbvzGfysEAj9fnexF24gYFKJHENU5cc8a,5CyQFykVpfa9xgZVGgBsiNUpjbo1EihBTSkPvDC1FZbL1wxG,25,613567183233520,613631981585440
9024562,5HTeZ5168DjjGWZgbvzGfysEAj9fnexF24gYFKJHENU5cc8a,5FYwKoHYfiuy9m2yM4wbwM5pQyaEP38MBTTZS8RwNKRuQ8mi,25,106399091040757,106407196737922
9024562,5HTeZ5168DjjGWZgbvzGfysEAj9fnexF24gYFKJHENU5cc8a,FREE,-1,345727681,345727681
9024922,5HTeZ5168DjjGWZgbvzGfysEAj9fnexF24gYFKJHENU5cc8a,5CyQFykVpfa9xgZVGgBsiNUpjbo1EihBTSkPvDC1FZbL1wxG,25,613631981585440,613696779937360
9024922,5HTeZ5168DjjGWZgbvzGfysEAj9fnexF24gYFKJHENU5cc8a,5FYwKoHYfiuy9m2yM4wbwM5pQyaEP38MBTTZS8RwNKRuQ8mi,25,106407196737922,106414923685806
9024922,5HTeZ5168DjjGWZgbvzGfysEAj9fnexF24gYFKJHENU5cc8a,FREE,-1,345727681,345727681
9025282,5HTeZ5168DjjGWZgbvzGfysEAj9fnexF24gYFKJHENU5cc8a,5CyQFykVpfa9xgZVGgBsiNUpjbo1EihBTSkPvDC1FZbL1wxG,25,719696779937360,719761578289280
9025282,5HTeZ5168DjjGWZgbvzGfysEAj9fnexF24gYFKJHENU5cc8a,5FYwKoHYfiuy9m2yM4wbwM5pQyaEP38MBTTZS8RwNKRuQ8mi,25,414923685806,414989708610
9025282,5HTeZ5168DjjGWZgbvzGfysEAj9fnexF24gYFKJHENU5cc8a,FREE,-1,345727681,345727681
9025642,5HTeZ5168DjjGWZgbvzGfysEAj9fnexF24gYFKJHENU5cc8a,5CyQFykVpfa9xgZVGgBsiNUpjbo1EihBTSkPvDC1FZbL1wxG,25,719761578289280,719826376641200
9025642,5HTeZ5168DjjGWZgbvzGfysEAj9fnexF24gYFKJHENU5cc8a,5FYwKoHYfiuy9m2yM4wbwM5pQyaEP38MBTTZS8RwNKRuQ8mi,25,414989708610,415050840313
9025642,5HTeZ5168DjjGWZgbvzGfysEAj9fnexF24gYFKJHENU5cc8a,FREE,-1,345727681,345727681
9026002,5HTeZ5168DjjGWZgbvzGfysEAj9fnexF24gYFKJHENU5cc8a,5CyQFykVpfa9xgZVGgBsiNUpjbo1EihBTSkPvDC1FZbL1wxG,25,719826376641200,719891174993120
9026002,5HTeZ5168DjjGWZgbvzGfysEAj9fnexF24gYFKJHENU5cc8a,5FYwKoHYfiuy9m2yM4wbwM5pQyaEP38MBTTZS8RwNKRuQ8mi,25,415050840313,415107054043
9026002,5HTeZ5168DjjGWZgbvzGfysEAj9fnexF24gYFKJHENU5cc8a,FREE,-1,345727681,345727681
9026362,5HTeZ5168DjjGWZgbvzGfysEAj9fnexF24gYFKJHENU5cc8a,5CyQFykVpfa9xgZVGgBsiNUpjbo1EihBTSkPvDC1FZbL1wxG,25,719891174993120,719955973345040
9026362,5HTeZ5168DjjGWZgbvzGfysEAj9fnexF24gYFKJHENU5cc8a,5FYwKoHYfiuy9m2yM4wbwM5pQyaEP38MBTTZS8RwNKRuQ8mi,25,415107054043,415159455722
9026362,5HTeZ5168DjjGWZgbvzGfysEAj9fnexF24gYFKJHENU5cc8a,FREE,-1,345727681,345727681
9026722,5HTeZ5168DjjGWZgbvzGfysEAj9fnexF24gYFKJHENU5cc8a,5CyQFykVpfa9xgZVGgBsiNUpjbo1EihBTSkPvDC1FZbL1wxG,25,719955973345040,720020771696960
9026722,5HTeZ5168DjjGWZgbvzGfysEAj9fnexF24gYFKJHENU5cc8a,5FYwKoHYfiuy9m2yM4wbwM5pQyaEP38MBTTZS8RwNKRuQ8mi,25,415159455722,415208208914
9026722,5HTeZ5168DjjGWZgbvzGfysEAj9fnexF24gYFKJHENU5cc8a,FREE,-1,345727681,345727681
9027082,5HTeZ5168DjjGWZgbvzGfysEAj9fnexF24gYFKJHENU5cc8a,5CyQFykVpfa9xgZVGgBsiNUpjbo1EihBTSkPvDC1FZbL1wxG,25,720020771696960,720085570048880
9027082,5HTeZ5168DjjGWZgbvzGfysEAj9fnexF24gYFKJHENU5cc8a,5FYwKoHYfiuy9m2yM4wbwM5pQyaEP38MBTTZS8RwNKRuQ8mi,25,415208208914,415254048280
9027082,5HTeZ5168DjjGWZgbvzGfysEAj9fnexF24gYFKJHENU5cc8a,FREE,-1,345727681,345727681
9027442,5HTeZ5168DjjGWZgbvzGfysEAj9fnexF24gYFKJHENU5cc8a,5CyQFykVpfa9xgZVGgBsiNUpjbo1EihBTSkPvDC1FZbL1wxG,25,720085570048880,720153350916305
9027442,5HTeZ5168DjjGWZgbvzGfysEAj9fnexF24gYFKJHENU5cc8a,5FYwKoHYfiuy9m2yM4wbwM5pQyaEP38MBTTZS8RwNKRuQ8mi,25,415254048280,415296419361
9027442,5HTeZ5168DjjGWZgbvzGfysEAj9fnexF24gYFKJHENU5cc8a,FREE,-1,345727681,345727681
9027802,5HTeZ5168DjjGWZgbvzGfysEAj9fnexF24gYFKJHENU5cc8a,5CyQFykVpfa9xgZVGgBsiNUpjbo1EihBTSkPvDC1FZbL1wxG,25,720153350916305,720223710521967
9027802,5HTeZ5168DjjGWZgbvzGfysEAj9fnexF24gYFKJHENU5cc8a,5FYwKoHYfiuy9m2yM4wbwM5pQyaEP38MBTTZS8RwNKRuQ8mi,25,415296419361,415322715755
9027802,5HTeZ5168DjjGWZgbvzGfysEAj9fnexF24gYFKJHENU5cc8a,FREE,-1,345727681,345727681
9028162,5HTeZ5168DjjGWZgbvzGfysEAj9fnexF24gYFKJHENU5cc8a,5CyQFykVpfa9xgZVGgBsiNUpjbo1EihBTSkPvDC1FZbL1wxG,25,720223710521967,720296404044410
9028162,5HTeZ5168DjjGWZgbvzGfysEAj9fnexF24gYFKJHENU5cc8a,5FYwKoHYfiuy9m2yM4wbwM5pQyaEP38MBTTZS8RwNKRuQ8mi,25,415322715755,415347647066
9028162,5HTeZ5168DjjGWZgbvzGfysEAj9fnexF24gYFKJHENU5cc8a,FREE,-1,345727681,345727681
9028522,5HTeZ5168DjjGWZgbvzGfysEAj9fnexF24gYFKJHENU5cc8a,5CyQFykVpfa9xgZVGgBsiNUpjbo1EihBTSkPvDC1FZbL1wxG,25,720296404044410,720371186742086
9028522,5HTeZ5168DjjGWZgbvzGfysEAj9fnexF24gYFKJHENU5cc8a,5FYwKoHYfiuy9m2yM4wbwM5pQyaEP38MBTTZS8RwNKRuQ8mi,25,415347647066,415371390629
9028522,5HTeZ5168DjjGWZgbvzGfysEAj9fnexF24gYFKJHENU5cc8a,FREE,-1,345727681,345727681
9028882,5HTeZ5168DjjGWZgbvzGfysEAj9fnexF24gYFKJHENU5cc8a,5CyQFykVpfa9xgZVGgBsiNUpjbo1EihBTSkPvDC1FZbL1wxG,25,720371186742086,720447822163706
9028882,5HTeZ5168DjjGWZgbvzGfysEAj9fnexF24gYFKJHENU5cc8a,5FYwKoHYfiuy9m2yM4wbwM5pQyaEP38MBTTZS8RwNKRuQ8mi,25,415371390629,415394113440
9028882,5HTeZ5168DjjGWZgbvzGfysEAj9fnexF24gYFKJHENU5cc8a,FREE,-1,345727681,345727681
9029242,5HTeZ5168DjjGWZgbvzGfysEAj9fnexF24gYFKJHENU5cc8a,5CyQFykVpfa9xgZVGgBsiNUpjbo1EihBTSkPvDC1FZbL1wxG,25,720447822163706,720526117663680
9029242,5HTeZ5168DjjGWZgbvzGfysEAj9fnexF24gYFKJHENU5cc8a,5FYwKoHYfiuy9m2yM4wbwM5pQyaEP38MBTTZS8RwNKRuQ8mi,25,415394113440,415415878428
9029242,5HTeZ5168DjjGWZgbvzGfysEAj9fnexF24gYFKJHENU5cc8a,FREE,-1,345727681,345727681
9029602,5HTeZ5168DjjGWZgbvzGfysEAj9fnexF24gYFKJHENU5cc8a,5CyQFykVpfa9xgZVGgBsiNUpjbo1EihBTSkPvDC1FZbL1wxG,25,720526117663680,720605965633084
9029602,5HTeZ5168DjjGWZgbvzGfysEAj9fnexF24gYFKJHENU5cc8a,5FYwKoHYfiuy9m2yM4wbwM5pQyaEP38MBTTZS8RwNKRuQ8mi,25,415415878428,415432614009
9029602,5HTeZ5168DjjGWZgbvzGfysEAj9fnexF24gYFKJHENU5cc8a,FREE,-1,345727681,345727681
9029962,5HTeZ5168DjjGWZgbvzGfysEAj9fnexF24gYFKJHENU5cc8a,5CyQFykVpfa9xgZVGgBsiNUpjbo1EihBTSkPvDC1FZbL1wxG,25,720605965633084,720687107256948
9029962,5HTeZ5168DjjGWZgbvzGfysEAj9fnexF24gYFKJHENU5cc8a,5FYwKoHYfiuy9m2yM4wbwM5pQyaEP38MBTTZS8RwNKRuQ8mi,25,415432614009,415449009918
9029962,5HTeZ5168DjjGWZgbvzGfysEAj9fnexF24gYFKJHENU5cc8a,FREE,-1,345727681,345727681
9030322,5HTeZ5168DjjGWZgbvzGfysEAj9fnexF24gYFKJHENU5cc8a,5CyQFykVpfa9xgZVGgBsiNUpjbo1EihBTSkPvDC1FZbL1wxG,25,720687107256948,720769327269775
9030322,5HTeZ5168DjjGWZgbvzGfysEAj9fnexF24gYFKJHENU5cc8a,5FYwKoHYfiuy9m2yM4wbwM5pQyaEP38MBTTZS8RwNKRuQ8mi,25,415449009918,415465040458
9030322,5HTeZ5168DjjGWZgbvzGfysEAj9fnexF24gYFKJHENU5cc8a,FREE,-1,345727681,345727681
9030682,5HTeZ5168DjjGWZgbvzGfysEAj9fnexF24gYFKJHENU5cc8a,5CyQFykVpfa9xgZVGgBsiNUpjbo1EihBTSkPvDC1FZbL1wxG,25,720769327269775,720852661073149
9030682,5HTeZ5168DjjGWZgbvzGfysEAj9fnexF24gYFKJHENU5cc8a,5FYwKoHYfiuy9m2yM4wbwM5pQyaEP38MBTTZS8RwNKRuQ8mi,25,415465040458,415486110908
9030682,5HTeZ5168DjjGWZgbvzGfysEAj9fnexF24gYFKJHENU5cc8a,FREE,-1,345727681,345727681
9031042,5HTeZ5168DjjGWZgbvzGfysEAj9fnexF24gYFKJHENU5cc8a,5CyQFykVpfa9xgZVGgBsiNUpjbo1EihBTSkPvDC1FZbL1wxG,25,720852661073149,720936912380456
9031042,5HTeZ5168DjjGWZgbvzGfysEAj9fnexF24gYFKJHENU5cc8a,5FYwKoHYfiuy9m2yM4wbwM5pQyaEP38MBTTZS8RwNKRuQ8mi,25,415486110908,415506356244
9031042,5HTeZ5168DjjGWZgbvzGfysEAj9fnexF24gYFKJHENU5cc8a,FREE,-1,345727681,345727681
9031402,5HTeZ5168DjjGWZgbvzGfysEAj9fnexF24gYFKJHENU5cc8a,5CyQFykVpfa9xgZVGgBsiNUpjbo1EihBTSkPvDC1FZbL1wxG,25,720936912380456,721021991465210
9031402,5HTeZ5168DjjGWZgbvzGfysEAj9fnexF24gYFKJHENU5cc8a,5FYwKoHYfiuy9m2yM4wbwM5pQyaEP38MBTTZS8RwNKRuQ8mi,25,415506356244,415525969636
9031402,5HTeZ5168DjjGWZgbvzGfysEAj9fnexF24gYFKJHENU5cc8a,FREE,-1,345727681,345727681
9031762,5HTeZ5168DjjGWZgbvzGfysEAj9fnexF24gYFKJHENU5cc8a,5CyQFykVpfa9xgZVGgBsiNUpjbo1EihBTSkPvDC1FZbL1wxG,25,721021991465210,721107812968150
9031762,5HTeZ5168DjjGWZgbvzGfysEAj9fnexF24gYFKJHENU5cc8a,5FYwKoHYfiuy9m2yM4wbwM5pQyaEP38MBTTZS8RwNKRuQ8mi,25,415525969636,415544962222
9031762,5HTeZ5168DjjGWZgbvzGfysEAj9fnexF24gYFKJHENU5cc8a,FREE,-1,345727681,345727681
9032122,5HTeZ5168DjjGWZgbvzGfysEAj9fnexF24gYFKJHENU5cc8a,5CyQFykVpfa9xgZVGgBsiNUpjbo1EihBTSkPvDC1FZbL1wxG,25,721107812968150,721194305095665
9032122,5HTeZ5168DjjGWZgbvzGfysEAj9fnexF24gYFKJHENU5cc8a,5FYwKoHYfiuy9m2yM4wbwM5pQyaEP38MBTTZS8RwNKRuQ8mi,25,415544962222,415563403114
9032122,5HTeZ5168DjjGWZgbvzGfysEAj9fnexF24gYFKJHENU5cc8a,FREE,-1,345727681,345727681
9032482,5HTeZ5168DjjGWZgbvzGfysEAj9fnexF24gYFKJHENU5cc8a,5CyQFykVpfa9xgZVGgBsiNUpjbo1EihBTSkPvDC1FZbL1wxG,25,721194305095665,721281392896059
9032482,5HTeZ5168DjjGWZgbvzGfysEAj9fnexF24gYFKJHENU5cc8a,5FYwKoHYfiuy9m2yM4wbwM5pQyaEP38MBTTZS8RwNKRuQ8mi,25,415563403114,415581375616
9032482,5HTeZ5168DjjGWZgbvzGfysEAj9fnexF24gYFKJHENU5cc8a,FREE,-1,345727681,345727681
9032842,5HTeZ5168DjjGWZgbvzGfysEAj9fnexF24gYFKJHENU5cc8a,5CyQFykVpfa9xgZVGgBsiNUpjbo1EihBTSkPvDC1FZbL1wxG,25,721281392896059,721369026887490
9032842,5HTeZ5168DjjGWZgbvzGfysEAj9fnexF24gYFKJHENU5cc8a,5FYwKoHYfiuy9m2yM4wbwM5pQyaEP38MBTTZS8RwNKRuQ8mi,25,415581375616,415598903788
9032842,5HTeZ5168DjjGWZgbvzGfysEAj9fnexF24gYFKJHENU5cc8a,FREE,-1,345727681,345727681
9033202,5HTeZ5168DjjGWZgbvzGfysEAj9fnexF24gYFKJHENU5cc8a,5CyQFykVpfa9xgZVGgBsiNUpjbo1EihBTSkPvDC1FZbL1wxG,25,721369026887490,721457049799168
9033202,5HTeZ5168DjjGWZgbvzGfysEAj9fnexF24gYFKJHENU5cc8a,5FYwKoHYfiuy9m2yM4wbwM5pQyaEP38MBTTZS8RwNKRuQ8mi,25,415598903788,415612181909
9033202,5HTeZ5168DjjGWZgbvzGfysEAj9fnexF24gYFKJHENU5cc8a,FREE,-1,345727681,345727681
9033562,5HTeZ5168DjjGWZgbvzGfysEAj9fnexF24gYFKJHENU5cc8a,5CyQFykVpfa9xgZVGgBsiNUpjbo1EihBTSkPvDC1FZbL1wxG,25,721457049799168,721545530313095
9033562,5HTeZ5168DjjGWZgbvzGfysEAj9fnexF24gYFKJHENU5cc8a,5FYwKoHYfiuy9m2yM4wbwM5pQyaEP38MBTTZS8RwNKRuQ8mi,25,415612181909,415625519759
9033562,5HTeZ5168DjjGWZgbvzGfysEAj9fnexF24gYFKJHENU5cc8a,FREE,-1,345727681,345727681
9033922,5HTeZ5168DjjGWZgbvzGfysEAj9fnexF24gYFKJHENU5cc8a,5CyQFykVpfa9xgZVGgBsiNUpjbo1EihBTSkPvDC1FZbL1wxG,25,721545530313095,721634433071014
9033922,5HTeZ5168DjjGWZgbvzGfysEAj9fnexF24gYFKJHENU5cc8a,5FYwKoHYfiuy9m2yM4wbwM5pQyaEP38MBTTZS8RwNKRuQ8mi,25,415625519759,415638917149
9033922,5HTeZ5168DjjGWZgbvzGfysEAj9fnexF24gYFKJHENU5cc8a,FREE,-1,345727681,345727681
9034282,5HTeZ5168DjjGWZgbvzGfysEAj9fnexF24gYFKJHENU5cc8a,5CyQFykVpfa9xgZVGgBsiNUpjbo1EihBTSkPvDC1FZbL1wxG,25,721634433071014,721723701595486
9034282,5HTeZ5168DjjGWZgbvzGfysEAj9fnexF24gYFKJHENU5cc8a,5FYwKoHYfiuy9m2yM4wbwM5pQyaEP38MBTTZS8RwNKRuQ8mi,25,415638917149,415652358947
9034282,5HTeZ5168DjjGWZgbvzGfysEAj9fnexF24gYFKJHENU5cc8a,FREE,-1,345727681,345727681
9034642,5HTeZ5168DjjGWZgbvzGfysEAj9fnexF24gYFKJHENU5cc8a,5CyQFykVpfa9xgZVGgBsiNUpjbo1EihBTSkPvDC1FZbL1wxG,25,721723701595486,721813300254896
9034642,5HTeZ5168DjjGWZgbvzGfysEAj9fnexF24gYFKJHENU5cc8a,5FYwKoHYfiuy9m2yM4wbwM5pQyaEP38MBTTZS8RwNKRuQ8mi,25,415652358947,415665818175
9034642,5HTeZ5168DjjGWZgbvzGfysEAj9fnexF24gYFKJHENU5cc8a,FREE,-1,345727681,345727681
9035002,5HTeZ5168DjjGWZgbvzGfysEAj9fnexF24gYFKJHENU5cc8a,5CyQFykVpfa9xgZVGgBsiNUpjbo1EihBTSkPvDC1FZbL1wxG,25,721813300254896,721903187944419
9035002,5HTeZ5168DjjGWZgbvzGfysEAj9fnexF24gYFKJHENU5cc8a,5FYwKoHYfiuy9m2yM4wbwM5pQyaEP38MBTTZS8RwNKRuQ8mi,25,415665818175,415679268683
9035002,5HTeZ5168DjjGWZgbvzGfysEAj9fnexF24gYFKJHENU5cc8a,FREE,-1,345727681,345727681
9035362,5HTeZ5168DjjGWZgbvzGfysEAj9fnexF24gYFKJHENU5cc8a,5CyQFykVpfa9xgZVGgBsiNUpjbo1EihBTSkPvDC1FZbL1wxG,25,721903187944419,721993336547641
9035362,5HTeZ5168DjjGWZgbvzGfysEAj9fnexF24gYFKJHENU5cc8a,5FYwKoHYfiuy9m2yM4wbwM5pQyaEP38MBTTZS8RwNKRuQ8mi,25,415679268683,415692730710
9035362,5HTeZ5168DjjGWZgbvzGfysEAj9fnexF24gYFKJHENU5cc8a,FREE,-1,345727681,345727681
9035722,5HTeZ5168DjjGWZgbvzGfysEAj9fnexF24gYFKJHENU5cc8a,5CyQFykVpfa9xgZVGgBsiNUpjbo1EihBTSkPvDC1FZbL1wxG,25,721993336547641,722083718759154
9035722,5HTeZ5168DjjGWZgbvzGfysEAj9fnexF24gYFKJHENU5cc8a,5FYwKoHYfiuy9m2yM4wbwM5pQyaEP38MBTTZS8RwNKRuQ8mi,25,415692730710,415706227969
9035722,5HTeZ5168DjjGWZgbvzGfysEAj9fnexF24gYFKJHENU5cc8a,FREE,-1,345727681,345727681
9036082,5HTeZ5168DjjGWZgbvzGfysEAj9fnexF24gYFKJHENU5cc8a,5CyQFykVpfa9xgZVGgBsiNUpjbo1EihBTSkPvDC1FZbL1wxG,25,722083718759154,722174310809230
9036082,5HTeZ5168DjjGWZgbvzGfysEAj9fnexF24gYFKJHENU5cc8a,5FYwKoHYfiuy9m2yM4wbwM5pQyaEP38MBTTZS8RwNKRuQ8mi,25,415706227969,415719757274
9036082,5HTeZ5168DjjGWZgbvzGfysEAj9fnexF24gYFKJHENU5cc8a,FREE,-1,345727681,345727681
9036442,5HTeZ5168DjjGWZgbvzGfysEAj9fnexF24gYFKJHENU5cc8a,5CyQFykVpfa9xgZVGgBsiNUpjbo1EihBTSkPvDC1FZbL1wxG,25,722174310809230,722265094683691
9036442,5HTeZ5168DjjGWZgbvzGfysEAj9fnexF24gYFKJHENU5cc8a,5FYwKoHYfiuy9m2yM4wbwM5pQyaEP38MBTTZS8RwNKRuQ8mi,25,415719757274,415733316086
9036442,5HTeZ5168DjjGWZgbvzGfysEAj9fnexF24gYFKJHENU5cc8a,FREE,-1,345727681,345727681
9036802,5HTeZ5168DjjGWZgbvzGfysEAj9fnexF24gYFKJHENU5cc8a,5CyQFykVpfa9xgZVGgBsiNUpjbo1EihBTSkPvDC1FZbL1wxG,25,722265094683691,722356027957514
9036802,5HTeZ5168DjjGWZgbvzGfysEAj9fnexF24gYFKJHENU5cc8a,5FYwKoHYfiuy9m2yM4wbwM5pQyaEP38MBTTZS8RwNKRuQ8mi,25,415733316086,415746849498
9036802,5HTeZ5168DjjGWZgbvzGfysEAj9fnexF24gYFKJHENU5cc8a,FREE,-1,345727681,345727681
9037162,5HTeZ5168DjjGWZgbvzGfysEAj9fnexF24gYFKJHENU5cc8a,5CyQFykVpfa9xgZVGgBsiNUpjbo1EihBTSkPvDC1FZbL1wxG,25,722356027957514,722447100437452
9037162,5HTeZ5168DjjGWZgbvzGfysEAj9fnexF24gYFKJHENU5cc8a,5FYwKoHYfiuy9m2yM4wbwM5pQyaEP38MBTTZS8RwNKRuQ8mi,25,415746849498,415760433447
9037162,5HTeZ5168DjjGWZgbvzGfysEAj9fnexF24gYFKJHENU5cc8a,FREE,-1,345727681,345727681
9037522,5HTeZ5168DjjGWZgbvzGfysEAj9fnexF24gYFKJHENU5cc8a,5CyQFykVpfa9xgZVGgBsiNUpjbo1EihBTSkPvDC1FZbL1wxG,25,722447100437452,722538321764344
9037522,5HTeZ5168DjjGWZgbvzGfysEAj9fnexF24gYFKJHENU5cc8a,5FYwKoHYfiuy9m2yM4wbwM5pQyaEP38MBTTZS8RwNKRuQ8mi,25,415760433447,415774047775
9037522,5HTeZ5168DjjGWZgbvzGfysEAj9fnexF24gYFKJHENU5cc8a,FREE,-1,345727681,345727681
9037882,5HTeZ5168DjjGWZgbvzGfysEAj9fnexF24gYFKJHENU5cc8a,5CyQFykVpfa9xgZVGgBsiNUpjbo1EihBTSkPvDC1FZbL1wxG,25,722538321764344,722629665320209
9037882,5HTeZ5168DjjGWZgbvzGfysEAj9fnexF24gYFKJHENU5cc8a,5FYwKoHYfiuy9m2yM4wbwM5pQyaEP38MBTTZS8RwNKRuQ8mi,25,415774047775,415787720074
9037882,5HTeZ5168DjjGWZgbvzGfysEAj9fnexF24gYFKJHENU5cc8a,FREE,-1,345727681,345727681
9038242,5HTeZ5168DjjGWZgbvzGfysEAj9fnexF24gYFKJHENU5cc8a,5CyQFykVpfa9xgZVGgBsiNUpjbo1EihBTSkPvDC1FZbL1wxG,25,722629665320209,722721126802519
9038242,5HTeZ5168DjjGWZgbvzGfysEAj9fnexF24gYFKJHENU5cc8a,5FYwKoHYfiuy9m2yM4wbwM5pQyaEP38MBTTZS8RwNKRuQ8mi,25,415787720074,415801407778
9038242,5HTeZ5168DjjGWZgbvzGfysEAj9fnexF24gYFKJHENU5cc8a,FREE,-1,345727681,345727681
9038602,5HTeZ5168DjjGWZgbvzGfysEAj9fnexF24gYFKJHENU5cc8a,5CyQFykVpfa9xgZVGgBsiNUpjbo1EihBTSkPvDC1FZbL1wxG,25,722721126802519,722812682939827
9038602,5HTeZ5168DjjGWZgbvzGfysEAj9fnexF24gYFKJHENU5cc8a,5FYwKoHYfiuy9m2yM4wbwM5pQyaEP38MBTTZS8RwNKRuQ8mi,25,415801407778,415815124331
9038602,5HTeZ5168DjjGWZgbvzGfysEAj9fnexF24gYFKJHENU5cc8a,FREE,-1,345727681,345727681
9038962,5HTeZ5168DjjGWZgbvzGfysEAj9fnexF24gYFKJHENU5cc8a,5CyQFykVpfa9xgZVGgBsiNUpjbo1EihBTSkPvDC1FZbL1wxG,25,722812682939827,722904331414329
9038962,5HTeZ5168DjjGWZgbvzGfysEAj9fnexF24gYFKJHENU5cc8a,5FYwKoHYfiuy9m2yM4wbwM5pQyaEP38MBTTZS8RwNKRuQ8mi,25,415815124331,415828926505
9038962,5HTeZ5168DjjGWZgbvzGfysEAj9fnexF24gYFKJHENU5cc8a,FREE,-1,345727681,345727681
9039322,5HTeZ5168DjjGWZgbvzGfysEAj9fnexF24gYFKJHENU5cc8a,5CyQFykVpfa9xgZVGgBsiNUpjbo1EihBTSkPvDC1FZbL1wxG,25,722904331414329,722996060725444
9039322,5HTeZ5168DjjGWZgbvzGfysEAj9fnexF24gYFKJHENU5cc8a,5FYwKoHYfiuy9m2yM4wbwM5pQyaEP38MBTTZS8RwNKRuQ8mi,25,415828926505,415842729121
9039322,5HTeZ5168DjjGWZgbvzGfysEAj9fnexF24gYFKJHENU5cc8a,FREE,-1,345727681,345727681
9039682,5HTeZ5168DjjGWZgbvzGfysEAj9fnexF24gYFKJHENU5cc8a,5CyQFykVpfa9xgZVGgBsiNUpjbo1EihBTSkPvDC1FZbL1wxG,25,722996060725444,723087870723800
9039682,5HTeZ5168DjjGWZgbvzGfysEAj9fnexF24gYFKJHENU5cc8a,5FYwKoHYfiuy9m2yM4wbwM5pQyaEP38MBTTZS8RwNKRuQ8mi,25,415842729121,415856532593
9039682,5HTeZ5168DjjGWZgbvzGfysEAj9fnexF24gYFKJHENU5cc8a,FREE,-1,345727681,345727681
9040042,5HTeZ5168DjjGWZgbvzGfysEAj9fnexF24gYFKJHENU5cc8a,5CyQFykVpfa9xgZVGgBsiNUpjbo1EihBTSkPvDC1FZbL1wxG,25,723087870723800,723179755015448
9040042,5HTeZ5168DjjGWZgbvzGfysEAj9fnexF24gYFKJHENU5cc8a,5FYwKoHYfiuy9m2yM4wbwM5pQyaEP38MBTTZS8RwNKRuQ8mi,25,415856532593,415870338650
9040042,5HTeZ5168DjjGWZgbvzGfysEAj9fnexF24gYFKJHENU5cc8a,FREE,-1,345727681,345727681
9040402,5HTeZ5168DjjGWZgbvzGfysEAj9fnexF24gYFKJHENU5cc8a,5CyQFykVpfa9xgZVGgBsiNUpjbo1EihBTSkPvDC1FZbL1wxG,25,723179755015448,723271701194881
9040402,5HTeZ5168DjjGWZgbvzGfysEAj9fnexF24gYFKJHENU5cc8a,5FYwKoHYfiuy9m2yM4wbwM5pQyaEP38MBTTZS8RwNKRuQ8mi,25,415870338650,415884163370
9040402,5HTeZ5168DjjGWZgbvzGfysEAj9fnexF24gYFKJHENU5cc8a,FREE,-1,345727681,345727681
9040762,5HTeZ5168DjjGWZgbvzGfysEAj9fnexF24gYFKJHENU5cc8a,5CyQFykVpfa9xgZVGgBsiNUpjbo1EihBTSkPvDC1FZbL1wxG,25,723271701194881,723363703704405
9040762,5HTeZ5168DjjGWZgbvzGfysEAj9fnexF24gYFKJHENU5cc8a,5FYwKoHYfiuy9m2yM4wbwM5pQyaEP38MBTTZS8RwNKRuQ8mi,25,415884163370,415897987211
9040762,5HTeZ5168DjjGWZgbvzGfysEAj9fnexF24gYFKJHENU5cc8a,FREE,-1,345727681,345727681
9041122,5HTeZ5168DjjGWZgbvzGfysEAj9fnexF24gYFKJHENU5cc8a,5CyQFykVpfa9xgZVGgBsiNUpjbo1EihBTSkPvDC1FZbL1wxG,25,723363703704405,723455760526282
9041122,5HTeZ5168DjjGWZgbvzGfysEAj9fnexF24gYFKJHENU5cc8a,5FYwKoHYfiuy9m2yM4wbwM5pQyaEP38MBTTZS8RwNKRuQ8mi,25,415897987211,415911810291
9041122,5HTeZ5168DjjGWZgbvzGfysEAj9fnexF24gYFKJHENU5cc8a,FREE,-1,345727681,345727681
9041482,5HTeZ5168DjjGWZgbvzGfysEAj9fnexF24gYFKJHENU5cc8a,5CyQFykVpfa9xgZVGgBsiNUpjbo1EihBTSkPvDC1FZbL1wxG,25,723455760526282,723547865185415
9041482,5HTeZ5168DjjGWZgbvzGfysEAj9fnexF24gYFKJHENU5cc8a,5FYwKoHYfiuy9m2yM4wbwM5pQyaEP38MBTTZS8RwNKRuQ8mi,25,415911810291,415925633726
9041482,5HTeZ5168DjjGWZgbvzGfysEAj9fnexF24gYFKJHENU5cc8a,FREE,-1,345727681,345727681
9041842,5HTeZ5168DjjGWZgbvzGfysEAj9fnexF24gYFKJHENU5cc8a,5CyQFykVpfa9xgZVGgBsiNUpjbo1EihBTSkPvDC1FZbL1wxG,25,723547865185415,723640012572556
9041842,5HTeZ5168DjjGWZgbvzGfysEAj9fnexF24gYFKJHENU5cc8a,5FYwKoHYfiuy9m2yM4wbwM5pQyaEP38MBTTZS8RwNKRuQ8mi,25,415925633726,415939454827
9041842,5HTeZ5168DjjGWZgbvzGfysEAj9fnexF24gYFKJHENU5cc8a,FREE,-1,345727681,345727681
9042202,5HTeZ5168DjjGWZgbvzGfysEAj9fnexF24gYFKJHENU5cc8a,5CyQFykVpfa9xgZVGgBsiNUpjbo1EihBTSkPvDC1FZbL1wxG,25,723640012572556,723732183353221
9042202,5HTeZ5168DjjGWZgbvzGfysEAj9fnexF24gYFKJHENU5cc8a,5FYwKoHYfiuy9m2yM4wbwM5pQyaEP38MBTTZS8RwNKRuQ8mi,25,415939454827,415953266345
9042202,5HTeZ5168DjjGWZgbvzGfysEAj9fnexF24gYFKJHENU5cc8a,FREE,-1,345727681,345727681
9042562,5HTeZ5168DjjGWZgbvzGfysEAj9fnexF24gYFKJHENU5cc8a,5CyQFykVpfa9xgZVGgBsiNUpjbo1EihBTSkPvDC1FZbL1wxG,25,723732183353221,723824384879521
9042562,5HTeZ5168DjjGWZgbvzGfysEAj9fnexF24gYFKJHENU5cc8a,5FYwKoHYfiuy9m2yM4wbwM5pQyaEP38MBTTZS8RwNKRuQ8mi,25,415953266345,415967075712
9042562,5HTeZ5168DjjGWZgbvzGfysEAj9fnexF24gYFKJHENU5cc8a,FREE,-1,345727681,345727681
9042922,5HTeZ5168DjjGWZgbvzGfysEAj9fnexF24gYFKJHENU5cc8a,5CyQFykVpfa9xgZVGgBsiNUpjbo1EihBTSkPvDC1FZbL1wxG,25,723824384879521,723916604767421
9042922,5HTeZ5168DjjGWZgbvzGfysEAj9fnexF24gYFKJHENU5cc8a,5FYwKoHYfiuy9m2yM4wbwM5pQyaEP38MBTTZS8RwNKRuQ8mi,25,415967075712,415980877897
9042922,5HTeZ5168DjjGWZgbvzGfysEAj9fnexF24gYFKJHENU5cc8a,FREE,-1,345727681,345727681
9043282,5HTeZ5168DjjGWZgbvzGfysEAj9fnexF24gYFKJHENU5cc8a,5CyQFykVpfa9xgZVGgBsiNUpjbo1EihBTSkPvDC1FZbL1wxG,25,723916604767421,724008836979803
9043282,5HTeZ5168DjjGWZgbvzGfysEAj9fnexF24gYFKJHENU5cc8a,5FYwKoHYfiuy9m2yM4wbwM5pQyaEP38MBTTZS8RwNKRuQ8mi,25,415980877897,415994671378
9043282,5HTeZ5168DjjGWZgbvzGfysEAj9fnexF24gYFKJHENU5cc8a,FREE,-1,345727681,345727681
9043642,5HTeZ5168DjjGWZgbvzGfysEAj9fnexF24gYFKJHENU5cc8a,5CyQFykVpfa9xgZVGgBsiNUpjbo1EihBTSkPvDC1FZbL1wxG,25,724008836979803,724101121631677
9043642,5HTeZ5168DjjGWZgbvzGfysEAj9fnexF24gYFKJHENU5cc8a,5FYwKoHYfiuy9m2yM4wbwM5pQyaEP38MBTTZS8RwNKRuQ8mi,25,415994671378,416008478665
9043642,5HTeZ5168DjjGWZgbvzGfysEAj9fnexF24gYFKJHENU5cc8a,FREE,-1,345727681,345727681
9044002,5HTeZ5168DjjGWZgbvzGfysEAj9fnexF24gYFKJHENU5cc8a,5CyQFykVpfa9xgZVGgBsiNUpjbo1EihBTSkPvDC1FZbL1wxG,25,724101121631677,724193399248653
9044002,5HTeZ5168DjjGWZgbvzGfysEAj9fnexF24gYFKJHENU5cc8a,5FYwKoHYfiuy9m2yM4wbwM5pQyaEP38MBTTZS8RwNKRuQ8mi,25,416008478665,416022271085
9044002,5HTeZ5168DjjGWZgbvzGfysEAj9fnexF24gYFKJHENU5cc8a,FREE,-1,345727681,345727681
9044362,5HTeZ5168DjjGWZgbvzGfysEAj9fnexF24gYFKJHENU5cc8a,5CyQFykVpfa9xgZVGgBsiNUpjbo1EihBTSkPvDC1FZbL1wxG,25,724193399248653,724285691830222
9044362,5HTeZ5168DjjGWZgbvzGfysEAj9fnexF24gYFKJHENU5cc8a,5FYwKoHYfiuy9m2yM4wbwM5pQyaEP38MBTTZS8RwNKRuQ8mi,25,416022271085,416036060395
9044362,5HTeZ5168DjjGWZgbvzGfysEAj9fnexF24gYFKJHENU5cc8a,FREE,-1,345727681,345727681
9044722,5HTeZ5168DjjGWZgbvzGfysEAj9fnexF24gYFKJHENU5cc8a,5CyQFykVpfa9xgZVGgBsiNUpjbo1EihBTSkPvDC1FZbL1wxG,25,724285691830222,724378025200274
9044722,5HTeZ5168DjjGWZgbvzGfysEAj9fnexF24gYFKJHENU5cc8a,5FYwKoHYfiuy9m2yM4wbwM5pQyaEP38MBTTZS8RwNKRuQ8mi,25,416036060395,416050106529
9044722,5HTeZ5168DjjGWZgbvzGfysEAj9fnexF24gYFKJHENU5cc8a,FREE,-1,345727681,345727681
9045082,5HTeZ5168DjjGWZgbvzGfysEAj9fnexF24gYFKJHENU5cc8a,5CyQFykVpfa9xgZVGgBsiNUpjbo1EihBTSkPvDC1FZbL1wxG,25,724378025200274,724470377330899
9045082,5HTeZ5168DjjGWZgbvzGfysEAj9fnexF24gYFKJHENU5cc8a,5FYwKoHYfiuy9m2yM4wbwM5pQyaEP38MBTTZS8RwNKRuQ8mi,25,416050106529,416064127720
9045082,5HTeZ5168DjjGWZgbvzGfysEAj9fnexF24gYFKJHENU5cc8a,FREE,-1,345727681,345727681
9045442,5HTeZ5168DjjGWZgbvzGfysEAj9fnexF24gYFKJHENU5cc8a,5CyQFykVpfa9xgZVGgBsiNUpjbo1EihBTSkPvDC1FZbL1wxG,25,724470377330899,724562755280520
9045442,5HTeZ5168DjjGWZgbvzGfysEAj9fnexF24gYFKJHENU5cc8a,5FYwKoHYfiuy9m2yM4wbwM5pQyaEP38MBTTZS8RwNKRuQ8mi,25,416064127720,416078136583
9045442,5HTeZ5168DjjGWZgbvzGfysEAj9fnexF24gYFKJHENU5cc8a,FREE,-1,345727681,345727681
9045802,5HTeZ5168DjjGWZgbvzGfysEAj9fnexF24gYFKJHENU5cc8a,5CyQFykVpfa9xgZVGgBsiNUpjbo1EihBTSkPvDC1FZbL1wxG,25,724562755280520,724655141607484
9045802,5HTeZ5168DjjGWZgbvzGfysEAj9fnexF24gYFKJHENU5cc8a,5FYwKoHYfiuy9m2yM4wbwM5pQyaEP38MBTTZS8RwNKRuQ8mi,25,416078136583,416092125352
9045802,5HTeZ5168DjjGWZgbvzGfysEAj9fnexF24gYFKJHENU5cc8a,FREE,-1,345727681,345727681
9046162,5HTeZ5168DjjGWZgbvzGfysEAj9fnexF24gYFKJHENU5cc8a,5CyQFykVpfa9xgZVGgBsiNUpjbo1EihBTSkPvDC1FZbL1wxG,25,724655141607484,724747539548057
9046162,5HTeZ5168DjjGWZgbvzGfysEAj9fnexF24gYFKJHENU5cc8a,5FYwKoHYfiuy9m2yM4wbwM5pQyaEP38MBTTZS8RwNKRuQ8mi,25,416092125352,416106099302
9046162,5HTeZ5168DjjGWZgbvzGfysEAj9fnexF24gYFKJHENU5cc8a,FREE,-1,345727681,345727681
9046522,5HTeZ5168DjjGWZgbvzGfysEAj9fnexF24gYFKJHENU5cc8a,5CyQFykVpfa9xgZVGgBsiNUpjbo1EihBTSkPvDC1FZbL1wxG,25,724747539548057,724839929757411
9046522,5HTeZ5168DjjGWZgbvzGfysEAj9fnexF24gYFKJHENU5cc8a,5FYwKoHYfiuy9m2yM4wbwM5pQyaEP38MBTTZS8RwNKRuQ8mi,25,416106099302,416120049277
9046522,5HTeZ5168DjjGWZgbvzGfysEAj9fnexF24gYFKJHENU5cc8a,FREE,-1,345727681,345727681
9046882,5HTeZ5168DjjGWZgbvzGfysEAj9fnexF24gYFKJHENU5cc8a,5CyQFykVpfa9xgZVGgBsiNUpjbo1EihBTSkPvDC1FZbL1wxG,25,724839929757411,724932321203774
9046882,5HTeZ5168DjjGWZgbvzGfysEAj9fnexF24gYFKJHENU5cc8a,5FYwKoHYfiuy9m2yM4wbwM5pQyaEP38MBTTZS8RwNKRuQ8mi,25,416120049277,416133985149
9046882,5HTeZ5168DjjGWZgbvzGfysEAj9fnexF24gYFKJHENU5cc8a,FREE,-1,345727681,345727681
9047242,5HTeZ5168DjjGWZgbvzGfysEAj9fnexF24gYFKJHENU5cc8a,5CyQFykVpfa9xgZVGgBsiNUpjbo1EihBTSkPvDC1FZbL1wxG,25,724932321203774,725024719994487
9047242,5HTeZ5168DjjGWZgbvzGfysEAj9fnexF24gYFKJHENU5cc8a,5FYwKoHYfiuy9m2yM4wbwM5pQyaEP38MBTTZS8RwNKRuQ8mi,25,416133985149,416147908913
9047242,5HTeZ5168DjjGWZgbvzGfysEAj9fnexF24gYFKJHENU5cc8a,FREE,-1,345727681,345727681
9047602,5HTeZ5168DjjGWZgbvzGfysEAj9fnexF24gYFKJHENU5cc8a,5CyQFykVpfa9xgZVGgBsiNUpjbo1EihBTSkPvDC1FZbL1wxG,25,725024719994487,725117127752647
9047602,5HTeZ5168DjjGWZgbvzGfysEAj9fnexF24gYFKJHENU5cc8a,5FYwKoHYfiuy9m2yM4wbwM5pQyaEP38MBTTZS8RwNKRuQ8mi,25,416147908913,416161863917
9047602,5HTeZ5168DjjGWZgbvzGfysEAj9fnexF24gYFKJHENU5cc8a,FREE,-1,345727681,345727681
9047962,5HTeZ5168DjjGWZgbvzGfysEAj9fnexF24gYFKJHENU5cc8a,5CyQFykVpfa9xgZVGgBsiNUpjbo1EihBTSkPvDC1FZbL1wxG,25,725117127752647,725209543997958
9047962,5HTeZ5168DjjGWZgbvzGfysEAj9fnexF24gYFKJHENU5cc8a,5FYwKoHYfiuy9m2yM4wbwM5pQyaEP38MBTTZS8RwNKRuQ8mi,25,416161863917,416175806067
9047962,5HTeZ5168DjjGWZgbvzGfysEAj9fnexF24gYFKJHENU5cc8a,FREE,-1,345727681,345727681
9048322,5HTeZ5168DjjGWZgbvzGfysEAj9fnexF24gYFKJHENU5cc8a,5CyQFykVpfa9xgZVGgBsiNUpjbo1EihBTSkPvDC1FZbL1wxG,25,725209543997958,725301955605762
9048322,5HTeZ5168DjjGWZgbvzGfysEAj9fnexF24gYFKJHENU5cc8a,5FYwKoHYfiuy9m2yM4wbwM5pQyaEP38MBTTZS8RwNKRuQ8mi,25,416175806067,416189727396
9048322,5HTeZ5168DjjGWZgbvzGfysEAj9fnexF24gYFKJHENU5cc8a,FREE,-1,345727681,345727681
9048682,5HTeZ5168DjjGWZgbvzGfysEAj9fnexF24gYFKJHENU5cc8a,5CyQFykVpfa9xgZVGgBsiNUpjbo1EihBTSkPvDC1FZbL1wxG,25,725301955605762,725394364894705
9048682,5HTeZ5168DjjGWZgbvzGfysEAj9fnexF24gYFKJHENU5cc8a,5FYwKoHYfiuy9m2yM4wbwM5pQyaEP38MBTTZS8RwNKRuQ8mi,25,416189727396,416203632641
9048682,5HTeZ5168DjjGWZgbvzGfysEAj9fnexF24gYFKJHENU5cc8a,FREE,-1,345727681,345727681
9049042,5HTeZ5168DjjGWZgbvzGfysEAj9fnexF24gYFKJHENU5cc8a,5CyQFykVpfa9xgZVGgBsiNUpjbo1EihBTSkPvDC1FZbL1wxG,25,725394364894705,725486777508494
9049042,5HTeZ5168DjjGWZgbvzGfysEAj9fnexF24gYFKJHENU5cc8a,5FYwKoHYfiuy9m2yM4wbwM5pQyaEP38MBTTZS8RwNKRuQ8mi,25,416203632641,416217550154
9049042,5HTeZ5168DjjGWZgbvzGfysEAj9fnexF24gYFKJHENU5cc8a,FREE,-1,345727681,345727681
9049402,5HTeZ5168DjjGWZgbvzGfysEAj9fnexF24gYFKJHENU5cc8a,5CyQFykVpfa9xgZVGgBsiNUpjbo1EihBTSkPvDC1FZbL1wxG,25,725486777508494,725579196966626
9049402,5HTeZ5168DjjGWZgbvzGfysEAj9fnexF24gYFKJHENU5cc8a,5FYwKoHYfiuy9m2yM4wbwM5pQyaEP38MBTTZS8RwNKRuQ8mi,25,416217550154,416231457208
9049402,5HTeZ5168DjjGWZgbvzGfysEAj9fnexF24gYFKJHENU5cc8a,FREE,-1,345727681,345727681
9049762,5HTeZ5168DjjGWZgbvzGfysEAj9fnexF24gYFKJHENU5cc8a,5CyQFykVpfa9xgZVGgBsiNUpjbo1EihBTSkPvDC1FZbL1wxG,25,725579196966626,725671615464489
9049762,5HTeZ5168DjjGWZgbvzGfysEAj9fnexF24gYFKJHENU5cc8a,5FYwKoHYfiuy9m2yM4wbwM5pQyaEP38MBTTZS8RwNKRuQ8mi,25,416231457208,416245350196
9049762,5HTeZ5168DjjGWZgbvzGfysEAj9fnexF24gYFKJHENU5cc8a,FREE,-1,345727681,345727681
9050122,5HTeZ5168DjjGWZgbvzGfysEAj9fnexF24gYFKJHENU5cc8a,5CyQFykVpfa9xgZVGgBsiNUpjbo1EihBTSkPvDC1FZbL1wxG,25,725671615464489,725764037301111
9050122,5HTeZ5168DjjGWZgbvzGfysEAj9fnexF24gYFKJHENU5cc8a,5FYwKoHYfiuy9m2yM4wbwM5pQyaEP38MBTTZS8RwNKRuQ8mi,25,416245350196,416259234103
9050122,5HTeZ5168DjjGWZgbvzGfysEAj9fnexF24gYFKJHENU5cc8a,FREE,-1,345727681,345727681
9050482,5HTeZ5168DjjGWZgbvzGfysEAj9fnexF24gYFKJHENU5cc8a,5CyQFykVpfa9xgZVGgBsiNUpjbo1EihBTSkPvDC1FZbL1wxG,25,725764037301111,725856455550974
9050482,5HTeZ5168DjjGWZgbvzGfysEAj9fnexF24gYFKJHENU5cc8a,5FYwKoHYfiuy9m2yM4wbwM5pQyaEP38MBTTZS8RwNKRuQ8mi,25,416259234103,416273105298
9050482,5HTeZ5168DjjGWZgbvzGfysEAj9fnexF24gYFKJHENU5cc8a,FREE,-1,345727681,345727681
9050842,5HTeZ5168DjjGWZgbvzGfysEAj9fnexF24gYFKJHENU5cc8a,5CyQFykVpfa9xgZVGgBsiNUpjbo1EihBTSkPvDC1FZbL1wxG,25,725856455550974,725948873193065
9050842,5HTeZ5168DjjGWZgbvzGfysEAj9fnexF24gYFKJHENU5cc8a,5FYwKoHYfiuy9m2yM4wbwM5pQyaEP38MBTTZS8RwNKRuQ8mi,25,416273105298,416286965692
9050842,5HTeZ5168DjjGWZgbvzGfysEAj9fnexF24gYFKJHENU5cc8a,FREE,-1,345727681,345727681
9051202,5HTeZ5168DjjGWZgbvzGfysEAj9fnexF24gYFKJHENU5cc8a,5CyQFykVpfa9xgZVGgBsiNUpjbo1EihBTSkPvDC1FZbL1wxG,25,725948873193065,726041291305328
9051202,5HTeZ5168DjjGWZgbvzGfysEAj9fnexF24gYFKJHENU5cc8a,5FYwKoHYfiuy9m2yM4wbwM5pQyaEP38MBTTZS8RwNKRuQ8mi,25,416286965692,416300815344
9051202,5HTeZ5168DjjGWZgbvzGfysEAj9fnexF24gYFKJHENU5cc8a,FREE,-1,345727681,345727681
9051562,5HTeZ5168DjjGWZgbvzGfysEAj9fnexF24gYFKJHENU5cc8a,5CyQFykVpfa9xgZVGgBsiNUpjbo1EihBTSkPvDC1FZbL1wxG,25,726041291305328,726133635224395
9051562,5HTeZ5168DjjGWZgbvzGfysEAj9fnexF24gYFKJHENU5cc8a,5FYwKoHYfiuy9m2yM4wbwM5pQyaEP38MBTTZS8RwNKRuQ8mi,25,416300815344,416314619685
9051562,5HTeZ5168DjjGWZgbvzGfysEAj9fnexF24gYFKJHENU5cc8a,FREE,-1,345727681,345727681
9051922,5HTeZ5168DjjGWZgbvzGfysEAj9fnexF24gYFKJHENU5cc8a,5CyQFykVpfa9xgZVGgBsiNUpjbo1EihBTSkPvDC1FZbL1wxG,25,726133635224395,726225986177971
9051922,5HTeZ5168DjjGWZgbvzGfysEAj9fnexF24gYFKJHENU5cc8a,5FYwKoHYfiuy9m2yM4wbwM5pQyaEP38MBTTZS8RwNKRuQ8mi,25,416314619685,416328422158
9051922,5HTeZ5168DjjGWZgbvzGfysEAj9fnexF24gYFKJHENU5cc8a,FREE,-1,345727681,345727681
9052282,5HTeZ5168DjjGWZgbvzGfysEAj9fnexF24gYFKJHENU5cc8a,5CyQFykVpfa9xgZVGgBsiNUpjbo1EihBTSkPvDC1FZbL1wxG,25,726225986177971,726318346231432
9052282,5HTeZ5168DjjGWZgbvzGfysEAj9fnexF24gYFKJHENU5cc8a,5FYwKoHYfiuy9m2yM4wbwM5pQyaEP38MBTTZS8RwNKRuQ8mi,25,416328422158,416342221433
9052282,5HTeZ5168DjjGWZgbvzGfysEAj9fnexF24gYFKJHENU5cc8a,FREE,-1,345727681,345727681
9052642,5HTeZ5168DjjGWZgbvzGfysEAj9fnexF24gYFKJHENU5cc8a,5CyQFykVpfa9xgZVGgBsiNUpjbo1EihBTSkPvDC1FZbL1wxG,25,726318346231432,726410707213185
9052642,5HTeZ5168DjjGWZgbvzGfysEAj9fnexF24gYFKJHENU5cc8a,5FYwKoHYfiuy9m2yM4wbwM5pQyaEP38MBTTZS8RwNKRuQ8mi,25,416342221433,416356014418
9052642,5HTeZ5168DjjGWZgbvzGfysEAj9fnexF24gYFKJHENU5cc8a,FREE,-1,345727681,345727681
9053002,5HTeZ5168DjjGWZgbvzGfysEAj9fnexF24gYFKJHENU5cc8a,5CyQFykVpfa9xgZVGgBsiNUpjbo1EihBTSkPvDC1FZbL1wxG,25,726410707213185,726503073023944
9053002,5HTeZ5168DjjGWZgbvzGfysEAj9fnexF24gYFKJHENU5cc8a,5FYwKoHYfiuy9m2yM4wbwM5pQyaEP38MBTTZS8RwNKRuQ8mi,25,416356014418,416369791181
9053002,5HTeZ5168DjjGWZgbvzGfysEAj9fnexF24gYFKJHENU5cc8a,FREE,-1,345727681,345727681
9053362,5HTeZ5168DjjGWZgbvzGfysEAj9fnexF24gYFKJHENU5cc8a,5CyQFykVpfa9xgZVGgBsiNUpjbo1EihBTSkPvDC1FZbL1wxG,25,726503073023944,726595444461710
9053362,5HTeZ5168DjjGWZgbvzGfysEAj9fnexF24gYFKJHENU5cc8a,5FYwKoHYfiuy9m2yM4wbwM5pQyaEP38MBTTZS8RwNKRuQ8mi,25,416369791181,416383566905
9053362,5HTeZ5168DjjGWZgbvzGfysEAj9fnexF24gYFKJHENU5cc8a,FREE,-1,345727681,345727681
9053722,5HTeZ5168DjjGWZgbvzGfysEAj9fnexF24gYFKJHENU5cc8a,5CyQFykVpfa9xgZVGgBsiNUpjbo1EihBTSkPvDC1FZbL1wxG,25,726595444461710,726687829520450
9053722,5HTeZ5168DjjGWZgbvzGfysEAj9fnexF24gYFKJHENU5cc8a,5FYwKoHYfiuy9m2yM4wbwM5pQyaEP38MBTTZS8RwNKRuQ8mi,25,416383566905,416397345486
9053722,5HTeZ5168DjjGWZgbvzGfysEAj9fnexF24gYFKJHENU5cc8a,FREE,-1,345727681,345727681
9054082,5HTeZ5168DjjGWZgbvzGfysEAj9fnexF24gYFKJHENU5cc8a,5CyQFykVpfa9xgZVGgBsiNUpjbo1EihBTSkPvDC1FZbL1wxG,25,726687829520450,726780220533432
9054082,5HTeZ5168DjjGWZgbvzGfysEAj9fnexF24gYFKJHENU5cc8a,5FYwKoHYfiuy9m2yM4wbwM5pQyaEP38MBTTZS8RwNKRuQ8mi,25,416397345486,416411122017
9054082,5HTeZ5168DjjGWZgbvzGfysEAj9fnexF24gYFKJHENU5cc8a,FREE,-1,345727681,345727681
9054442,5HTeZ5168DjjGWZgbvzGfysEAj9fnexF24gYFKJHENU5cc8a,5CyQFykVpfa9xgZVGgBsiNUpjbo1EihBTSkPvDC1FZbL1wxG,25,726780220533432,726872616854367
9054442,5HTeZ5168DjjGWZgbvzGfysEAj9fnexF24gYFKJHENU5cc8a,5FYwKoHYfiuy9m2yM4wbwM5pQyaEP38MBTTZS8RwNKRuQ8mi,25,416411122017,416424896983
9054442,5HTeZ5168DjjGWZgbvzGfysEAj9fnexF24gYFKJHENU5cc8a,FREE,-1,345727681,345727681
9054802,5HTeZ5168DjjGWZgbvzGfysEAj9fnexF24gYFKJHENU5cc8a,5CyQFykVpfa9xgZVGgBsiNUpjbo1EihBTSkPvDC1FZbL1wxG,25,726872616854367,726964803540355
9054802,5HTeZ5168DjjGWZgbvzGfysEAj9fnexF24gYFKJHENU5cc8a,5FYwKoHYfiuy9m2yM4wbwM5pQyaEP38MBTTZS8RwNKRuQ8mi,25,416424896983,416438671767
9054802,5HTeZ5168DjjGWZgbvzGfysEAj9fnexF24gYFKJHENU5cc8a,FREE,-1,345727681,345727681
9055162,5HTeZ5168DjjGWZgbvzGfysEAj9fnexF24gYFKJHENU5cc8a,5CyQFykVpfa9xgZVGgBsiNUpjbo1EihBTSkPvDC1FZbL1wxG,25,726964803540355,727057069297150
9055162,5HTeZ5168DjjGWZgbvzGfysEAj9fnexF24gYFKJHENU5cc8a,5FYwKoHYfiuy9m2yM4wbwM5pQyaEP38MBTTZS8RwNKRuQ8mi,25,416438671767,416452470138
9055162,5HTeZ5168DjjGWZgbvzGfysEAj9fnexF24gYFKJHENU5cc8a,FREE,-1,345727681,345727681
9055522,5HTeZ5168DjjGWZgbvzGfysEAj9fnexF24gYFKJHENU5cc8a,5CyQFykVpfa9xgZVGgBsiNUpjbo1EihBTSkPvDC1FZbL1wxG,25,727057069297150,727149352746751
9055522,5HTeZ5168DjjGWZgbvzGfysEAj9fnexF24gYFKJHENU5cc8a,5FYwKoHYfiuy9m2yM4wbwM5pQyaEP38MBTTZS8RwNKRuQ8mi,25,416452470138,416466260206
9055522,5HTeZ5168DjjGWZgbvzGfysEAj9fnexF24gYFKJHENU5cc8a,FREE,-1,345727681,345727681
9055882,5HTeZ5168DjjGWZgbvzGfysEAj9fnexF24gYFKJHENU5cc8a,5CyQFykVpfa9xgZVGgBsiNUpjbo1EihBTSkPvDC1FZbL1wxG,25,727149352746752,727241661962722
9055882,5HTeZ5168DjjGWZgbvzGfysEAj9fnexF24gYFKJHENU5cc8a,5FYwKoHYfiuy9m2yM4wbwM5pQyaEP38MBTTZS8RwNKRuQ8mi,25,416466260206,416480045765
9055882,5HTeZ5168DjjGWZgbvzGfysEAj9fnexF24gYFKJHENU5cc8a,FREE,-1,345727681,345727681
9056242,5HTeZ5168DjjGWZgbvzGfysEAj9fnexF24gYFKJHENU5cc8a,5CyQFykVpfa9xgZVGgBsiNUpjbo1EihBTSkPvDC1FZbL1wxG,25,727241661962722,727333973464583
9056242,5HTeZ5168DjjGWZgbvzGfysEAj9fnexF24gYFKJHENU5cc8a,5FYwKoHYfiuy9m2yM4wbwM5pQyaEP38MBTTZS8RwNKRuQ8mi,25,416480045765,416493820435
9056242,5HTeZ5168DjjGWZgbvzGfysEAj9fnexF24gYFKJHENU5cc8a,FREE,-1,345727681,345727681
9056602,5HTeZ5168DjjGWZgbvzGfysEAj9fnexF24gYFKJHENU5cc8a,5CyQFykVpfa9xgZVGgBsiNUpjbo1EihBTSkPvDC1FZbL1wxG,25,727333973464583,727426299109875
9056602,5HTeZ5168DjjGWZgbvzGfysEAj9fnexF24gYFKJHENU5cc8a,5FYwKoHYfiuy9m2yM4wbwM5pQyaEP38MBTTZS8RwNKRuQ8mi,25,416493820435,416507592762
9056602,5HTeZ5168DjjGWZgbvzGfysEAj9fnexF24gYFKJHENU5cc8a,FREE,-1,345727681,345727681
9056962,5HTeZ5168DjjGWZgbvzGfysEAj9fnexF24gYFKJHENU5cc8a,5CyQFykVpfa9xgZVGgBsiNUpjbo1EihBTSkPvDC1FZbL1wxG,25,727426299109875,727518629879483
9056962,5HTeZ5168DjjGWZgbvzGfysEAj9fnexF24gYFKJHENU5cc8a,5FYwKoHYfiuy9m2yM4wbwM5pQyaEP38MBTTZS8RwNKRuQ8mi,25,416507592762,416521361317
9056962,5HTeZ5168DjjGWZgbvzGfysEAj9fnexF24gYFKJHENU5cc8a,FREE,-1,345727681,345727681
9057322,5HTeZ5168DjjGWZgbvzGfysEAj9fnexF24gYFKJHENU5cc8a,5CyQFykVpfa9xgZVGgBsiNUpjbo1EihBTSkPvDC1FZbL1wxG,25,727518629879483,727610962730629
9057322,5HTeZ5168DjjGWZgbvzGfysEAj9fnexF24gYFKJHENU5cc8a,5FYwKoHYfiuy9m2yM4wbwM5pQyaEP38MBTTZS8RwNKRuQ8mi,25,416521361317,416535122229
9057322,5HTeZ5168DjjGWZgbvzGfysEAj9fnexF24gYFKJHENU5cc8a,FREE,-1,345727681,345727681
9057682,5HTeZ5168DjjGWZgbvzGfysEAj9fnexF24gYFKJHENU5cc8a,5CyQFykVpfa9xgZVGgBsiNUpjbo1EihBTSkPvDC1FZbL1wxG,25,727610962730629,727703302833122
9057682,5HTeZ5168DjjGWZgbvzGfysEAj9fnexF24gYFKJHENU5cc8a,5FYwKoHYfiuy9m2yM4wbwM5pQyaEP38MBTTZS8RwNKRuQ8mi,25,416535122229,416548877338
9057682,5HTeZ5168DjjGWZgbvzGfysEAj9fnexF24gYFKJHENU5cc8a,FREE,-1,345727681,345727681
9058042,5HTeZ5168DjjGWZgbvzGfysEAj9fnexF24gYFKJHENU5cc8a,5CyQFykVpfa9xgZVGgBsiNUpjbo1EihBTSkPvDC1FZbL1wxG,25,727703302833122,727795647097672
9058042,5HTeZ5168DjjGWZgbvzGfysEAj9fnexF24gYFKJHENU5cc8a,5FYwKoHYfiuy9m2yM4wbwM5pQyaEP38MBTTZS8RwNKRuQ8mi,25,416548877338,416562626115
9058042,5HTeZ5168DjjGWZgbvzGfysEAj9fnexF24gYFKJHENU5cc8a,FREE,-1,345727681,345727681
9058402,5HTeZ5168DjjGWZgbvzGfysEAj9fnexF24gYFKJHENU5cc8a,5CyQFykVpfa9xgZVGgBsiNUpjbo1EihBTSkPvDC1FZbL1wxG,25,727795647097673,727888016985361
9058402,5HTeZ5168DjjGWZgbvzGfysEAj9fnexF24gYFKJHENU5cc8a,5FYwKoHYfiuy9m2yM4wbwM5pQyaEP38MBTTZS8RwNKRuQ8mi,25,416562626115,416576377452
9058402,5HTeZ5168DjjGWZgbvzGfysEAj9fnexF24gYFKJHENU5cc8a,FREE,-1,345727681,345727681
9058762,5HTeZ5168DjjGWZgbvzGfysEAj9fnexF24gYFKJHENU5cc8a,5CyQFykVpfa9xgZVGgBsiNUpjbo1EihBTSkPvDC1FZbL1wxG,25,727888016985361,727980391743257
9058762,5HTeZ5168DjjGWZgbvzGfysEAj9fnexF24gYFKJHENU5cc8a,5FYwKoHYfiuy9m2yM4wbwM5pQyaEP38MBTTZS8RwNKRuQ8mi,25,416576377452,416590123655
9058762,5HTeZ5168DjjGWZgbvzGfysEAj9fnexF24gYFKJHENU5cc8a,FREE,-1,345727681,345727681
9059122,5HTeZ5168DjjGWZgbvzGfysEAj9fnexF24gYFKJHENU5cc8a,5CyQFykVpfa9xgZVGgBsiNUpjbo1EihBTSkPvDC1FZbL1wxG,25,727980391743257,728072789629246
9059122,5HTeZ5168DjjGWZgbvzGfysEAj9fnexF24gYFKJHENU5cc8a,5FYwKoHYfiuy9m2yM4wbwM5pQyaEP38MBTTZS8RwNKRuQ8mi,25,416590123655,416603875037
9059122,5HTeZ5168DjjGWZgbvzGfysEAj9fnexF24gYFKJHENU5cc8a,FREE,-1,345727681,345727681
9059482,5HTeZ5168DjjGWZgbvzGfysEAj9fnexF24gYFKJHENU5cc8a,5CyQFykVpfa9xgZVGgBsiNUpjbo1EihBTSkPvDC1FZbL1wxG,25,728072789629246,728165198317220
9059482,5HTeZ5168DjjGWZgbvzGfysEAj9fnexF24gYFKJHENU5cc8a,5FYwKoHYfiuy9m2yM4wbwM5pQyaEP38MBTTZS8RwNKRuQ8mi,25,416603875037,416617627197
9059482,5HTeZ5168DjjGWZgbvzGfysEAj9fnexF24gYFKJHENU5cc8a,FREE,-1,345727681,345727681
9059842,5HTeZ5168DjjGWZgbvzGfysEAj9fnexF24gYFKJHENU5cc8a,5CyQFykVpfa9xgZVGgBsiNUpjbo1EihBTSkPvDC1FZbL1wxG,25,728165198317220,728257597927050
9059842,5HTeZ5168DjjGWZgbvzGfysEAj9fnexF24gYFKJHENU5cc8a,5FYwKoHYfiuy9m2yM4wbwM5pQyaEP38MBTTZS8RwNKRuQ8mi,25,416617627197,416631373923
9059842,5HTeZ5168DjjGWZgbvzGfysEAj9fnexF24gYFKJHENU5cc8a,FREE,-1,345727681,345727681
9060202,5HTeZ5168DjjGWZgbvzGfysEAj9fnexF24gYFKJHENU5cc8a,5CyQFykVpfa9xgZVGgBsiNUpjbo1EihBTSkPvDC1FZbL1wxG,25,728257597927050,728350013354090
9060202,5HTeZ5168DjjGWZgbvzGfysEAj9fnexF24gYFKJHENU5cc8a,5FYwKoHYfiuy9m2yM4wbwM5pQyaEP38MBTTZS8RwNKRuQ8mi,25,416631373923,416645124849
9060202,5HTeZ5168DjjGWZgbvzGfysEAj9fnexF24gYFKJHENU5cc8a,FREE,-1,345727681,345727681
9060562,5HTeZ5168DjjGWZgbvzGfysEAj9fnexF24gYFKJHENU5cc8a,5CyQFykVpfa9xgZVGgBsiNUpjbo1EihBTSkPvDC1FZbL1wxG,25,728350013354090,728442443319432
9060562,5HTeZ5168DjjGWZgbvzGfysEAj9fnexF24gYFKJHENU5cc8a,5FYwKoHYfiuy9m2yM4wbwM5pQyaEP38MBTTZS8RwNKRuQ8mi,25,416645124849,416658882217
9060562,5HTeZ5168DjjGWZgbvzGfysEAj9fnexF24gYFKJHENU5cc8a,FREE,-1,345727681,345727681
9060922,5HTeZ5168DjjGWZgbvzGfysEAj9fnexF24gYFKJHENU5cc8a,5CyQFykVpfa9xgZVGgBsiNUpjbo1EihBTSkPvDC1FZbL1wxG,25,728442443319432,728534980753190
9060922,5HTeZ5168DjjGWZgbvzGfysEAj9fnexF24gYFKJHENU5cc8a,5FYwKoHYfiuy9m2yM4wbwM5pQyaEP38MBTTZS8RwNKRuQ8mi,25,416658882217,416672689047
9060922,5HTeZ5168DjjGWZgbvzGfysEAj9fnexF24gYFKJHENU5cc8a,FREE,-1,345727681,345727681
9061282,5HTeZ5168DjjGWZgbvzGfysEAj9fnexF24gYFKJHENU5cc8a,5CyQFykVpfa9xgZVGgBsiNUpjbo1EihBTSkPvDC1FZbL1wxG,25,728534980753190,728627535136977
9061282,5HTeZ5168DjjGWZgbvzGfysEAj9fnexF24gYFKJHENU5cc8a,5FYwKoHYfiuy9m2yM4wbwM5pQyaEP38MBTTZS8RwNKRuQ8mi,25,416672689047,416686497261
9061282,5HTeZ5168DjjGWZgbvzGfysEAj9fnexF24gYFKJHENU5cc8a,FREE,-1,345727681,345727681
9061642,5HTeZ5168DjjGWZgbvzGfysEAj9fnexF24gYFKJHENU5cc8a,5CyQFykVpfa9xgZVGgBsiNUpjbo1EihBTSkPvDC1FZbL1wxG,25,728627535136977,728720096811802
9061642,5HTeZ5168DjjGWZgbvzGfysEAj9fnexF24gYFKJHENU5cc8a,5FYwKoHYfiuy9m2yM4wbwM5pQyaEP38MBTTZS8RwNKRuQ8mi,25,416686497261,416700302279
9061642,5HTeZ5168DjjGWZgbvzGfysEAj9fnexF24gYFKJHENU5cc8a,FREE,-1,345727681,345727681
9062002,5HTeZ5168DjjGWZgbvzGfysEAj9fnexF24gYFKJHENU5cc8a,5CyQFykVpfa9xgZVGgBsiNUpjbo1EihBTSkPvDC1FZbL1wxG,25,728720096811802,728812663359497
9062002,5HTeZ5168DjjGWZgbvzGfysEAj9fnexF24gYFKJHENU5cc8a,5FYwKoHYfiuy9m2yM4wbwM5pQyaEP38MBTTZS8RwNKRuQ8mi,25,416700302279,416714109731
9062002,5HTeZ5168DjjGWZgbvzGfysEAj9fnexF24gYFKJHENU5cc8a,FREE,-1,345727681,345727681
9062362,5HTeZ5168DjjGWZgbvzGfysEAj9fnexF24gYFKJHENU5cc8a,5CyQFykVpfa9xgZVGgBsiNUpjbo1EihBTSkPvDC1FZbL1wxG,25,728812663359497,728905235615747
9062362,5HTeZ5168DjjGWZgbvzGfysEAj9fnexF24gYFKJHENU5cc8a,5FYwKoHYfiuy9m2yM4wbwM5pQyaEP38MBTTZS8RwNKRuQ8mi,25,416714109731,416727918235
9062362,5HTeZ5168DjjGWZgbvzGfysEAj9fnexF24gYFKJHENU5cc8a,FREE,-1,345727681,345727681
9062722,5HTeZ5168DjjGWZgbvzGfysEAj9fnexF24gYFKJHENU5cc8a,5CyQFykVpfa9xgZVGgBsiNUpjbo1EihBTSkPvDC1FZbL1wxG,25,728905235615747,728997812635707
9062722,5HTeZ5168DjjGWZgbvzGfysEAj9fnexF24gYFKJHENU5cc8a,5FYwKoHYfiuy9m2yM4wbwM5pQyaEP38MBTTZS8RwNKRuQ8mi,25,416727918235,416741724521
9062722,5HTeZ5168DjjGWZgbvzGfysEAj9fnexF24gYFKJHENU5cc8a,FREE,-1,345727681,345727681
9063082,5HTeZ5168DjjGWZgbvzGfysEAj9fnexF24gYFKJHENU5cc8a,5CyQFykVpfa9xgZVGgBsiNUpjbo1EihBTSkPvDC1FZbL1wxG,25,728997812635707,729090390439764
9063082,5HTeZ5168DjjGWZgbvzGfysEAj9fnexF24gYFKJHENU5cc8a,5FYwKoHYfiuy9m2yM4wbwM5pQyaEP38MBTTZS8RwNKRuQ8mi,25,416741724521,416755601620
9063082,5HTeZ5168DjjGWZgbvzGfysEAj9fnexF24gYFKJHENU5cc8a,FREE,-1,345727681,345727681
9063442,5HTeZ5168DjjGWZgbvzGfysEAj9fnexF24gYFKJHENU5cc8a,5CyQFykVpfa9xgZVGgBsiNUpjbo1EihBTSkPvDC1FZbL1wxG,25,729090390439764,729182986526729
9063442,5HTeZ5168DjjGWZgbvzGfysEAj9fnexF24gYFKJHENU5cc8a,5FYwKoHYfiuy9m2yM4wbwM5pQyaEP38MBTTZS8RwNKRuQ8mi,25,416755601620,416771096756
9063442,5HTeZ5168DjjGWZgbvzGfysEAj9fnexF24gYFKJHENU5cc8a,FREE,-1,345727681,345727681
9063802,5HTeZ5168DjjGWZgbvzGfysEAj9fnexF24gYFKJHENU5cc8a,5CyQFykVpfa9xgZVGgBsiNUpjbo1EihBTSkPvDC1FZbL1wxG,25,729182986526729,729275586707497
9063802,5HTeZ5168DjjGWZgbvzGfysEAj9fnexF24gYFKJHENU5cc8a,5FYwKoHYfiuy9m2yM4wbwM5pQyaEP38MBTTZS8RwNKRuQ8mi,25,416771096756,416786435198
9063802,5HTeZ5168DjjGWZgbvzGfysEAj9fnexF24gYFKJHENU5cc8a,FREE,-1,345727681,345727681
9064162,5HTeZ5168DjjGWZgbvzGfysEAj9fnexF24gYFKJHENU5cc8a,5CyQFykVpfa9xgZVGgBsiNUpjbo1EihBTSkPvDC1FZbL1wxG,25,729275586707497,729368189121420
9064162,5HTeZ5168DjjGWZgbvzGfysEAj9fnexF24gYFKJHENU5cc8a,5FYwKoHYfiuy9m2yM4wbwM5pQyaEP38MBTTZS8RwNKRuQ8mi,25,416786435198,416801633268
9064162,5HTeZ5168DjjGWZgbvzGfysEAj9fnexF24gYFKJHENU5cc8a,FREE,-1,345727681,345727681
9064522,5HTeZ5168DjjGWZgbvzGfysEAj9fnexF24gYFKJHENU5cc8a,5CyQFykVpfa9xgZVGgBsiNUpjbo1EihBTSkPvDC1FZbL1wxG,25,729368189121420,729460795181003
9064522,5HTeZ5168DjjGWZgbvzGfysEAj9fnexF24gYFKJHENU5cc8a,5FYwKoHYfiuy9m2yM4wbwM5pQyaEP38MBTTZS8RwNKRuQ8mi,25,416801633268,416816705981
9064522,5HTeZ5168DjjGWZgbvzGfysEAj9fnexF24gYFKJHENU5cc8a,FREE,-1,345727681,345727681
9064882,5HTeZ5168DjjGWZgbvzGfysEAj9fnexF24gYFKJHENU5cc8a,5CyQFykVpfa9xgZVGgBsiNUpjbo1EihBTSkPvDC1FZbL1wxG,25,729460795181003,729553408594544
9064882,5HTeZ5168DjjGWZgbvzGfysEAj9fnexF24gYFKJHENU5cc8a,5FYwKoHYfiuy9m2yM4wbwM5pQyaEP38MBTTZS8RwNKRuQ8mi,25,416816705981,416831665682
9064882,5HTeZ5168DjjGWZgbvzGfysEAj9fnexF24gYFKJHENU5cc8a,FREE,-1,345727681,345727681
9065242,5HTeZ5168DjjGWZgbvzGfysEAj9fnexF24gYFKJHENU5cc8a,5CyQFykVpfa9xgZVGgBsiNUpjbo1EihBTSkPvDC1FZbL1wxG,25,729553408594544,729646023408310
9065242,5HTeZ5168DjjGWZgbvzGfysEAj9fnexF24gYFKJHENU5cc8a,5FYwKoHYfiuy9m2yM4wbwM5pQyaEP38MBTTZS8RwNKRuQ8mi,25,416831665682,416846520795
9065242,5HTeZ5168DjjGWZgbvzGfysEAj9fnexF24gYFKJHENU5cc8a,FREE,-1,345727681,345727681
9065602,5HTeZ5168DjjGWZgbvzGfysEAj9fnexF24gYFKJHENU5cc8a,5CyQFykVpfa9xgZVGgBsiNUpjbo1EihBTSkPvDC1FZbL1wxG,25,729646023408311,729738645816285
9065602,5HTeZ5168DjjGWZgbvzGfysEAj9fnexF24gYFKJHENU5cc8a,5FYwKoHYfiuy9m2yM4wbwM5pQyaEP38MBTTZS8RwNKRuQ8mi,25,416846520795,416861282630
9065602,5HTeZ5168DjjGWZgbvzGfysEAj9fnexF24gYFKJHENU5cc8a,FREE,-1,345727681,345727681
9065962,5HTeZ5168DjjGWZgbvzGfysEAj9fnexF24gYFKJHENU5cc8a,5CyQFykVpfa9xgZVGgBsiNUpjbo1EihBTSkPvDC1FZbL1wxG,25,729738645816285,729831250136514
9065962,5HTeZ5168DjjGWZgbvzGfysEAj9fnexF24gYFKJHENU5cc8a,5FYwKoHYfiuy9m2yM4wbwM5pQyaEP38MBTTZS8RwNKRuQ8mi,25,416861282630,416875950282
9065962,5HTeZ5168DjjGWZgbvzGfysEAj9fnexF24gYFKJHENU5cc8a,FREE,-1,345727681,345727681
9066322,5HTeZ5168DjjGWZgbvzGfysEAj9fnexF24gYFKJHENU5cc8a,5CyQFykVpfa9xgZVGgBsiNUpjbo1EihBTSkPvDC1FZbL1wxG,25,729831250136514,729923861019283
9066322,5HTeZ5168DjjGWZgbvzGfysEAj9fnexF24gYFKJHENU5cc8a,5FYwKoHYfiuy9m2yM4wbwM5pQyaEP38MBTTZS8RwNKRuQ8mi,25,416875950282,416890543854
9066322,5HTeZ5168DjjGWZgbvzGfysEAj9fnexF24gYFKJHENU5cc8a,FREE,-1,345727681,345727681
9066682,5HTeZ5168DjjGWZgbvzGfysEAj9fnexF24gYFKJHENU5cc8a,5CyQFykVpfa9xgZVGgBsiNUpjbo1EihBTSkPvDC1FZbL1wxG,25,729923861019283,730016469977763
9066682,5HTeZ5168DjjGWZgbvzGfysEAj9fnexF24gYFKJHENU5cc8a,5FYwKoHYfiuy9m2yM4wbwM5pQyaEP38MBTTZS8RwNKRuQ8mi,25,416890543854,416905068914
9066682,5HTeZ5168DjjGWZgbvzGfysEAj9fnexF24gYFKJHENU5cc8a,FREE,-1,345727681,345727681
9067042,5HTeZ5168DjjGWZgbvzGfysEAj9fnexF24gYFKJHENU5cc8a,5CyQFykVpfa9xgZVGgBsiNUpjbo1EihBTSkPvDC1FZbL1wxG,25,730016469977763,730109089082802
9067042,5HTeZ5168DjjGWZgbvzGfysEAj9fnexF24gYFKJHENU5cc8a,5FYwKoHYfiuy9m2yM4wbwM5pQyaEP38MBTTZS8RwNKRuQ8mi,25,416905068914,416919857319
9067042,5HTeZ5168DjjGWZgbvzGfysEAj9fnexF24gYFKJHENU5cc8a,FREE,-1,345727681,345727681
9067402,5HTeZ5168DjjGWZgbvzGfysEAj9fnexF24gYFKJHENU5cc8a,5CyQFykVpfa9xgZVGgBsiNUpjbo1EihBTSkPvDC1FZbL1wxG,25,730109089082802,730201702720864
9067402,5HTeZ5168DjjGWZgbvzGfysEAj9fnexF24gYFKJHENU5cc8a,5FYwKoHYfiuy9m2yM4wbwM5pQyaEP38MBTTZS8RwNKRuQ8mi,25,416919857319,416934562707
9067402,5HTeZ5168DjjGWZgbvzGfysEAj9fnexF24gYFKJHENU5cc8a,FREE,-1,345727681,345727681
9067762,5HTeZ5168DjjGWZgbvzGfysEAj9fnexF24gYFKJHENU5cc8a,5CyQFykVpfa9xgZVGgBsiNUpjbo1EihBTSkPvDC1FZbL1wxG,25,730201702720864,730294313957781
9067762,5HTeZ5168DjjGWZgbvzGfysEAj9fnexF24gYFKJHENU5cc8a,5FYwKoHYfiuy9m2yM4wbwM5pQyaEP38MBTTZS8RwNKRuQ8mi,25,416934562707,416949194507
9067762,5HTeZ5168DjjGWZgbvzGfysEAj9fnexF24gYFKJHENU5cc8a,FREE,-1,345727681,345727681
9068122,5HTeZ5168DjjGWZgbvzGfysEAj9fnexF24gYFKJHENU5cc8a,5CyQFykVpfa9xgZVGgBsiNUpjbo1EihBTSkPvDC1FZbL1wxG,25,730294313957781,730386913193216
9068122,5HTeZ5168DjjGWZgbvzGfysEAj9fnexF24gYFKJHENU5cc8a,5FYwKoHYfiuy9m2yM4wbwM5pQyaEP38MBTTZS8RwNKRuQ8mi,25,416949194507,416963760040
9068122,5HTeZ5168DjjGWZgbvzGfysEAj9fnexF24gYFKJHENU5cc8a,FREE,-1,345727681,345727681
9068482,5HTeZ5168DjjGWZgbvzGfysEAj9fnexF24gYFKJHENU5cc8a,5CyQFykVpfa9xgZVGgBsiNUpjbo1EihBTSkPvDC1FZbL1wxG,25,730386913193216,730479508783744
9068482,5HTeZ5168DjjGWZgbvzGfysEAj9fnexF24gYFKJHENU5cc8a,5FYwKoHYfiuy9m2yM4wbwM5pQyaEP38MBTTZS8RwNKRuQ8mi,25,416963760040,416978272725
9068482,5HTeZ5168DjjGWZgbvzGfysEAj9fnexF24gYFKJHENU5cc8a,FREE,-1,345727681,345727681
9068842,5HTeZ5168DjjGWZgbvzGfysEAj9fnexF24gYFKJHENU5cc8a,5CyQFykVpfa9xgZVGgBsiNUpjbo1EihBTSkPvDC1FZbL1wxG,25,730479508783744,730572077979300
9068842,5HTeZ5168DjjGWZgbvzGfysEAj9fnexF24gYFKJHENU5cc8a,5FYwKoHYfiuy9m2yM4wbwM5pQyaEP38MBTTZS8RwNKRuQ8mi,25,416978272725,416992718543
9068842,5HTeZ5168DjjGWZgbvzGfysEAj9fnexF24gYFKJHENU5cc8a,FREE,-1,345727681,345727681
9069202,5HTeZ5168DjjGWZgbvzGfysEAj9fnexF24gYFKJHENU5cc8a,5CyQFykVpfa9xgZVGgBsiNUpjbo1EihBTSkPvDC1FZbL1wxG,25,730572077979300,730664645642839
9069202,5HTeZ5168DjjGWZgbvzGfysEAj9fnexF24gYFKJHENU5cc8a,5FYwKoHYfiuy9m2yM4wbwM5pQyaEP38MBTTZS8RwNKRuQ8mi,25,416992718543,417007115729
9069202,5HTeZ5168DjjGWZgbvzGfysEAj9fnexF24gYFKJHENU5cc8a,FREE,-1,345727681,345727681
9069562,5HTeZ5168DjjGWZgbvzGfysEAj9fnexF24gYFKJHENU5cc8a,5CyQFykVpfa9xgZVGgBsiNUpjbo1EihBTSkPvDC1FZbL1wxG,25,730664645642839,730757210421884
9069562,5HTeZ5168DjjGWZgbvzGfysEAj9fnexF24gYFKJHENU5cc8a,5FYwKoHYfiuy9m2yM4wbwM5pQyaEP38MBTTZS8RwNKRuQ8mi,25,417007115729,417021467629
9069562,5HTeZ5168DjjGWZgbvzGfysEAj9fnexF24gYFKJHENU5cc8a,FREE,-1,345727681,345727681
9069922,5HTeZ5168DjjGWZgbvzGfysEAj9fnexF24gYFKJHENU5cc8a,5CyQFykVpfa9xgZVGgBsiNUpjbo1EihBTSkPvDC1FZbL1wxG,25,730757210421884,730849768995119
9069922,5HTeZ5168DjjGWZgbvzGfysEAj9fnexF24gYFKJHENU5cc8a,5FYwKoHYfiuy9m2yM4wbwM5pQyaEP38MBTTZS8RwNKRuQ8mi,25,417021467629,417035778305
9069922,5HTeZ5168DjjGWZgbvzGfysEAj9fnexF24gYFKJHENU5cc8a,FREE,-1,345727681,345727681
9070282,5HTeZ5168DjjGWZgbvzGfysEAj9fnexF24gYFKJHENU5cc8a,5CyQFykVpfa9xgZVGgBsiNUpjbo1EihBTSkPvDC1FZbL1wxG,25,730849768995119,730942321129840
9070282,5HTeZ5168DjjGWZgbvzGfysEAj9fnexF24gYFKJHENU5cc8a,5FYwKoHYfiuy9m2yM4wbwM5pQyaEP38MBTTZS8RwNKRuQ8mi,25,417035778305,417050050051
9070282,5HTeZ5168DjjGWZgbvzGfysEAj9fnexF24gYFKJHENU5cc8a,FREE,-1,345727681,345727681
9070642,5HTeZ5168DjjGWZgbvzGfysEAj9fnexF24gYFKJHENU5cc8a,5CyQFykVpfa9xgZVGgBsiNUpjbo1EihBTSkPvDC1FZbL1wxG,25,730942321129840,731034868465763
9070642,5HTeZ5168DjjGWZgbvzGfysEAj9fnexF24gYFKJHENU5cc8a,5FYwKoHYfiuy9m2yM4wbwM5pQyaEP38MBTTZS8RwNKRuQ8mi,25,417050050051,417064285549
9070642,5HTeZ5168DjjGWZgbvzGfysEAj9fnexF24gYFKJHENU5cc8a,FREE,-1,345727681,345727681
9071002,5HTeZ5168DjjGWZgbvzGfysEAj9fnexF24gYFKJHENU5cc8a,5CyQFykVpfa9xgZVGgBsiNUpjbo1EihBTSkPvDC1FZbL1wxG,25,731034868465763,731127394722110
9071002,5HTeZ5168DjjGWZgbvzGfysEAj9fnexF24gYFKJHENU5cc8a,5FYwKoHYfiuy9m2yM4wbwM5pQyaEP38MBTTZS8RwNKRuQ8mi,25,417064285549,417078482109
9071002,5HTeZ5168DjjGWZgbvzGfysEAj9fnexF24gYFKJHENU5cc8a,FREE,-1,345727681,345727681
9071362,5HTeZ5168DjjGWZgbvzGfysEAj9fnexF24gYFKJHENU5cc8a,5CyQFykVpfa9xgZVGgBsiNUpjbo1EihBTSkPvDC1FZbL1wxG,25,731127394722110,731219913987392
9071362,5HTeZ5168DjjGWZgbvzGfysEAj9fnexF24gYFKJHENU5cc8a,5FYwKoHYfiuy9m2yM4wbwM5pQyaEP38MBTTZS8RwNKRuQ8mi,25,417078482109,417092647590
9071362,5HTeZ5168DjjGWZgbvzGfysEAj9fnexF24gYFKJHENU5cc8a,FREE,-1,345727681,345727681
9071722,5HTeZ5168DjjGWZgbvzGfysEAj9fnexF24gYFKJHENU5cc8a,5CyQFykVpfa9xgZVGgBsiNUpjbo1EihBTSkPvDC1FZbL1wxG,25,731219913987392,731312426680610
9071722,5HTeZ5168DjjGWZgbvzGfysEAj9fnexF24gYFKJHENU5cc8a,5FYwKoHYfiuy9m2yM4wbwM5pQyaEP38MBTTZS8RwNKRuQ8mi,25,417092647590,417106782798
9071722,5HTeZ5168DjjGWZgbvzGfysEAj9fnexF24gYFKJHENU5cc8a,FREE,-1,345727681,345727681
9072082,5HTeZ5168DjjGWZgbvzGfysEAj9fnexF24gYFKJHENU5cc8a,5CyQFykVpfa9xgZVGgBsiNUpjbo1EihBTSkPvDC1FZbL1wxG,25,731312426680610,731404943960133
9072082,5HTeZ5168DjjGWZgbvzGfysEAj9fnexF24gYFKJHENU5cc8a,5FYwKoHYfiuy9m2yM4wbwM5pQyaEP38MBTTZS8RwNKRuQ8mi,25,417106782798,417120900453
9072082,5HTeZ5168DjjGWZgbvzGfysEAj9fnexF24gYFKJHENU5cc8a,FREE,-1,345727681,345727681
9072442,5HTeZ5168DjjGWZgbvzGfysEAj9fnexF24gYFKJHENU5cc8a,5CyQFykVpfa9xgZVGgBsiNUpjbo1EihBTSkPvDC1FZbL1wxG,25,731404943960133,731497473413839
9072442,5HTeZ5168DjjGWZgbvzGfysEAj9fnexF24gYFKJHENU5cc8a,5FYwKoHYfiuy9m2yM4wbwM5pQyaEP38MBTTZS8RwNKRuQ8mi,25,417120900453,417135004818
9072442,5HTeZ5168DjjGWZgbvzGfysEAj9fnexF24gYFKJHENU5cc8a,FREE,-1,345727681,345727681
9072802,5HTeZ5168DjjGWZgbvzGfysEAj9fnexF24gYFKJHENU5cc8a,5CyQFykVpfa9xgZVGgBsiNUpjbo1EihBTSkPvDC1FZbL1wxG,25,731497473413840,731590007518411
9072802,5HTeZ5168DjjGWZgbvzGfysEAj9fnexF24gYFKJHENU5cc8a,5FYwKoHYfiuy9m2yM4wbwM5pQyaEP38MBTTZS8RwNKRuQ8mi,25,417135004818,417149091385
9072802,5HTeZ5168DjjGWZgbvzGfysEAj9fnexF24gYFKJHENU5cc8a,FREE,-1,345727681,345727681
9073162,5HTeZ5168DjjGWZgbvzGfysEAj9fnexF24gYFKJHENU5cc8a,5CyQFykVpfa9xgZVGgBsiNUpjbo1EihBTSkPvDC1FZbL1wxG,25,731590007518411,731682539372216
9073162,5HTeZ5168DjjGWZgbvzGfysEAj9fnexF24gYFKJHENU5cc8a,5FYwKoHYfiuy9m2yM4wbwM5pQyaEP38MBTTZS8RwNKRuQ8mi,25,417149091385,417163160609
9073162,5HTeZ5168DjjGWZgbvzGfysEAj9fnexF24gYFKJHENU5cc8a,FREE,-1,345727681,345727681
9073522,5HTeZ5168DjjGWZgbvzGfysEAj9fnexF24gYFKJHENU5cc8a,5CyQFykVpfa9xgZVGgBsiNUpjbo1EihBTSkPvDC1FZbL1wxG,25,731682539372216,731775054005691
9073522,5HTeZ5168DjjGWZgbvzGfysEAj9fnexF24gYFKJHENU5cc8a,5FYwKoHYfiuy9m2yM4wbwM5pQyaEP38MBTTZS8RwNKRuQ8mi,25,417163160609,417177205403
9073522,5HTeZ5168DjjGWZgbvzGfysEAj9fnexF24gYFKJHENU5cc8a,FREE,-1,345727681,345727681
9073882,5HTeZ5168DjjGWZgbvzGfysEAj9fnexF24gYFKJHENU5cc8a,5CyQFykVpfa9xgZVGgBsiNUpjbo1EihBTSkPvDC1FZbL1wxG,25,731775054005691,731867565660326
9073882,5HTeZ5168DjjGWZgbvzGfysEAj9fnexF24gYFKJHENU5cc8a,5FYwKoHYfiuy9m2yM4wbwM5pQyaEP38MBTTZS8RwNKRuQ8mi,25,417177205403,417191228986
9073882,5HTeZ5168DjjGWZgbvzGfysEAj9fnexF24gYFKJHENU5cc8a,FREE,-1,345727681,345727681
9074242,5HTeZ5168DjjGWZgbvzGfysEAj9fnexF24gYFKJHENU5cc8a,5CyQFykVpfa9xgZVGgBsiNUpjbo1EihBTSkPvDC1FZbL1wxG,25,731867565660326,731960053060115
9074242,5HTeZ5168DjjGWZgbvzGfysEAj9fnexF24gYFKJHENU5cc8a,5FYwKoHYfiuy9m2yM4wbwM5pQyaEP38MBTTZS8RwNKRuQ8mi,25,417191228986,417205230776
9074242,5HTeZ5168DjjGWZgbvzGfysEAj9fnexF24gYFKJHENU5cc8a,FREE,-1,345727681,345727681
9074602,5HTeZ5168DjjGWZgbvzGfysEAj9fnexF24gYFKJHENU5cc8a,5CyQFykVpfa9xgZVGgBsiNUpjbo1EihBTSkPvDC1FZbL1wxG,25,731960053060115,732052518660672
9074602,5HTeZ5168DjjGWZgbvzGfysEAj9fnexF24gYFKJHENU5cc8a,5FYwKoHYfiuy9m2yM4wbwM5pQyaEP38MBTTZS8RwNKRuQ8mi,25,417205230776,417219211620
9074602,5HTeZ5168DjjGWZgbvzGfysEAj9fnexF24gYFKJHENU5cc8a,FREE,-1,345727681,345727681
9074962,5HTeZ5168DjjGWZgbvzGfysEAj9fnexF24gYFKJHENU5cc8a,5CyQFykVpfa9xgZVGgBsiNUpjbo1EihBTSkPvDC1FZbL1wxG,25,732052518660672,732144953183444
9074962,5HTeZ5168DjjGWZgbvzGfysEAj9fnexF24gYFKJHENU5cc8a,5FYwKoHYfiuy9m2yM4wbwM5pQyaEP38MBTTZS8RwNKRuQ8mi,25,417219211620,417233166654
9074962,5HTeZ5168DjjGWZgbvzGfysEAj9fnexF24gYFKJHENU5cc8a,FREE,-1,345727681,345727681
9075322,5HTeZ5168DjjGWZgbvzGfysEAj9fnexF24gYFKJHENU5cc8a,5CyQFykVpfa9xgZVGgBsiNUpjbo1EihBTSkPvDC1FZbL1wxG,25,732144953183444,732237406860008
9075322,5HTeZ5168DjjGWZgbvzGfysEAj9fnexF24gYFKJHENU5cc8a,5FYwKoHYfiuy9m2yM4wbwM5pQyaEP38MBTTZS8RwNKRuQ8mi,25,417233166654,417247122652
9075322,5HTeZ5168DjjGWZgbvzGfysEAj9fnexF24gYFKJHENU5cc8a,FREE,-1,345727681,345727681
9075682,5HTeZ5168DjjGWZgbvzGfysEAj9fnexF24gYFKJHENU5cc8a,5CyQFykVpfa9xgZVGgBsiNUpjbo1EihBTSkPvDC1FZbL1wxG,25,732237406860008,732329883222267
9075682,5HTeZ5168DjjGWZgbvzGfysEAj9fnexF24gYFKJHENU5cc8a,5FYwKoHYfiuy9m2yM4wbwM5pQyaEP38MBTTZS8RwNKRuQ8mi,25,417247122652,417261076783
9075682,5HTeZ5168DjjGWZgbvzGfysEAj9fnexF24gYFKJHENU5cc8a,FREE,-1,345727681,345727681
9076042,5HTeZ5168DjjGWZgbvzGfysEAj9fnexF24gYFKJHENU5cc8a,5CyQFykVpfa9xgZVGgBsiNUpjbo1EihBTSkPvDC1FZbL1wxG,25,732329883222267,732422276726602
9076042,5HTeZ5168DjjGWZgbvzGfysEAj9fnexF24gYFKJHENU5cc8a,5FYwKoHYfiuy9m2yM4wbwM5pQyaEP38MBTTZS8RwNKRuQ8mi,25,417261076783,417274982021
9076042,5HTeZ5168DjjGWZgbvzGfysEAj9fnexF24gYFKJHENU5cc8a,FREE,-1,345727681,345727681
9076402,5HTeZ5168DjjGWZgbvzGfysEAj9fnexF24gYFKJHENU5cc8a,5CyQFykVpfa9xgZVGgBsiNUpjbo1EihBTSkPvDC1FZbL1wxG,25,732422276726602,732514633100367
9076402,5HTeZ5168DjjGWZgbvzGfysEAj9fnexF24gYFKJHENU5cc8a,5FYwKoHYfiuy9m2yM4wbwM5pQyaEP38MBTTZS8RwNKRuQ8mi,25,417274982021,417288864303
9076402,5HTeZ5168DjjGWZgbvzGfysEAj9fnexF24gYFKJHENU5cc8a,FREE,-1,345727681,345727681
9076762,5HTeZ5168DjjGWZgbvzGfysEAj9fnexF24gYFKJHENU5cc8a,5CyQFykVpfa9xgZVGgBsiNUpjbo1EihBTSkPvDC1FZbL1wxG,25,732514633100368,732606996566100
9076762,5HTeZ5168DjjGWZgbvzGfysEAj9fnexF24gYFKJHENU5cc8a,5FYwKoHYfiuy9m2yM4wbwM5pQyaEP38MBTTZS8RwNKRuQ8mi,25,417288864303,417302739673
9076762,5HTeZ5168DjjGWZgbvzGfysEAj9fnexF24gYFKJHENU5cc8a,FREE,-1,345727681,345727681
9077122,5HTeZ5168DjjGWZgbvzGfysEAj9fnexF24gYFKJHENU5cc8a,5CyQFykVpfa9xgZVGgBsiNUpjbo1EihBTSkPvDC1FZbL1wxG,25,732606996566100,732699359012709
9077122,5HTeZ5168DjjGWZgbvzGfysEAj9fnexF24gYFKJHENU5cc8a,5FYwKoHYfiuy9m2yM4wbwM5pQyaEP38MBTTZS8RwNKRuQ8mi,25,417302739673,417316607733
9077122,5HTeZ5168DjjGWZgbvzGfysEAj9fnexF24gYFKJHENU5cc8a,FREE,-1,345727681,345727681
9077482,5HTeZ5168DjjGWZgbvzGfysEAj9fnexF24gYFKJHENU5cc8a,5CyQFykVpfa9xgZVGgBsiNUpjbo1EihBTSkPvDC1FZbL1wxG,25,732699359012709,732791712784671
9077482,5HTeZ5168DjjGWZgbvzGfysEAj9fnexF24gYFKJHENU5cc8a,5FYwKoHYfiuy9m2yM4wbwM5pQyaEP38MBTTZS8RwNKRuQ8mi,25,417316607733,417330467007
9077482,5HTeZ5168DjjGWZgbvzGfysEAj9fnexF24gYFKJHENU5cc8a,FREE,-1,345727681,345727681
9077842,5HTeZ5168DjjGWZgbvzGfysEAj9fnexF24gYFKJHENU5cc8a,5CyQFykVpfa9xgZVGgBsiNUpjbo1EihBTSkPvDC1FZbL1wxG,25,732791712784671,732884010697172
9077842,5HTeZ5168DjjGWZgbvzGfysEAj9fnexF24gYFKJHENU5cc8a,5FYwKoHYfiuy9m2yM4wbwM5pQyaEP38MBTTZS8RwNKRuQ8mi,25,417330467007,417344293347
9077842,5HTeZ5168DjjGWZgbvzGfysEAj9fnexF24gYFKJHENU5cc8a,FREE,-1,345727681,345727681
9078202,5HTeZ5168DjjGWZgbvzGfysEAj9fnexF24gYFKJHENU5cc8a,5CyQFykVpfa9xgZVGgBsiNUpjbo1EihBTSkPvDC1FZbL1wxG,25,732884010697172,732976327273087
9078202,5HTeZ5168DjjGWZgbvzGfysEAj9fnexF24gYFKJHENU5cc8a,5FYwKoHYfiuy9m2yM4wbwM5pQyaEP38MBTTZS8RwNKRuQ8mi,25,417344293347,417358127511
9078202,5HTeZ5168DjjGWZgbvzGfysEAj9fnexF24gYFKJHENU5cc8a,FREE,-1,345727681,345727681
9078562,5HTeZ5168DjjGWZgbvzGfysEAj9fnexF24gYFKJHENU5cc8a,5CyQFykVpfa9xgZVGgBsiNUpjbo1EihBTSkPvDC1FZbL1wxG,25,732976327273087,733068640916771
9078562,5HTeZ5168DjjGWZgbvzGfysEAj9fnexF24gYFKJHENU5cc8a,5FYwKoHYfiuy9m2yM4wbwM5pQyaEP38MBTTZS8RwNKRuQ8mi,25,417358127511,417371955319
9078562,5HTeZ5168DjjGWZgbvzGfysEAj9fnexF24gYFKJHENU5cc8a,FREE,-1,345727681,345727681
9078922,5HTeZ5168DjjGWZgbvzGfysEAj9fnexF24gYFKJHENU5cc8a,5CyQFykVpfa9xgZVGgBsiNUpjbo1EihBTSkPvDC1FZbL1wxG,25,733068640916771,733160961437157
9078922,5HTeZ5168DjjGWZgbvzGfysEAj9fnexF24gYFKJHENU5cc8a,5FYwKoHYfiuy9m2yM4wbwM5pQyaEP38MBTTZS8RwNKRuQ8mi,25,417371955319,417385782587
9078922,5HTeZ5168DjjGWZgbvzGfysEAj9fnexF24gYFKJHENU5cc8a,FREE,-1,345727681,345727681
9079282,5HTeZ5168DjjGWZgbvzGfysEAj9fnexF24gYFKJHENU5cc8a,5CyQFykVpfa9xgZVGgBsiNUpjbo1EihBTSkPvDC1FZbL1wxG,25,733160961437157,733253286758515
9079282,5HTeZ5168DjjGWZgbvzGfysEAj9fnexF24gYFKJHENU5cc8a,5FYwKoHYfiuy9m2yM4wbwM5pQyaEP38MBTTZS8RwNKRuQ8mi,25,417385782587,417399609941
9079282,5HTeZ5168DjjGWZgbvzGfysEAj9fnexF24gYFKJHENU5cc8a,FREE,-1,345727681,345727681
9079642,5HTeZ5168DjjGWZgbvzGfysEAj9fnexF24gYFKJHENU5cc8a,5CyQFykVpfa9xgZVGgBsiNUpjbo1EihBTSkPvDC1FZbL1wxG,25,733253286758515,733345615825988
9079642,5HTeZ5168DjjGWZgbvzGfysEAj9fnexF24gYFKJHENU5cc8a,5FYwKoHYfiuy9m2yM4wbwM5pQyaEP38MBTTZS8RwNKRuQ8mi,25,417399609941,417413447982
9079642,5HTeZ5168DjjGWZgbvzGfysEAj9fnexF24gYFKJHENU5cc8a,FREE,-1,345727681,345727681
9080002,5HTeZ5168DjjGWZgbvzGfysEAj9fnexF24gYFKJHENU5cc8a,5CyQFykVpfa9xgZVGgBsiNUpjbo1EihBTSkPvDC1FZbL1wxG,25,733345615825988,733437934686542
9080002,5HTeZ5168DjjGWZgbvzGfysEAj9fnexF24gYFKJHENU5cc8a,5FYwKoHYfiuy9m2yM4wbwM5pQyaEP38MBTTZS8RwNKRuQ8mi,25,417413447982,417427276788
9080002,5HTeZ5168DjjGWZgbvzGfysEAj9fnexF24gYFKJHENU5cc8a,FREE,-1,345727681,345727681
9080362,5HTeZ5168DjjGWZgbvzGfysEAj9fnexF24gYFKJHENU5cc8a,5CyQFykVpfa9xgZVGgBsiNUpjbo1EihBTSkPvDC1FZbL1wxG,25,733437934686542,733530246958271
9080362,5HTeZ5168DjjGWZgbvzGfysEAj9fnexF24gYFKJHENU5cc8a,5FYwKoHYfiuy9m2yM4wbwM5pQyaEP38MBTTZS8RwNKRuQ8mi,25,417427276788,417441090404
9080362,5HTeZ5168DjjGWZgbvzGfysEAj9fnexF24gYFKJHENU5cc8a,FREE,-1,345727681,345727681
9080722,5HTeZ5168DjjGWZgbvzGfysEAj9fnexF24gYFKJHENU5cc8a,5CyQFykVpfa9xgZVGgBsiNUpjbo1EihBTSkPvDC1FZbL1wxG,25,733530246958271,733622568559977
9080722,5HTeZ5168DjjGWZgbvzGfysEAj9fnexF24gYFKJHENU5cc8a,5FYwKoHYfiuy9m2yM4wbwM5pQyaEP38MBTTZS8RwNKRuQ8mi,25,417441090404,417454905553
9080722,5HTeZ5168DjjGWZgbvzGfysEAj9fnexF24gYFKJHENU5cc8a,FREE,-1,345727681,345727681
9081082,5HTeZ5168DjjGWZgbvzGfysEAj9fnexF24gYFKJHENU5cc8a,5CyQFykVpfa9xgZVGgBsiNUpjbo1EihBTSkPvDC1FZbL1wxG,25,733622568559977,733714904161032
9081082,5HTeZ5168DjjGWZgbvzGfysEAj9fnexF24gYFKJHENU5cc8a,5FYwKoHYfiuy9m2yM4wbwM5pQyaEP38MBTTZS8RwNKRuQ8mi,25,417454905553,417468720293
9081082,5HTeZ5168DjjGWZgbvzGfysEAj9fnexF24gYFKJHENU5cc8a,FREE,-1,345727681,345727681
9081442,5HTeZ5168DjjGWZgbvzGfysEAj9fnexF24gYFKJHENU5cc8a,5CyQFykVpfa9xgZVGgBsiNUpjbo1EihBTSkPvDC1FZbL1wxG,25,733714904161032,733807246785633
9081442,5HTeZ5168DjjGWZgbvzGfysEAj9fnexF24gYFKJHENU5cc8a,5FYwKoHYfiuy9m2yM4wbwM5pQyaEP38MBTTZS8RwNKRuQ8mi,25,417468720293,417482537227
9081442,5HTeZ5168DjjGWZgbvzGfysEAj9fnexF24gYFKJHENU5cc8a,FREE,-1,345727681,345727681
9081802,5HTeZ5168DjjGWZgbvzGfysEAj9fnexF24gYFKJHENU5cc8a,5CyQFykVpfa9xgZVGgBsiNUpjbo1EihBTSkPvDC1FZbL1wxG,25,733807246785633,733899600412230
9081802,5HTeZ5168DjjGWZgbvzGfysEAj9fnexF24gYFKJHENU5cc8a,5FYwKoHYfiuy9m2yM4wbwM5pQyaEP38MBTTZS8RwNKRuQ8mi,25,417482537227,417496358515
9081802,5HTeZ5168DjjGWZgbvzGfysEAj9fnexF24gYFKJHENU5cc8a,FREE,-1,345727681,345727681
9082162,5HTeZ5168DjjGWZgbvzGfysEAj9fnexF24gYFKJHENU5cc8a,5CyQFykVpfa9xgZVGgBsiNUpjbo1EihBTSkPvDC1FZbL1wxG,25,733899600412230,733991953087207
9082162,5HTeZ5168DjjGWZgbvzGfysEAj9fnexF24gYFKJHENU5cc8a,5FYwKoHYfiuy9m2yM4wbwM5pQyaEP38MBTTZS8RwNKRuQ8mi,25,417496358515,417510177519
9082162,5HTeZ5168DjjGWZgbvzGfysEAj9fnexF24gYFKJHENU5cc8a,FREE,-1,345727681,345727681
9082522,5HTeZ5168DjjGWZgbvzGfysEAj9fnexF24gYFKJHENU5cc8a,5CyQFykVpfa9xgZVGgBsiNUpjbo1EihBTSkPvDC1FZbL1wxG,25,733991953087207,734084303372287
9082522,5HTeZ5168DjjGWZgbvzGfysEAj9fnexF24gYFKJHENU5cc8a,5FYwKoHYfiuy9m2yM4wbwM5pQyaEP38MBTTZS8RwNKRuQ8mi,25,417510177519,417523994688
9082522,5HTeZ5168DjjGWZgbvzGfysEAj9fnexF24gYFKJHENU5cc8a,FREE,-1,345727681,345727681
9082882,5HTeZ5168DjjGWZgbvzGfysEAj9fnexF24gYFKJHENU5cc8a,5CyQFykVpfa9xgZVGgBsiNUpjbo1EihBTSkPvDC1FZbL1wxG,25,734084303372287,734176654610561
9082882,5HTeZ5168DjjGWZgbvzGfysEAj9fnexF24gYFKJHENU5cc8a,5FYwKoHYfiuy9m2yM4wbwM5pQyaEP38MBTTZS8RwNKRuQ8mi,25,417523994688,417537810468
9082882,5HTeZ5168DjjGWZgbvzGfysEAj9fnexF24gYFKJHENU5cc8a,FREE,-1,345727681,345727681
9083242,5HTeZ5168DjjGWZgbvzGfysEAj9fnexF24gYFKJHENU5cc8a,5CyQFykVpfa9xgZVGgBsiNUpjbo1EihBTSkPvDC1FZbL1wxG,25,734176654610561,734269009291917
9083242,5HTeZ5168DjjGWZgbvzGfysEAj9fnexF24gYFKJHENU5cc8a,5FYwKoHYfiuy9m2yM4wbwM5pQyaEP38MBTTZS8RwNKRuQ8mi,25,417537810468,417551626735
9083242,5HTeZ5168DjjGWZgbvzGfysEAj9fnexF24gYFKJHENU5cc8a,FREE,-1,345727681,345727681
9083602,5HTeZ5168DjjGWZgbvzGfysEAj9fnexF24gYFKJHENU5cc8a,5CyQFykVpfa9xgZVGgBsiNUpjbo1EihBTSkPvDC1FZbL1wxG,25,734269009291917,734361365779173
9083602,5HTeZ5168DjjGWZgbvzGfysEAj9fnexF24gYFKJHENU5cc8a,5FYwKoHYfiuy9m2yM4wbwM5pQyaEP38MBTTZS8RwNKRuQ8mi,25,417551626735,417565441732
9083602,5HTeZ5168DjjGWZgbvzGfysEAj9fnexF24gYFKJHENU5cc8a,FREE,-1,345727681,345727681
9083962,5HTeZ5168DjjGWZgbvzGfysEAj9fnexF24gYFKJHENU5cc8a,5CyQFykVpfa9xgZVGgBsiNUpjbo1EihBTSkPvDC1FZbL1wxG,25,734361365779173,734453668346721
9083962,5HTeZ5168DjjGWZgbvzGfysEAj9fnexF24gYFKJHENU5cc8a,5FYwKoHYfiuy9m2yM4wbwM5pQyaEP38MBTTZS8RwNKRuQ8mi,25,417565441732,417579006720
9083962,5HTeZ5168DjjGWZgbvzGfysEAj9fnexF24gYFKJHENU5cc8a,FREE,-1,345727681,345727681
9084322,5HTeZ5168DjjGWZgbvzGfysEAj9fnexF24gYFKJHENU5cc8a,5CyQFykVpfa9xgZVGgBsiNUpjbo1EihBTSkPvDC1FZbL1wxG,25,734453668346721,734545974290765
9084322,5HTeZ5168DjjGWZgbvzGfysEAj9fnexF24gYFKJHENU5cc8a,5FYwKoHYfiuy9m2yM4wbwM5pQyaEP38MBTTZS8RwNKRuQ8mi,25,417579006720,417592598003
9084322,5HTeZ5168DjjGWZgbvzGfysEAj9fnexF24gYFKJHENU5cc8a,FREE,-1,345727681,345727681
9084682,5HTeZ5168DjjGWZgbvzGfysEAj9fnexF24gYFKJHENU5cc8a,5CyQFykVpfa9xgZVGgBsiNUpjbo1EihBTSkPvDC1FZbL1wxG,25,734545974290765,734638284620373
9084682,5HTeZ5168DjjGWZgbvzGfysEAj9fnexF24gYFKJHENU5cc8a,5FYwKoHYfiuy9m2yM4wbwM5pQyaEP38MBTTZS8RwNKRuQ8mi,25,417592598003,417606213743
9084682,5HTeZ5168DjjGWZgbvzGfysEAj9fnexF24gYFKJHENU5cc8a,FREE,-1,345727681,345727681
9085042,5HTeZ5168DjjGWZgbvzGfysEAj9fnexF24gYFKJHENU5cc8a,5CyQFykVpfa9xgZVGgBsiNUpjbo1EihBTSkPvDC1FZbL1wxG,25,734638284620373,734730597179744
9085042,5HTeZ5168DjjGWZgbvzGfysEAj9fnexF24gYFKJHENU5cc8a,5FYwKoHYfiuy9m2yM4wbwM5pQyaEP38MBTTZS8RwNKRuQ8mi,25,417606213743,417619849790
9085042,5HTeZ5168DjjGWZgbvzGfysEAj9fnexF24gYFKJHENU5cc8a,FREE,-1,345727681,345727681
9085402,5HTeZ5168DjjGWZgbvzGfysEAj9fnexF24gYFKJHENU5cc8a,5CyQFykVpfa9xgZVGgBsiNUpjbo1EihBTSkPvDC1FZbL1wxG,25,734730597179744,734822917700506
9085402,5HTeZ5168DjjGWZgbvzGfysEAj9fnexF24gYFKJHENU5cc8a,5FYwKoHYfiuy9m2yM4wbwM5pQyaEP38MBTTZS8RwNKRuQ8mi,25,417619849790,417633506362
9085402,5HTeZ5168DjjGWZgbvzGfysEAj9fnexF24gYFKJHENU5cc8a,FREE,-1,345727681,345727681
9085762,5HTeZ5168DjjGWZgbvzGfysEAj9fnexF24gYFKJHENU5cc8a,5CyQFykVpfa9xgZVGgBsiNUpjbo1EihBTSkPvDC1FZbL1wxG,25,734822917700506,734915242067376
9085762,5HTeZ5168DjjGWZgbvzGfysEAj9fnexF24gYFKJHENU5cc8a,5FYwKoHYfiuy9m2yM4wbwM5pQyaEP38MBTTZS8RwNKRuQ8mi,25,417633506362,417647180477
9085762,5HTeZ5168DjjGWZgbvzGfysEAj9fnexF24gYFKJHENU5cc8a,FREE,-1,345727681,345727681
9086122,5HTeZ5168DjjGWZgbvzGfysEAj9fnexF24gYFKJHENU5cc8a,5CyQFykVpfa9xgZVGgBsiNUpjbo1EihBTSkPvDC1FZbL1wxG,25,734915242067376,735007568713367
9086122,5HTeZ5168DjjGWZgbvzGfysEAj9fnexF24gYFKJHENU5cc8a,5FYwKoHYfiuy9m2yM4wbwM5pQyaEP38MBTTZS8RwNKRuQ8mi,25,417647180477,417660869271
9086122,5HTeZ5168DjjGWZgbvzGfysEAj9fnexF24gYFKJHENU5cc8a,FREE,-1,345727681,345727681
9086482,5HTeZ5168DjjGWZgbvzGfysEAj9fnexF24gYFKJHENU5cc8a,5CyQFykVpfa9xgZVGgBsiNUpjbo1EihBTSkPvDC1FZbL1wxG,25,735007568713367,735099902128297
9086482,5HTeZ5168DjjGWZgbvzGfysEAj9fnexF24gYFKJHENU5cc8a,5FYwKoHYfiuy9m2yM4wbwM5pQyaEP38MBTTZS8RwNKRuQ8mi,25,417660869271,417674570445
9086482,5HTeZ5168DjjGWZgbvzGfysEAj9fnexF24gYFKJHENU5cc8a,FREE,-1,345727681,345727681
9086842,5HTeZ5168DjjGWZgbvzGfysEAj9fnexF24gYFKJHENU5cc8a,5CyQFykVpfa9xgZVGgBsiNUpjbo1EihBTSkPvDC1FZbL1wxG,25,735099902128297,735192218001963
9086842,5HTeZ5168DjjGWZgbvzGfysEAj9fnexF24gYFKJHENU5cc8a,5FYwKoHYfiuy9m2yM4wbwM5pQyaEP38MBTTZS8RwNKRuQ8mi,25,417674570445,417688273633
9086842,5HTeZ5168DjjGWZgbvzGfysEAj9fnexF24gYFKJHENU5cc8a,FREE,-1,345727681,345727681
9087202,5HTeZ5168DjjGWZgbvzGfysEAj9fnexF24gYFKJHENU5cc8a,5CyQFykVpfa9xgZVGgBsiNUpjbo1EihBTSkPvDC1FZbL1wxG,25,735192218001963,735284535490482
9087202,5HTeZ5168DjjGWZgbvzGfysEAj9fnexF24gYFKJHENU5cc8a,5FYwKoHYfiuy9m2yM4wbwM5pQyaEP38MBTTZS8RwNKRuQ8mi,25,417688273633,417701987390
9087202,5HTeZ5168DjjGWZgbvzGfysEAj9fnexF24gYFKJHENU5cc8a,FREE,-1,345727681,345727681
9087562,5HTeZ5168DjjGWZgbvzGfysEAj9fnexF24gYFKJHENU5cc8a,5CyQFykVpfa9xgZVGgBsiNUpjbo1EihBTSkPvDC1FZbL1wxG,25,735284535490482,735376852191136
9087562,5HTeZ5168DjjGWZgbvzGfysEAj9fnexF24gYFKJHENU5cc8a,5FYwKoHYfiuy9m2yM4wbwM5pQyaEP38MBTTZS8RwNKRuQ8mi,25,417701987390,417715710253
9087562,5HTeZ5168DjjGWZgbvzGfysEAj9fnexF24gYFKJHENU5cc8a,FREE,-1,345727681,345727681
9087922,5HTeZ5168DjjGWZgbvzGfysEAj9fnexF24gYFKJHENU5cc8a,5CyQFykVpfa9xgZVGgBsiNUpjbo1EihBTSkPvDC1FZbL1wxG,25,735376852191136,735469168922354
9087922,5HTeZ5168DjjGWZgbvzGfysEAj9fnexF24gYFKJHENU5cc8a,5FYwKoHYfiuy9m2yM4wbwM5pQyaEP38MBTTZS8RwNKRuQ8mi,25,417715710253,417729439573
9087922,5HTeZ5168DjjGWZgbvzGfysEAj9fnexF24gYFKJHENU5cc8a,FREE,-1,345727681,345727681
9088282,5HTeZ5168DjjGWZgbvzGfysEAj9fnexF24gYFKJHENU5cc8a,5CyQFykVpfa9xgZVGgBsiNUpjbo1EihBTSkPvDC1FZbL1wxG,25,735469168922354,735561486373793
9088282,5HTeZ5168DjjGWZgbvzGfysEAj9fnexF24gYFKJHENU5cc8a,5FYwKoHYfiuy9m2yM4wbwM5pQyaEP38MBTTZS8RwNKRuQ8mi,25,417729439573,417743177788
9088282,5HTeZ5168DjjGWZgbvzGfysEAj9fnexF24gYFKJHENU5cc8a,FREE,-1,345727681,345727681
9088642,5HTeZ5168DjjGWZgbvzGfysEAj9fnexF24gYFKJHENU5cc8a,5CyQFykVpfa9xgZVGgBsiNUpjbo1EihBTSkPvDC1FZbL1wxG,25,735561486373793,735653808670493
9088642,5HTeZ5168DjjGWZgbvzGfysEAj9fnexF24gYFKJHENU5cc8a,5FYwKoHYfiuy9m2yM4wbwM5pQyaEP38MBTTZS8RwNKRuQ8mi,25,417743177788,417756924527
9088642,5HTeZ5168DjjGWZgbvzGfysEAj9fnexF24gYFKJHENU5cc8a,FREE,-1,345727681,345727681
9089002,5HTeZ5168DjjGWZgbvzGfysEAj9fnexF24gYFKJHENU5cc8a,5CyQFykVpfa9xgZVGgBsiNUpjbo1EihBTSkPvDC1FZbL1wxG,25,735653808670493,735746142644776
9089002,5HTeZ5168DjjGWZgbvzGfysEAj9fnexF24gYFKJHENU5cc8a,5FYwKoHYfiuy9m2yM4wbwM5pQyaEP38MBTTZS8RwNKRuQ8mi,25,417756924527,417770677888
9089002,5HTeZ5168DjjGWZgbvzGfysEAj9fnexF24gYFKJHENU5cc8a,FREE,-1,345727681,345727681
9089362,5HTeZ5168DjjGWZgbvzGfysEAj9fnexF24gYFKJHENU5cc8a,5CyQFykVpfa9xgZVGgBsiNUpjbo1EihBTSkPvDC1FZbL1wxG,25,735746142644776,735838466770480
9089362,5HTeZ5168DjjGWZgbvzGfysEAj9fnexF24gYFKJHENU5cc8a,5FYwKoHYfiuy9m2yM4wbwM5pQyaEP38MBTTZS8RwNKRuQ8mi,25,417770677888,417784429665
9089362,5HTeZ5168DjjGWZgbvzGfysEAj9fnexF24gYFKJHENU5cc8a,FREE,-1,345727681,345727681
9089722,5HTeZ5168DjjGWZgbvzGfysEAj9fnexF24gYFKJHENU5cc8a,5CyQFykVpfa9xgZVGgBsiNUpjbo1EihBTSkPvDC1FZbL1wxG,25,735838466770480,735930791623346
9089722,5HTeZ5168DjjGWZgbvzGfysEAj9fnexF24gYFKJHENU5cc8a,5FYwKoHYfiuy9m2yM4wbwM5pQyaEP38MBTTZS8RwNKRuQ8mi,25,417784429665,417798188858
9089722,5HTeZ5168DjjGWZgbvzGfysEAj9fnexF24gYFKJHENU5cc8a,FREE,-1,345727681,345727681
9090082,5HTeZ5168DjjGWZgbvzGfysEAj9fnexF24gYFKJHENU5cc8a,5CyQFykVpfa9xgZVGgBsiNUpjbo1EihBTSkPvDC1FZbL1wxG,25,735930791623346,736023110402020
9090082,5HTeZ5168DjjGWZgbvzGfysEAj9fnexF24gYFKJHENU5cc8a,5FYwKoHYfiuy9m2yM4wbwM5pQyaEP38MBTTZS8RwNKRuQ8mi,25,417798188858,417811947874
9090082,5HTeZ5168DjjGWZgbvzGfysEAj9fnexF24gYFKJHENU5cc8a,FREE,-1,345727681,345727681
9090442,5HTeZ5168DjjGWZgbvzGfysEAj9fnexF24gYFKJHENU5cc8a,5CyQFykVpfa9xgZVGgBsiNUpjbo1EihBTSkPvDC1FZbL1wxG,25,736023110402020,736115436863524
9090442,5HTeZ5168DjjGWZgbvzGfysEAj9fnexF24gYFKJHENU5cc8a,5FYwKoHYfiuy9m2yM4wbwM5pQyaEP38MBTTZS8RwNKRuQ8mi,25,417811947874,417825714199
9090442,5HTeZ5168DjjGWZgbvzGfysEAj9fnexF24gYFKJHENU5cc8a,FREE,-1,345727681,345727681
9090802,5HTeZ5168DjjGWZgbvzGfysEAj9fnexF24gYFKJHENU5cc8a,5CyQFykVpfa9xgZVGgBsiNUpjbo1EihBTSkPvDC1FZbL1wxG,25,736115436863524,736207766934720
9090802,5HTeZ5168DjjGWZgbvzGfysEAj9fnexF24gYFKJHENU5cc8a,5FYwKoHYfiuy9m2yM4wbwM5pQyaEP38MBTTZS8RwNKRuQ8mi,25,417825714199,417839484297
9090802,5HTeZ5168DjjGWZgbvzGfysEAj9fnexF24gYFKJHENU5cc8a,FREE,-1,345727681,345727681
9091162,5HTeZ5168DjjGWZgbvzGfysEAj9fnexF24gYFKJHENU5cc8a,5CyQFykVpfa9xgZVGgBsiNUpjbo1EihBTSkPvDC1FZbL1wxG,25,736207766934720,736300074337240
9091162,5HTeZ5168DjjGWZgbvzGfysEAj9fnexF24gYFKJHENU5cc8a,5FYwKoHYfiuy9m2yM4wbwM5pQyaEP38MBTTZS8RwNKRuQ8mi,25,417839484297,417853244150
9091162,5HTeZ5168DjjGWZgbvzGfysEAj9fnexF24gYFKJHENU5cc8a,FREE,-1,345727681,345727681
9091522,5HTeZ5168DjjGWZgbvzGfysEAj9fnexF24gYFKJHENU5cc8a,5CyQFykVpfa9xgZVGgBsiNUpjbo1EihBTSkPvDC1FZbL1wxG,25,736300074337240,736392371238419
9091522,5HTeZ5168DjjGWZgbvzGfysEAj9fnexF24gYFKJHENU5cc8a,5FYwKoHYfiuy9m2yM4wbwM5pQyaEP38MBTTZS8RwNKRuQ8mi,25,417853244150,417866998797
9091522,5HTeZ5168DjjGWZgbvzGfysEAj9fnexF24gYFKJHENU5cc8a,FREE,-1,345727681,345727681
9091882,5HTeZ5168DjjGWZgbvzGfysEAj9fnexF24gYFKJHENU5cc8a,5CyQFykVpfa9xgZVGgBsiNUpjbo1EihBTSkPvDC1FZbL1wxG,25,736392371238419,736484668432375
9091882,5HTeZ5168DjjGWZgbvzGfysEAj9fnexF24gYFKJHENU5cc8a,5FYwKoHYfiuy9m2yM4wbwM5pQyaEP38MBTTZS8RwNKRuQ8mi,25,417866998797,417880756499
9091882,5HTeZ5168DjjGWZgbvzGfysEAj9fnexF24gYFKJHENU5cc8a,FREE,-1,345727681,345727681
9092242,5HTeZ5168DjjGWZgbvzGfysEAj9fnexF24gYFKJHENU5cc8a,5CyQFykVpfa9xgZVGgBsiNUpjbo1EihBTSkPvDC1FZbL1wxG,25,736484668432375,736576957305608
9092242,5HTeZ5168DjjGWZgbvzGfysEAj9fnexF24gYFKJHENU5cc8a,5FYwKoHYfiuy9m2yM4wbwM5pQyaEP38MBTTZS8RwNKRuQ8mi,25,417880756499,417894512905
9092242,5HTeZ5168DjjGWZgbvzGfysEAj9fnexF24gYFKJHENU5cc8a,FREE,-1,345727681,345727681
9092602,5HTeZ5168DjjGWZgbvzGfysEAj9fnexF24gYFKJHENU5cc8a,5CyQFykVpfa9xgZVGgBsiNUpjbo1EihBTSkPvDC1FZbL1wxG,25,736576957305608,736669249922402
9092602,5HTeZ5168DjjGWZgbvzGfysEAj9fnexF24gYFKJHENU5cc8a,5FYwKoHYfiuy9m2yM4wbwM5pQyaEP38MBTTZS8RwNKRuQ8mi,25,417894512905,417908272259
9092602,5HTeZ5168DjjGWZgbvzGfysEAj9fnexF24gYFKJHENU5cc8a,FREE,-1,345727681,345727681
9092962,5HTeZ5168DjjGWZgbvzGfysEAj9fnexF24gYFKJHENU5cc8a,5CyQFykVpfa9xgZVGgBsiNUpjbo1EihBTSkPvDC1FZbL1wxG,25,736669249922402,736761540759990
9092962,5HTeZ5168DjjGWZgbvzGfysEAj9fnexF24gYFKJHENU5cc8a,5FYwKoHYfiuy9m2yM4wbwM5pQyaEP38MBTTZS8RwNKRuQ8mi,25,417908272259,417922030130
9092962,5HTeZ5168DjjGWZgbvzGfysEAj9fnexF24gYFKJHENU5cc8a,FREE,-1,345727681,345727681
9093322,5HTeZ5168DjjGWZgbvzGfysEAj9fnexF24gYFKJHENU5cc8a,5CyQFykVpfa9xgZVGgBsiNUpjbo1EihBTSkPvDC1FZbL1wxG,25,736761540759990,736853817096561
9093322,5HTeZ5168DjjGWZgbvzGfysEAj9fnexF24gYFKJHENU5cc8a,5FYwKoHYfiuy9m2yM4wbwM5pQyaEP38MBTTZS8RwNKRuQ8mi,25,417922030130,417935782742
9093322,5HTeZ5168DjjGWZgbvzGfysEAj9fnexF24gYFKJHENU5cc8a,FREE,-1,345727681,345727681
9093682,5HTeZ5168DjjGWZgbvzGfysEAj9fnexF24gYFKJHENU5cc8a,5CyQFykVpfa9xgZVGgBsiNUpjbo1EihBTSkPvDC1FZbL1wxG,25,736853817096561,736946087076075
9093682,5HTeZ5168DjjGWZgbvzGfysEAj9fnexF24gYFKJHENU5cc8a,5FYwKoHYfiuy9m2yM4wbwM5pQyaEP38MBTTZS8RwNKRuQ8mi,25,417935782742,417949531231
9093682,5HTeZ5168DjjGWZgbvzGfysEAj9fnexF24gYFKJHENU5cc8a,FREE,-1,345727681,345727681
9094042,5HTeZ5168DjjGWZgbvzGfysEAj9fnexF24gYFKJHENU5cc8a,5CyQFykVpfa9xgZVGgBsiNUpjbo1EihBTSkPvDC1FZbL1wxG,25,736946087076075,737038299618150
9094042,5HTeZ5168DjjGWZgbvzGfysEAj9fnexF24gYFKJHENU5cc8a,5FYwKoHYfiuy9m2yM4wbwM5pQyaEP38MBTTZS8RwNKRuQ8mi,25,417949531231,417963256816
9094042,5HTeZ5168DjjGWZgbvzGfysEAj9fnexF24gYFKJHENU5cc8a,FREE,-1,345727681,345727681
9094402,5HTeZ5168DjjGWZgbvzGfysEAj9fnexF24gYFKJHENU5cc8a,5CyQFykVpfa9xgZVGgBsiNUpjbo1EihBTSkPvDC1FZbL1wxG,25,737038299618150,737130494530155
9094402,5HTeZ5168DjjGWZgbvzGfysEAj9fnexF24gYFKJHENU5cc8a,5FYwKoHYfiuy9m2yM4wbwM5pQyaEP38MBTTZS8RwNKRuQ8mi,25,417963256816,417976974564
9094402,5HTeZ5168DjjGWZgbvzGfysEAj9fnexF24gYFKJHENU5cc8a,FREE,-1,345727681,345727681
9094762,5HTeZ5168DjjGWZgbvzGfysEAj9fnexF24gYFKJHENU5cc8a,5CyQFykVpfa9xgZVGgBsiNUpjbo1EihBTSkPvDC1FZbL1wxG,25,737130494530156,737222671131991
9094762,5HTeZ5168DjjGWZgbvzGfysEAj9fnexF24gYFKJHENU5cc8a,5FYwKoHYfiuy9m2yM4wbwM5pQyaEP38MBTTZS8RwNKRuQ8mi,25,417976974564,417990675734
9094762,5HTeZ5168DjjGWZgbvzGfysEAj9fnexF24gYFKJHENU5cc8a,FREE,-1,345727681,345727681
9095122,5HTeZ5168DjjGWZgbvzGfysEAj9fnexF24gYFKJHENU5cc8a,5CyQFykVpfa9xgZVGgBsiNUpjbo1EihBTSkPvDC1FZbL1wxG,25,737222671131991,737314837668385
9095122,5HTeZ5168DjjGWZgbvzGfysEAj9fnexF24gYFKJHENU5cc8a,5FYwKoHYfiuy9m2yM4wbwM5pQyaEP38MBTTZS8RwNKRuQ8mi,25,417990675734,418004374250
9095122,5HTeZ5168DjjGWZgbvzGfysEAj9fnexF24gYFKJHENU5cc8a,FREE,-1,345727681,345727681
9095482,5HTeZ5168DjjGWZgbvzGfysEAj9fnexF24gYFKJHENU5cc8a,5CyQFykVpfa9xgZVGgBsiNUpjbo1EihBTSkPvDC1FZbL1wxG,25,737314837668385,737404413450358
9095482,5HTeZ5168DjjGWZgbvzGfysEAj9fnexF24gYFKJHENU5cc8a,5FYwKoHYfiuy9m2yM4wbwM5pQyaEP38MBTTZS8RwNKRuQ8mi,25,418004374250,418018439167
9095482,5HTeZ5168DjjGWZgbvzGfysEAj9fnexF24gYFKJHENU5cc8a,FREE,-1,345727681,345727681
9095842,5HTeZ5168DjjGWZgbvzGfysEAj9fnexF24gYFKJHENU5cc8a,5CyQFykVpfa9xgZVGgBsiNUpjbo1EihBTSkPvDC1FZbL1wxG,25,737404413450358,737491624332257
9095842,5HTeZ5168DjjGWZgbvzGfysEAj9fnexF24gYFKJHENU5cc8a,5FYwKoHYfiuy9m2yM4wbwM5pQyaEP38MBTTZS8RwNKRuQ8mi,25,418018439167,418032827135
9095842,5HTeZ5168DjjGWZgbvzGfysEAj9fnexF24gYFKJHENU5cc8a,FREE,-1,345727681,345727681
9096202,5HTeZ5168DjjGWZgbvzGfysEAj9fnexF24gYFKJHENU5cc8a,5CyQFykVpfa9xgZVGgBsiNUpjbo1EihBTSkPvDC1FZbL1wxG,25,737491624332257,737576695958931
9096202,5HTeZ5168DjjGWZgbvzGfysEAj9fnexF24gYFKJHENU5cc8a,5FYwKoHYfiuy9m2yM4wbwM5pQyaEP38MBTTZS8RwNKRuQ8mi,25,418032827135,418047853733
9096202,5HTeZ5168DjjGWZgbvzGfysEAj9fnexF24gYFKJHENU5cc8a,FREE,-1,345727681,345727681
9096562,5HTeZ5168DjjGWZgbvzGfysEAj9fnexF24gYFKJHENU5cc8a,5CyQFykVpfa9xgZVGgBsiNUpjbo1EihBTSkPvDC1FZbL1wxG,25,737576695958931,737659823084122
9096562,5HTeZ5168DjjGWZgbvzGfysEAj9fnexF24gYFKJHENU5cc8a,5FYwKoHYfiuy9m2yM4wbwM5pQyaEP38MBTTZS8RwNKRuQ8mi,25,418047853733,418063136257
9096562,5HTeZ5168DjjGWZgbvzGfysEAj9fnexF24gYFKJHENU5cc8a,FREE,-1,345727681,345727681
9096922,5HTeZ5168DjjGWZgbvzGfysEAj9fnexF24gYFKJHENU5cc8a,5CyQFykVpfa9xgZVGgBsiNUpjbo1EihBTSkPvDC1FZbL1wxG,25,737659823084122,737741183955649
9096922,5HTeZ5168DjjGWZgbvzGfysEAj9fnexF24gYFKJHENU5cc8a,5FYwKoHYfiuy9m2yM4wbwM5pQyaEP38MBTTZS8RwNKRuQ8mi,25,418063136257,418078652739
9096922,5HTeZ5168DjjGWZgbvzGfysEAj9fnexF24gYFKJHENU5cc8a,FREE,-1,345727681,345727681
9097282,5HTeZ5168DjjGWZgbvzGfysEAj9fnexF24gYFKJHENU5cc8a,5CyQFykVpfa9xgZVGgBsiNUpjbo1EihBTSkPvDC1FZbL1wxG,25,737741183955649,737820969597493
9097282,5HTeZ5168DjjGWZgbvzGfysEAj9fnexF24gYFKJHENU5cc8a,5FYwKoHYfiuy9m2yM4wbwM5pQyaEP38MBTTZS8RwNKRuQ8mi,25,418078652739,418094420466
9097282,5HTeZ5168DjjGWZgbvzGfysEAj9fnexF24gYFKJHENU5cc8a,FREE,-1,345727681,345727681
9097642,5HTeZ5168DjjGWZgbvzGfysEAj9fnexF24gYFKJHENU5cc8a,5CyQFykVpfa9xgZVGgBsiNUpjbo1EihBTSkPvDC1FZbL1wxG,25,737820969597493,737899324296163
9097642,5HTeZ5168DjjGWZgbvzGfysEAj9fnexF24gYFKJHENU5cc8a,5FYwKoHYfiuy9m2yM4wbwM5pQyaEP38MBTTZS8RwNKRuQ8mi,25,418094420466,418110426366
9097642,5HTeZ5168DjjGWZgbvzGfysEAj9fnexF24gYFKJHENU5cc8a,FREE,-1,345727681,345727681
9098002,5HTeZ5168DjjGWZgbvzGfysEAj9fnexF24gYFKJHENU5cc8a,5CyQFykVpfa9xgZVGgBsiNUpjbo1EihBTSkPvDC1FZbL1wxG,25,737899324296163,737976354761183
9098002,5HTeZ5168DjjGWZgbvzGfysEAj9fnexF24gYFKJHENU5cc8a,5FYwKoHYfiuy9m2yM4wbwM5pQyaEP38MBTTZS8RwNKRuQ8mi,25,418110426366,418126613256
9098002,5HTeZ5168DjjGWZgbvzGfysEAj9fnexF24gYFKJHENU5cc8a,FREE,-1,345727681,345727681
9098362,5HTeZ5168DjjGWZgbvzGfysEAj9fnexF24gYFKJHENU5cc8a,5CyQFykVpfa9xgZVGgBsiNUpjbo1EihBTSkPvDC1FZbL1wxG,25,737976354761183,738052186149008
9098362,5HTeZ5168DjjGWZgbvzGfysEAj9fnexF24gYFKJHENU5cc8a,5FYwKoHYfiuy9m2yM4wbwM5pQyaEP38MBTTZS8RwNKRuQ8mi,25,418126613256,418142963695
9098362,5HTeZ5168DjjGWZgbvzGfysEAj9fnexF24gYFKJHENU5cc8a,FREE,-1,345727681,345727681
9098722,5HTeZ5168DjjGWZgbvzGfysEAj9fnexF24gYFKJHENU5cc8a,5CyQFykVpfa9xgZVGgBsiNUpjbo1EihBTSkPvDC1FZbL1wxG,25,738052186149008,738129737005062
9098722,5HTeZ5168DjjGWZgbvzGfysEAj9fnexF24gYFKJHENU5cc8a,5FYwKoHYfiuy9m2yM4wbwM5pQyaEP38MBTTZS8RwNKRuQ8mi,25,418142963695,418159066367
9098722,5HTeZ5168DjjGWZgbvzGfysEAj9fnexF24gYFKJHENU5cc8a,FREE,-1,345727681,345727681
9099082,5HTeZ5168DjjGWZgbvzGfysEAj9fnexF24gYFKJHENU5cc8a,5CyQFykVpfa9xgZVGgBsiNUpjbo1EihBTSkPvDC1FZbL1wxG,25,738129737005062,738208829473951
9099082,5HTeZ5168DjjGWZgbvzGfysEAj9fnexF24gYFKJHENU5cc8a,5FYwKoHYfiuy9m2yM4wbwM5pQyaEP38MBTTZS8RwNKRuQ8mi,25,418159066367,418174951742
9099082,5HTeZ5168DjjGWZgbvzGfysEAj9fnexF24gYFKJHENU5cc8a,FREE,-1,345727681,345727681
9099442,5HTeZ5168DjjGWZgbvzGfysEAj9fnexF24gYFKJHENU5cc8a,5CyQFykVpfa9xgZVGgBsiNUpjbo1EihBTSkPvDC1FZbL1wxG,25,738208829473951,738289307145640
9099442,5HTeZ5168DjjGWZgbvzGfysEAj9fnexF24gYFKJHENU5cc8a,5FYwKoHYfiuy9m2yM4wbwM5pQyaEP38MBTTZS8RwNKRuQ8mi,25,418174951742,418190643349
9099442,5HTeZ5168DjjGWZgbvzGfysEAj9fnexF24gYFKJHENU5cc8a,FREE,-1,345727681,345727681
9099802,5HTeZ5168DjjGWZgbvzGfysEAj9fnexF24gYFKJHENU5cc8a,5CyQFykVpfa9xgZVGgBsiNUpjbo1EihBTSkPvDC1FZbL1wxG,25,738289307145640,738371029199110
9099802,5HTeZ5168DjjGWZgbvzGfysEAj9fnexF24gYFKJHENU5cc8a,5FYwKoHYfiuy9m2yM4wbwM5pQyaEP38MBTTZS8RwNKRuQ8mi,25,418190643349,418206164229
9099802,5HTeZ5168DjjGWZgbvzGfysEAj9fnexF24gYFKJHENU5cc8a,FREE,-1,345727681,345727681
9100162,5HTeZ5168DjjGWZgbvzGfysEAj9fnexF24gYFKJHENU5cc8a,5CyQFykVpfa9xgZVGgBsiNUpjbo1EihBTSkPvDC1FZbL1wxG,25,738371029199110,738453866077207
9100162,5HTeZ5168DjjGWZgbvzGfysEAj9fnexF24gYFKJHENU5cc8a,5FYwKoHYfiuy9m2yM4wbwM5pQyaEP38MBTTZS8RwNKRuQ8mi,25,418206164229,418221530410
9100162,5HTeZ5168DjjGWZgbvzGfysEAj9fnexF24gYFKJHENU5cc8a,FREE,-1,345727681,345727681
9100522,5HTeZ5168DjjGWZgbvzGfysEAj9fnexF24gYFKJHENU5cc8a,5CyQFykVpfa9xgZVGgBsiNUpjbo1EihBTSkPvDC1FZbL1wxG,25,738453866077207,738537700726210
9100522,5HTeZ5168DjjGWZgbvzGfysEAj9fnexF24gYFKJHENU5cc8a,5FYwKoHYfiuy9m2yM4wbwM5pQyaEP38MBTTZS8RwNKRuQ8mi,25,418221530410,418236757495
9100522,5HTeZ5168DjjGWZgbvzGfysEAj9fnexF24gYFKJHENU5cc8a,FREE,-1,345727681,345727681
9100882,5HTeZ5168DjjGWZgbvzGfysEAj9fnexF24gYFKJHENU5cc8a,5CyQFykVpfa9xgZVGgBsiNUpjbo1EihBTSkPvDC1FZbL1wxG,25,738537700726210,738622433277206
9100882,5HTeZ5168DjjGWZgbvzGfysEAj9fnexF24gYFKJHENU5cc8a,5FYwKoHYfiuy9m2yM4wbwM5pQyaEP38MBTTZS8RwNKRuQ8mi,25,418236757495,418251863140
9100882,5HTeZ5168DjjGWZgbvzGfysEAj9fnexF24gYFKJHENU5cc8a,FREE,-1,345727681,345727681
9101242,5HTeZ5168DjjGWZgbvzGfysEAj9fnexF24gYFKJHENU5cc8a,5CyQFykVpfa9xgZVGgBsiNUpjbo1EihBTSkPvDC1FZbL1wxG,25,738622433277206,738708024999229
9101242,5HTeZ5168DjjGWZgbvzGfysEAj9fnexF24gYFKJHENU5cc8a,5FYwKoHYfiuy9m2yM4wbwM5pQyaEP38MBTTZS8RwNKRuQ8mi,25,418251863140,418266896389
9101242,5HTeZ5168DjjGWZgbvzGfysEAj9fnexF24gYFKJHENU5cc8a,FREE,-1,345727681,345727681
9101602,5HTeZ5168DjjGWZgbvzGfysEAj9fnexF24gYFKJHENU5cc8a,5CyQFykVpfa9xgZVGgBsiNUpjbo1EihBTSkPvDC1FZbL1wxG,25,738708024999229,738794322070779
9101602,5HTeZ5168DjjGWZgbvzGfysEAj9fnexF24gYFKJHENU5cc8a,5FYwKoHYfiuy9m2yM4wbwM5pQyaEP38MBTTZS8RwNKRuQ8mi,25,418266896389,418281817314
9101602,5HTeZ5168DjjGWZgbvzGfysEAj9fnexF24gYFKJHENU5cc8a,FREE,-1,345727681,345727681
9101962,5HTeZ5168DjjGWZgbvzGfysEAj9fnexF24gYFKJHENU5cc8a,5CyQFykVpfa9xgZVGgBsiNUpjbo1EihBTSkPvDC1FZbL1wxG,25,738794322070779,738881280279691
9101962,5HTeZ5168DjjGWZgbvzGfysEAj9fnexF24gYFKJHENU5cc8a,5FYwKoHYfiuy9m2yM4wbwM5pQyaEP38MBTTZS8RwNKRuQ8mi,25,418281817314,418296658038
9101962,5HTeZ5168DjjGWZgbvzGfysEAj9fnexF24gYFKJHENU5cc8a,FREE,-1,345727681,345727681
9102322,5HTeZ5168DjjGWZgbvzGfysEAj9fnexF24gYFKJHENU5cc8a,5CyQFykVpfa9xgZVGgBsiNUpjbo1EihBTSkPvDC1FZbL1wxG,25,738881280279691,738968887857244
9102322,5HTeZ5168DjjGWZgbvzGfysEAj9fnexF24gYFKJHENU5cc8a,5FYwKoHYfiuy9m2yM4wbwM5pQyaEP38MBTTZS8RwNKRuQ8mi,25,418296658038,418311466092
9102322,5HTeZ5168DjjGWZgbvzGfysEAj9fnexF24gYFKJHENU5cc8a,FREE,-1,345727681,345727681
9102682,5HTeZ5168DjjGWZgbvzGfysEAj9fnexF24gYFKJHENU5cc8a,5CyQFykVpfa9xgZVGgBsiNUpjbo1EihBTSkPvDC1FZbL1wxG,25,738968887857244,739057047652233
9102682,5HTeZ5168DjjGWZgbvzGfysEAj9fnexF24gYFKJHENU5cc8a,5FYwKoHYfiuy9m2yM4wbwM5pQyaEP38MBTTZS8RwNKRuQ8mi,25,418311466092,418326216363
9102682,5HTeZ5168DjjGWZgbvzGfysEAj9fnexF24gYFKJHENU5cc8a,FREE,-1,345727681,345727681
9103042,5HTeZ5168DjjGWZgbvzGfysEAj9fnexF24gYFKJHENU5cc8a,5CyQFykVpfa9xgZVGgBsiNUpjbo1EihBTSkPvDC1FZbL1wxG,25,739057047652233,739145700058681
9103042,5HTeZ5168DjjGWZgbvzGfysEAj9fnexF24gYFKJHENU5cc8a,5FYwKoHYfiuy9m2yM4wbwM5pQyaEP38MBTTZS8RwNKRuQ8mi,25,418326216363,418341036538
9103042,5HTeZ5168DjjGWZgbvzGfysEAj9fnexF24gYFKJHENU5cc8a,FREE,-1,345727681,345727681
9103402,5HTeZ5168DjjGWZgbvzGfysEAj9fnexF24gYFKJHENU5cc8a,5CyQFykVpfa9xgZVGgBsiNUpjbo1EihBTSkPvDC1FZbL1wxG,25,739145700058681,739234819177532
9103402,5HTeZ5168DjjGWZgbvzGfysEAj9fnexF24gYFKJHENU5cc8a,5FYwKoHYfiuy9m2yM4wbwM5pQyaEP38MBTTZS8RwNKRuQ8mi,25,418341036538,418355808351
9103402,5HTeZ5168DjjGWZgbvzGfysEAj9fnexF24gYFKJHENU5cc8a,FREE,-1,345727681,345727681
9103762,5HTeZ5168DjjGWZgbvzGfysEAj9fnexF24gYFKJHENU5cc8a,5CyQFykVpfa9xgZVGgBsiNUpjbo1EihBTSkPvDC1FZbL1wxG,25,739234819177532,739324340747877
9103762,5HTeZ5168DjjGWZgbvzGfysEAj9fnexF24gYFKJHENU5cc8a,5FYwKoHYfiuy9m2yM4wbwM5pQyaEP38MBTTZS8RwNKRuQ8mi,25,418355808351,418370526008
9103762,5HTeZ5168DjjGWZgbvzGfysEAj9fnexF24gYFKJHENU5cc8a,FREE,-1,345727681,345727681
9104122,5HTeZ5168DjjGWZgbvzGfysEAj9fnexF24gYFKJHENU5cc8a,5CyQFykVpfa9xgZVGgBsiNUpjbo1EihBTSkPvDC1FZbL1wxG,25,739324340747877,739414212193494
9104122,5HTeZ5168DjjGWZgbvzGfysEAj9fnexF24gYFKJHENU5cc8a,5FYwKoHYfiuy9m2yM4wbwM5pQyaEP38MBTTZS8RwNKRuQ8mi,25,418370526008,418385185839
9104122,5HTeZ5168DjjGWZgbvzGfysEAj9fnexF24gYFKJHENU5cc8a,FREE,-1,345727681,345727681
9104482,5HTeZ5168DjjGWZgbvzGfysEAj9fnexF24gYFKJHENU5cc8a,5CyQFykVpfa9xgZVGgBsiNUpjbo1EihBTSkPvDC1FZbL1wxG,25,739414212193494,739504397421944
9104482,5HTeZ5168DjjGWZgbvzGfysEAj9fnexF24gYFKJHENU5cc8a,5FYwKoHYfiuy9m2yM4wbwM5pQyaEP38MBTTZS8RwNKRuQ8mi,25,418385185839,418399794338
9104482,5HTeZ5168DjjGWZgbvzGfysEAj9fnexF24gYFKJHENU5cc8a,FREE,-1,345727681,345727681
9104842,5HTeZ5168DjjGWZgbvzGfysEAj9fnexF24gYFKJHENU5cc8a,5CyQFykVpfa9xgZVGgBsiNUpjbo1EihBTSkPvDC1FZbL1wxG,25,739504397421944,739594876242054
9104842,5HTeZ5168DjjGWZgbvzGfysEAj9fnexF24gYFKJHENU5cc8a,5FYwKoHYfiuy9m2yM4wbwM5pQyaEP38MBTTZS8RwNKRuQ8mi,25,418399794338,418414364971
9104842,5HTeZ5168DjjGWZgbvzGfysEAj9fnexF24gYFKJHENU5cc8a,FREE,-1,345727681,345727681
9105202,5HTeZ5168DjjGWZgbvzGfysEAj9fnexF24gYFKJHENU5cc8a,5CyQFykVpfa9xgZVGgBsiNUpjbo1EihBTSkPvDC1FZbL1wxG,25,739594876242054,739685619839973
9105202,5HTeZ5168DjjGWZgbvzGfysEAj9fnexF24gYFKJHENU5cc8a,5FYwKoHYfiuy9m2yM4wbwM5pQyaEP38MBTTZS8RwNKRuQ8mi,25,418414364971,418428896463
9105202,5HTeZ5168DjjGWZgbvzGfysEAj9fnexF24gYFKJHENU5cc8a,FREE,-1,345727681,345727681
9105562,5HTeZ5168DjjGWZgbvzGfysEAj9fnexF24gYFKJHENU5cc8a,5CyQFykVpfa9xgZVGgBsiNUpjbo1EihBTSkPvDC1FZbL1wxG,25,739685619839973,739776621913603
9105562,5HTeZ5168DjjGWZgbvzGfysEAj9fnexF24gYFKJHENU5cc8a,5FYwKoHYfiuy9m2yM4wbwM5pQyaEP38MBTTZS8RwNKRuQ8mi,25,418428896463,418443406383
9105562,5HTeZ5168DjjGWZgbvzGfysEAj9fnexF24gYFKJHENU5cc8a,FREE,-1,345727681,345727681
9105922,5HTeZ5168DjjGWZgbvzGfysEAj9fnexF24gYFKJHENU5cc8a,5CyQFykVpfa9xgZVGgBsiNUpjbo1EihBTSkPvDC1FZbL1wxG,25,739776621913603,739867945348924
9105922,5HTeZ5168DjjGWZgbvzGfysEAj9fnexF24gYFKJHENU5cc8a,5FYwKoHYfiuy9m2yM4wbwM5pQyaEP38MBTTZS8RwNKRuQ8mi,25,418443406383,418457944756
9105922,5HTeZ5168DjjGWZgbvzGfysEAj9fnexF24gYFKJHENU5cc8a,FREE,-1,345727681,345727681
9106282,5HTeZ5168DjjGWZgbvzGfysEAj9fnexF24gYFKJHENU5cc8a,5CyQFykVpfa9xgZVGgBsiNUpjbo1EihBTSkPvDC1FZbL1wxG,25,739867945348924,739959481097737
9106282,5HTeZ5168DjjGWZgbvzGfysEAj9fnexF24gYFKJHENU5cc8a,5FYwKoHYfiuy9m2yM4wbwM5pQyaEP38MBTTZS8RwNKRuQ8mi,25,418457944756,418472472489
9106282,5HTeZ5168DjjGWZgbvzGfysEAj9fnexF24gYFKJHENU5cc8a,FREE,-1,345727681,345727681
9106642,5HTeZ5168DjjGWZgbvzGfysEAj9fnexF24gYFKJHENU5cc8a,5CyQFykVpfa9xgZVGgBsiNUpjbo1EihBTSkPvDC1FZbL1wxG,25,739959481097737,740051212164263
9106642,5HTeZ5168DjjGWZgbvzGfysEAj9fnexF24gYFKJHENU5cc8a,5FYwKoHYfiuy9m2yM4wbwM5pQyaEP38MBTTZS8RwNKRuQ8mi,25,418472472489,418486986801
9106642,5HTeZ5168DjjGWZgbvzGfysEAj9fnexF24gYFKJHENU5cc8a,FREE,-1,345727681,345727681
9107002,5HTeZ5168DjjGWZgbvzGfysEAj9fnexF24gYFKJHENU5cc8a,5CyQFykVpfa9xgZVGgBsiNUpjbo1EihBTSkPvDC1FZbL1wxG,25,740051212164263,740143173517532
9107002,5HTeZ5168DjjGWZgbvzGfysEAj9fnexF24gYFKJHENU5cc8a,5FYwKoHYfiuy9m2yM4wbwM5pQyaEP38MBTTZS8RwNKRuQ8mi,25,418486986801,418501516859
9107002,5HTeZ5168DjjGWZgbvzGfysEAj9fnexF24gYFKJHENU5cc8a,FREE,-1,345727681,345727681
9107362,5HTeZ5168DjjGWZgbvzGfysEAj9fnexF24gYFKJHENU5cc8a,5CyQFykVpfa9xgZVGgBsiNUpjbo1EihBTSkPvDC1FZbL1wxG,25,740143173517532,740235287368446
9107362,5HTeZ5168DjjGWZgbvzGfysEAj9fnexF24gYFKJHENU5cc8a,5FYwKoHYfiuy9m2yM4wbwM5pQyaEP38MBTTZS8RwNKRuQ8mi,25,418501516859,418516032580
9107362,5HTeZ5168DjjGWZgbvzGfysEAj9fnexF24gYFKJHENU5cc8a,FREE,-1,345727681,345727681
9107722,5HTeZ5168DjjGWZgbvzGfysEAj9fnexF24gYFKJHENU5cc8a,5CyQFykVpfa9xgZVGgBsiNUpjbo1EihBTSkPvDC1FZbL1wxG,25,740235287368446,740327550025741
9107722,5HTeZ5168DjjGWZgbvzGfysEAj9fnexF24gYFKJHENU5cc8a,5FYwKoHYfiuy9m2yM4wbwM5pQyaEP38MBTTZS8RwNKRuQ8mi,25,418516032580,418530540586
9107722,5HTeZ5168DjjGWZgbvzGfysEAj9fnexF24gYFKJHENU5cc8a,FREE,-1,345727681,345727681
9108082,5HTeZ5168DjjGWZgbvzGfysEAj9fnexF24gYFKJHENU5cc8a,5CyQFykVpfa9xgZVGgBsiNUpjbo1EihBTSkPvDC1FZbL1wxG,25,740327550025741,740419903962748
9108082,5HTeZ5168DjjGWZgbvzGfysEAj9fnexF24gYFKJHENU5cc8a,5FYwKoHYfiuy9m2yM4wbwM5pQyaEP38MBTTZS8RwNKRuQ8mi,25,418530540586,418545020136
9108082,5HTeZ5168DjjGWZgbvzGfysEAj9fnexF24gYFKJHENU5cc8a,FREE,-1,345727681,345727681
9108442,5HTeZ5168DjjGWZgbvzGfysEAj9fnexF24gYFKJHENU5cc8a,5CyQFykVpfa9xgZVGgBsiNUpjbo1EihBTSkPvDC1FZbL1wxG,25,740419903962748,740512346094306
9108442,5HTeZ5168DjjGWZgbvzGfysEAj9fnexF24gYFKJHENU5cc8a,5FYwKoHYfiuy9m2yM4wbwM5pQyaEP38MBTTZS8RwNKRuQ8mi,25,418545020136,418559477180
9108442,5HTeZ5168DjjGWZgbvzGfysEAj9fnexF24gYFKJHENU5cc8a,FREE,-1,345727681,345727681
9108802,5HTeZ5168DjjGWZgbvzGfysEAj9fnexF24gYFKJHENU5cc8a,5CyQFykVpfa9xgZVGgBsiNUpjbo1EihBTSkPvDC1FZbL1wxG,25,740512346094306,740604893939964
9108802,5HTeZ5168DjjGWZgbvzGfysEAj9fnexF24gYFKJHENU5cc8a,5FYwKoHYfiuy9m2yM4wbwM5pQyaEP38MBTTZS8RwNKRuQ8mi,25,418559477180,418573928904
9108802,5HTeZ5168DjjGWZgbvzGfysEAj9fnexF24gYFKJHENU5cc8a,FREE,-1,345727681,345727681
9109162,5HTeZ5168DjjGWZgbvzGfysEAj9fnexF24gYFKJHENU5cc8a,5CyQFykVpfa9xgZVGgBsiNUpjbo1EihBTSkPvDC1FZbL1wxG,25,740604893939964,740697526439224
9109162,5HTeZ5168DjjGWZgbvzGfysEAj9fnexF24gYFKJHENU5cc8a,5FYwKoHYfiuy9m2yM4wbwM5pQyaEP38MBTTZS8RwNKRuQ8mi,25,418573928904,418588370520
9109162,5HTeZ5168DjjGWZgbvzGfysEAj9fnexF24gYFKJHENU5cc8a,FREE,-1,345727681,345727681
9109522,5HTeZ5168DjjGWZgbvzGfysEAj9fnexF24gYFKJHENU5cc8a,5CyQFykVpfa9xgZVGgBsiNUpjbo1EihBTSkPvDC1FZbL1wxG,25,740697526439224,740790213035102
9109522,5HTeZ5168DjjGWZgbvzGfysEAj9fnexF24gYFKJHENU5cc8a,5FYwKoHYfiuy9m2yM4wbwM5pQyaEP38MBTTZS8RwNKRuQ8mi,25,418588370520,418602792854
9109522,5HTeZ5168DjjGWZgbvzGfysEAj9fnexF24gYFKJHENU5cc8a,FREE,-1,345727681,345727681
9109882,5HTeZ5168DjjGWZgbvzGfysEAj9fnexF24gYFKJHENU5cc8a,5CyQFykVpfa9xgZVGgBsiNUpjbo1EihBTSkPvDC1FZbL1wxG,25,740790213035102,740882967538597
9109882,5HTeZ5168DjjGWZgbvzGfysEAj9fnexF24gYFKJHENU5cc8a,5FYwKoHYfiuy9m2yM4wbwM5pQyaEP38MBTTZS8RwNKRuQ8mi,25,418602792854,418617203361
9109882,5HTeZ5168DjjGWZgbvzGfysEAj9fnexF24gYFKJHENU5cc8a,FREE,-1,345727681,345727681
9110242,5HTeZ5168DjjGWZgbvzGfysEAj9fnexF24gYFKJHENU5cc8a,5CyQFykVpfa9xgZVGgBsiNUpjbo1EihBTSkPvDC1FZbL1wxG,25,740882967538597,740975762741376
9110242,5HTeZ5168DjjGWZgbvzGfysEAj9fnexF24gYFKJHENU5cc8a,5FYwKoHYfiuy9m2yM4wbwM5pQyaEP38MBTTZS8RwNKRuQ8mi,25,418617203361,418631596912
9110242,5HTeZ5168DjjGWZgbvzGfysEAj9fnexF24gYFKJHENU5cc8a,FREE,-1,345727681,345727681
9110602,5HTeZ5168DjjGWZgbvzGfysEAj9fnexF24gYFKJHENU5cc8a,5CyQFykVpfa9xgZVGgBsiNUpjbo1EihBTSkPvDC1FZbL1wxG,25,740975762741376,741068609095865
9110602,5HTeZ5168DjjGWZgbvzGfysEAj9fnexF24gYFKJHENU5cc8a,5FYwKoHYfiuy9m2yM4wbwM5pQyaEP38MBTTZS8RwNKRuQ8mi,25,418631596912,418645979600
9110602,5HTeZ5168DjjGWZgbvzGfysEAj9fnexF24gYFKJHENU5cc8a,FREE,-1,345727681,345727681
9110962,5HTeZ5168DjjGWZgbvzGfysEAj9fnexF24gYFKJHENU5cc8a,5CyQFykVpfa9xgZVGgBsiNUpjbo1EihBTSkPvDC1FZbL1wxG,25,741068609095865,741161516060509
9110962,5HTeZ5168DjjGWZgbvzGfysEAj9fnexF24gYFKJHENU5cc8a,5FYwKoHYfiuy9m2yM4wbwM5pQyaEP38MBTTZS8RwNKRuQ8mi,25,418645979600,418660362363
9110962,5HTeZ5168DjjGWZgbvzGfysEAj9fnexF24gYFKJHENU5cc8a,FREE,-1,345727681,345727681
9111322,5HTeZ5168DjjGWZgbvzGfysEAj9fnexF24gYFKJHENU5cc8a,5CyQFykVpfa9xgZVGgBsiNUpjbo1EihBTSkPvDC1FZbL1wxG,25,741161516060509,741254494214703
9111322,5HTeZ5168DjjGWZgbvzGfysEAj9fnexF24gYFKJHENU5cc8a,5FYwKoHYfiuy9m2yM4wbwM5pQyaEP38MBTTZS8RwNKRuQ8mi,25,418660362363,418674752246
9111322,5HTeZ5168DjjGWZgbvzGfysEAj9fnexF24gYFKJHENU5cc8a,FREE,-1,345727681,345727681
9111682,5HTeZ5168DjjGWZgbvzGfysEAj9fnexF24gYFKJHENU5cc8a,5CyQFykVpfa9xgZVGgBsiNUpjbo1EihBTSkPvDC1FZbL1wxG,25,741254494214703,741347500100137
9111682,5HTeZ5168DjjGWZgbvzGfysEAj9fnexF24gYFKJHENU5cc8a,5FYwKoHYfiuy9m2yM4wbwM5pQyaEP38MBTTZS8RwNKRuQ8mi,25,418674752246,418689130349
9111682,5HTeZ5168DjjGWZgbvzGfysEAj9fnexF24gYFKJHENU5cc8a,FREE,-1,345727681,345727681
9112042,5HTeZ5168DjjGWZgbvzGfysEAj9fnexF24gYFKJHENU5cc8a,5CyQFykVpfa9xgZVGgBsiNUpjbo1EihBTSkPvDC1FZbL1wxG,25,741347500100137,741440543134242
9112042,5HTeZ5168DjjGWZgbvzGfysEAj9fnexF24gYFKJHENU5cc8a,5FYwKoHYfiuy9m2yM4wbwM5pQyaEP38MBTTZS8RwNKRuQ8mi,25,418689130349,418703502525
9112042,5HTeZ5168DjjGWZgbvzGfysEAj9fnexF24gYFKJHENU5cc8a,FREE,-1,345727681,345727681
9112402,5HTeZ5168DjjGWZgbvzGfysEAj9fnexF24gYFKJHENU5cc8a,5CyQFykVpfa9xgZVGgBsiNUpjbo1EihBTSkPvDC1FZbL1wxG,25,741440543134242,741533617261335
9112402,5HTeZ5168DjjGWZgbvzGfysEAj9fnexF24gYFKJHENU5cc8a,5FYwKoHYfiuy9m2yM4wbwM5pQyaEP38MBTTZS8RwNKRuQ8mi,25,418703502525,418717868134
9112402,5HTeZ5168DjjGWZgbvzGfysEAj9fnexF24gYFKJHENU5cc8a,FREE,-1,345727681,345727681
9112762,5HTeZ5168DjjGWZgbvzGfysEAj9fnexF24gYFKJHENU5cc8a,5CyQFykVpfa9xgZVGgBsiNUpjbo1EihBTSkPvDC1FZbL1wxG,25,741533617261335,741626714851222
9112762,5HTeZ5168DjjGWZgbvzGfysEAj9fnexF24gYFKJHENU5cc8a,5FYwKoHYfiuy9m2yM4wbwM5pQyaEP38MBTTZS8RwNKRuQ8mi,25,418717868134,418732224749
9112762,5HTeZ5168DjjGWZgbvzGfysEAj9fnexF24gYFKJHENU5cc8a,FREE,-1,345727681,345727681
9113122,5HTeZ5168DjjGWZgbvzGfysEAj9fnexF24gYFKJHENU5cc8a,5CyQFykVpfa9xgZVGgBsiNUpjbo1EihBTSkPvDC1FZbL1wxG,25,741626714851222,741719855706270
9113122,5HTeZ5168DjjGWZgbvzGfysEAj9fnexF24gYFKJHENU5cc8a,5FYwKoHYfiuy9m2yM4wbwM5pQyaEP38MBTTZS8RwNKRuQ8mi,25,418732224749,418746584469
9113122,5HTeZ5168DjjGWZgbvzGfysEAj9fnexF24gYFKJHENU5cc8a,FREE,-1,345727681,345727681
9113482,5HTeZ5168DjjGWZgbvzGfysEAj9fnexF24gYFKJHENU5cc8a,5CyQFykVpfa9xgZVGgBsiNUpjbo1EihBTSkPvDC1FZbL1wxG,25,741719855706270,741813024612937
9113482,5HTeZ5168DjjGWZgbvzGfysEAj9fnexF24gYFKJHENU5cc8a,5FYwKoHYfiuy9m2yM4wbwM5pQyaEP38MBTTZS8RwNKRuQ8mi,25,418746584469,418760943366
9113482,5HTeZ5168DjjGWZgbvzGfysEAj9fnexF24gYFKJHENU5cc8a,FREE,-1,345727681,345727681
9113842,5HTeZ5168DjjGWZgbvzGfysEAj9fnexF24gYFKJHENU5cc8a,5CyQFykVpfa9xgZVGgBsiNUpjbo1EihBTSkPvDC1FZbL1wxG,25,741813024612937,741906241055444
9113842,5HTeZ5168DjjGWZgbvzGfysEAj9fnexF24gYFKJHENU5cc8a,5FYwKoHYfiuy9m2yM4wbwM5pQyaEP38MBTTZS8RwNKRuQ8mi,25,418760943366,418775312437
9113842,5HTeZ5168DjjGWZgbvzGfysEAj9fnexF24gYFKJHENU5cc8a,FREE,-1,345727681,345727681
9114202,5HTeZ5168DjjGWZgbvzGfysEAj9fnexF24gYFKJHENU5cc8a,5CyQFykVpfa9xgZVGgBsiNUpjbo1EihBTSkPvDC1FZbL1wxG,25,741906241055444,741999499431867
9114202,5HTeZ5168DjjGWZgbvzGfysEAj9fnexF24gYFKJHENU5cc8a,5FYwKoHYfiuy9m2yM4wbwM5pQyaEP38MBTTZS8RwNKRuQ8mi,25,418775312437,418789689511
9114202,5HTeZ5168DjjGWZgbvzGfysEAj9fnexF24gYFKJHENU5cc8a,FREE,-1,345727681,345727681
9114562,5HTeZ5168DjjGWZgbvzGfysEAj9fnexF24gYFKJHENU5cc8a,5CyQFykVpfa9xgZVGgBsiNUpjbo1EihBTSkPvDC1FZbL1wxG,25,741999499431867,742092786986227
9114562,5HTeZ5168DjjGWZgbvzGfysEAj9fnexF24gYFKJHENU5cc8a,5FYwKoHYfiuy9m2yM4wbwM5pQyaEP38MBTTZS8RwNKRuQ8mi,25,418789689511,418804070061
9114562,5HTeZ5168DjjGWZgbvzGfysEAj9fnexF24gYFKJHENU5cc8a,FREE,-1,345727681,345727681
9114922,5HTeZ5168DjjGWZgbvzGfysEAj9fnexF24gYFKJHENU5cc8a,5CyQFykVpfa9xgZVGgBsiNUpjbo1EihBTSkPvDC1FZbL1wxG,25,742092786986227,742186081040275
9114922,5HTeZ5168DjjGWZgbvzGfysEAj9fnexF24gYFKJHENU5cc8a,5FYwKoHYfiuy9m2yM4wbwM5pQyaEP38MBTTZS8RwNKRuQ8mi,25,418804070061,418818441711
9114922,5HTeZ5168DjjGWZgbvzGfysEAj9fnexF24gYFKJHENU5cc8a,FREE,-1,345727681,345727681
9115282,5HTeZ5168DjjGWZgbvzGfysEAj9fnexF24gYFKJHENU5cc8a,5CyQFykVpfa9xgZVGgBsiNUpjbo1EihBTSkPvDC1FZbL1wxG,25,742186081040275,742279399270805
9115282,5HTeZ5168DjjGWZgbvzGfysEAj9fnexF24gYFKJHENU5cc8a,5FYwKoHYfiuy9m2yM4wbwM5pQyaEP38MBTTZS8RwNKRuQ8mi,25,418818441711,418832815775
9115282,5HTeZ5168DjjGWZgbvzGfysEAj9fnexF24gYFKJHENU5cc8a,FREE,-1,345727681,345727681
9115642,5HTeZ5168DjjGWZgbvzGfysEAj9fnexF24gYFKJHENU5cc8a,5CyQFykVpfa9xgZVGgBsiNUpjbo1EihBTSkPvDC1FZbL1wxG,25,742279399270805,742372726199227
9115642,5HTeZ5168DjjGWZgbvzGfysEAj9fnexF24gYFKJHENU5cc8a,5FYwKoHYfiuy9m2yM4wbwM5pQyaEP38MBTTZS8RwNKRuQ8mi,25,418832815775,418847185417
9115642,5HTeZ5168DjjGWZgbvzGfysEAj9fnexF24gYFKJHENU5cc8a,FREE,-1,345727681,345727681
9116002,5HTeZ5168DjjGWZgbvzGfysEAj9fnexF24gYFKJHENU5cc8a,5CyQFykVpfa9xgZVGgBsiNUpjbo1EihBTSkPvDC1FZbL1wxG,25,742372726199227,742466079920711
9116002,5HTeZ5168DjjGWZgbvzGfysEAj9fnexF24gYFKJHENU5cc8a,5FYwKoHYfiuy9m2yM4wbwM5pQyaEP38MBTTZS8RwNKRuQ8mi,25,418847185417,418861560223
9116002,5HTeZ5168DjjGWZgbvzGfysEAj9fnexF24gYFKJHENU5cc8a,FREE,-1,345727681,345727681
9116362,5HTeZ5168DjjGWZgbvzGfysEAj9fnexF24gYFKJHENU5cc8a,5CyQFykVpfa9xgZVGgBsiNUpjbo1EihBTSkPvDC1FZbL1wxG,25,742466079920711,742559441266203
9116362,5HTeZ5168DjjGWZgbvzGfysEAj9fnexF24gYFKJHENU5cc8a,5FYwKoHYfiuy9m2yM4wbwM5pQyaEP38MBTTZS8RwNKRuQ8mi,25,418861560223,418875933558
9116362,5HTeZ5168DjjGWZgbvzGfysEAj9fnexF24gYFKJHENU5cc8a,FREE,-1,345727681,345727681
9116722,5HTeZ5168DjjGWZgbvzGfysEAj9fnexF24gYFKJHENU5cc8a,5CyQFykVpfa9xgZVGgBsiNUpjbo1EihBTSkPvDC1FZbL1wxG,25,742559441266203,742652819961771
9116722,5HTeZ5168DjjGWZgbvzGfysEAj9fnexF24gYFKJHENU5cc8a,5FYwKoHYfiuy9m2yM4wbwM5pQyaEP38MBTTZS8RwNKRuQ8mi,25,418875933558,418890309660
9116722,5HTeZ5168DjjGWZgbvzGfysEAj9fnexF24gYFKJHENU5cc8a,FREE,-1,345727681,345727681
9117082,5HTeZ5168DjjGWZgbvzGfysEAj9fnexF24gYFKJHENU5cc8a,5CyQFykVpfa9xgZVGgBsiNUpjbo1EihBTSkPvDC1FZbL1wxG,25,742652819961771,742746242184154
9117082,5HTeZ5168DjjGWZgbvzGfysEAj9fnexF24gYFKJHENU5cc8a,5FYwKoHYfiuy9m2yM4wbwM5pQyaEP38MBTTZS8RwNKRuQ8mi,25,418890309660,418904700404
9117082,5HTeZ5168DjjGWZgbvzGfysEAj9fnexF24gYFKJHENU5cc8a,FREE,-1,345727681,345727681
9117442,5HTeZ5168DjjGWZgbvzGfysEAj9fnexF24gYFKJHENU5cc8a,5CyQFykVpfa9xgZVGgBsiNUpjbo1EihBTSkPvDC1FZbL1wxG,25,742746242184154,742839692875101
9117442,5HTeZ5168DjjGWZgbvzGfysEAj9fnexF24gYFKJHENU5cc8a,5FYwKoHYfiuy9m2yM4wbwM5pQyaEP38MBTTZS8RwNKRuQ8mi,25,418904700404,418919098210
9117442,5HTeZ5168DjjGWZgbvzGfysEAj9fnexF24gYFKJHENU5cc8a,FREE,-1,345727681,345727681
9117802,5HTeZ5168DjjGWZgbvzGfysEAj9fnexF24gYFKJHENU5cc8a,5CyQFykVpfa9xgZVGgBsiNUpjbo1EihBTSkPvDC1FZbL1wxG,25,742839692875101,742933149935786
9117802,5HTeZ5168DjjGWZgbvzGfysEAj9fnexF24gYFKJHENU5cc8a,5FYwKoHYfiuy9m2yM4wbwM5pQyaEP38MBTTZS8RwNKRuQ8mi,25,418919098210,418933492787
9117802,5HTeZ5168DjjGWZgbvzGfysEAj9fnexF24gYFKJHENU5cc8a,FREE,-1,345727681,345727681
9118162,5HTeZ5168DjjGWZgbvzGfysEAj9fnexF24gYFKJHENU5cc8a,5CyQFykVpfa9xgZVGgBsiNUpjbo1EihBTSkPvDC1FZbL1wxG,25,742933149935786,743026624594455
9118162,5HTeZ5168DjjGWZgbvzGfysEAj9fnexF24gYFKJHENU5cc8a,5FYwKoHYfiuy9m2yM4wbwM5pQyaEP38MBTTZS8RwNKRuQ8mi,25,418933492787,418947845529
9118162,5HTeZ5168DjjGWZgbvzGfysEAj9fnexF24gYFKJHENU5cc8a,FREE,-1,345727681,345727681
9118522,5HTeZ5168DjjGWZgbvzGfysEAj9fnexF24gYFKJHENU5cc8a,5CyQFykVpfa9xgZVGgBsiNUpjbo1EihBTSkPvDC1FZbL1wxG,25,743026624594455,743120226870315
9118522,5HTeZ5168DjjGWZgbvzGfysEAj9fnexF24gYFKJHENU5cc8a,5FYwKoHYfiuy9m2yM4wbwM5pQyaEP38MBTTZS8RwNKRuQ8mi,25,418947845529,418962354588
9118522,5HTeZ5168DjjGWZgbvzGfysEAj9fnexF24gYFKJHENU5cc8a,FREE,-1,345727681,345727681
9118882,5HTeZ5168DjjGWZgbvzGfysEAj9fnexF24gYFKJHENU5cc8a,5CyQFykVpfa9xgZVGgBsiNUpjbo1EihBTSkPvDC1FZbL1wxG,25,743120226870315,743214417215103
9118882,5HTeZ5168DjjGWZgbvzGfysEAj9fnexF24gYFKJHENU5cc8a,5FYwKoHYfiuy9m2yM4wbwM5pQyaEP38MBTTZS8RwNKRuQ8mi,25,418962354588,418977216951
9118882,5HTeZ5168DjjGWZgbvzGfysEAj9fnexF24gYFKJHENU5cc8a,FREE,-1,345727681,345727681
9119242,5HTeZ5168DjjGWZgbvzGfysEAj9fnexF24gYFKJHENU5cc8a,5CyQFykVpfa9xgZVGgBsiNUpjbo1EihBTSkPvDC1FZbL1wxG,25,743214417215103,743309119468306
9119242,5HTeZ5168DjjGWZgbvzGfysEAj9fnexF24gYFKJHENU5cc8a,5FYwKoHYfiuy9m2yM4wbwM5pQyaEP38MBTTZS8RwNKRuQ8mi,25,418977216951,418992329542
9119242,5HTeZ5168DjjGWZgbvzGfysEAj9fnexF24gYFKJHENU5cc8a,FREE,-1,345727681,345727681
9119602,5HTeZ5168DjjGWZgbvzGfysEAj9fnexF24gYFKJHENU5cc8a,5CyQFykVpfa9xgZVGgBsiNUpjbo1EihBTSkPvDC1FZbL1wxG,25,743309119468306,743403854829630
9119602,5HTeZ5168DjjGWZgbvzGfysEAj9fnexF24gYFKJHENU5cc8a,5FYwKoHYfiuy9m2yM4wbwM5pQyaEP38MBTTZS8RwNKRuQ8mi,25,418992329542,419012858210
9119602,5HTeZ5168DjjGWZgbvzGfysEAj9fnexF24gYFKJHENU5cc8a,FREE,-1,345727681,345727681
9119962,5HTeZ5168DjjGWZgbvzGfysEAj9fnexF24gYFKJHENU5cc8a,5CyQFykVpfa9xgZVGgBsiNUpjbo1EihBTSkPvDC1FZbL1wxG,25,743403854829630,743498733006360
9119962,5HTeZ5168DjjGWZgbvzGfysEAj9fnexF24gYFKJHENU5cc8a,5FYwKoHYfiuy9m2yM4wbwM5pQyaEP38MBTTZS8RwNKRuQ8mi,25,419012858210,419032622849
9119962,5HTeZ5168DjjGWZgbvzGfysEAj9fnexF24gYFKJHENU5cc8a,FREE,-1,345727681,345727681
9120322,5HTeZ5168DjjGWZgbvzGfysEAj9fnexF24gYFKJHENU5cc8a,5CyQFykVpfa9xgZVGgBsiNUpjbo1EihBTSkPvDC1FZbL1wxG,25,743498733006360,743593812699149
9120322,5HTeZ5168DjjGWZgbvzGfysEAj9fnexF24gYFKJHENU5cc8a,5FYwKoHYfiuy9m2yM4wbwM5pQyaEP38MBTTZS8RwNKRuQ8mi,25,419032622849,419051976890
9120322,5HTeZ5168DjjGWZgbvzGfysEAj9fnexF24gYFKJHENU5cc8a,FREE,-1,345727681,345727681
9120682,5HTeZ5168DjjGWZgbvzGfysEAj9fnexF24gYFKJHENU5cc8a,5CyQFykVpfa9xgZVGgBsiNUpjbo1EihBTSkPvDC1FZbL1wxG,25,743593812699149,743689051988503
9120682,5HTeZ5168DjjGWZgbvzGfysEAj9fnexF24gYFKJHENU5cc8a,5FYwKoHYfiuy9m2yM4wbwM5pQyaEP38MBTTZS8RwNKRuQ8mi,25,419051976890,419070942748
9120682,5HTeZ5168DjjGWZgbvzGfysEAj9fnexF24gYFKJHENU5cc8a,FREE,-1,345727681,345727681
9121042,5HTeZ5168DjjGWZgbvzGfysEAj9fnexF24gYFKJHENU5cc8a,5CyQFykVpfa9xgZVGgBsiNUpjbo1EihBTSkPvDC1FZbL1wxG,25,743689051988503,743784405628806
9121042,5HTeZ5168DjjGWZgbvzGfysEAj9fnexF24gYFKJHENU5cc8a,5FYwKoHYfiuy9m2yM4wbwM5pQyaEP38MBTTZS8RwNKRuQ8mi,25,419070942748,419089541509
9121042,5HTeZ5168DjjGWZgbvzGfysEAj9fnexF24gYFKJHENU5cc8a,FREE,-1,345727681,345727681
9121402,5HTeZ5168DjjGWZgbvzGfysEAj9fnexF24gYFKJHENU5cc8a,5CyQFykVpfa9xgZVGgBsiNUpjbo1EihBTSkPvDC1FZbL1wxG,25,743784405628806,743879944275486
9121402,5HTeZ5168DjjGWZgbvzGfysEAj9fnexF24gYFKJHENU5cc8a,5FYwKoHYfiuy9m2yM4wbwM5pQyaEP38MBTTZS8RwNKRuQ8mi,25,419089541509,419106249909
9121402,5HTeZ5168DjjGWZgbvzGfysEAj9fnexF24gYFKJHENU5cc8a,FREE,-1,345727681,345727681
9121762,5HTeZ5168DjjGWZgbvzGfysEAj9fnexF24gYFKJHENU5cc8a,5CyQFykVpfa9xgZVGgBsiNUpjbo1EihBTSkPvDC1FZbL1wxG,25,743879944275486,743975776675083
9121762,5HTeZ5168DjjGWZgbvzGfysEAj9fnexF24gYFKJHENU5cc8a,5FYwKoHYfiuy9m2yM4wbwM5pQyaEP38MBTTZS8RwNKRuQ8mi,25,419106249909,419121318975
9121762,5HTeZ5168DjjGWZgbvzGfysEAj9fnexF24gYFKJHENU5cc8a,FREE,-1,345727681,345727681
9122122,5HTeZ5168DjjGWZgbvzGfysEAj9fnexF24gYFKJHENU5cc8a,5CyQFykVpfa9xgZVGgBsiNUpjbo1EihBTSkPvDC1FZbL1wxG,25,743975776675083,744071788856294
9122122,5HTeZ5168DjjGWZgbvzGfysEAj9fnexF24gYFKJHENU5cc8a,5FYwKoHYfiuy9m2yM4wbwM5pQyaEP38MBTTZS8RwNKRuQ8mi,25,419121318975,419134942770
9122122,5HTeZ5168DjjGWZgbvzGfysEAj9fnexF24gYFKJHENU5cc8a,FREE,-1,345727681,345727681
9122482,5HTeZ5168DjjGWZgbvzGfysEAj9fnexF24gYFKJHENU5cc8a,5CyQFykVpfa9xgZVGgBsiNUpjbo1EihBTSkPvDC1FZbL1wxG,25,744071788856294,744167949611273
9122482,5HTeZ5168DjjGWZgbvzGfysEAj9fnexF24gYFKJHENU5cc8a,5FYwKoHYfiuy9m2yM4wbwM5pQyaEP38MBTTZS8RwNKRuQ8mi,25,419134942770,419147189338
9122482,5HTeZ5168DjjGWZgbvzGfysEAj9fnexF24gYFKJHENU5cc8a,FREE,-1,345727681,345727681
9122842,5HTeZ5168DjjGWZgbvzGfysEAj9fnexF24gYFKJHENU5cc8a,5CyQFykVpfa9xgZVGgBsiNUpjbo1EihBTSkPvDC1FZbL1wxG,25,744167949611274,744264285611472
9122842,5HTeZ5168DjjGWZgbvzGfysEAj9fnexF24gYFKJHENU5cc8a,5FYwKoHYfiuy9m2yM4wbwM5pQyaEP38MBTTZS8RwNKRuQ8mi,25,419147189338,419158211688
9122842,5HTeZ5168DjjGWZgbvzGfysEAj9fnexF24gYFKJHENU5cc8a,FREE,-1,345727681,345727681
9123202,5HTeZ5168DjjGWZgbvzGfysEAj9fnexF24gYFKJHENU5cc8a,5CyQFykVpfa9xgZVGgBsiNUpjbo1EihBTSkPvDC1FZbL1wxG,25,744264285611472,744360703626280
9123202,5HTeZ5168DjjGWZgbvzGfysEAj9fnexF24gYFKJHENU5cc8a,5FYwKoHYfiuy9m2yM4wbwM5pQyaEP38MBTTZS8RwNKRuQ8mi,25,419158211688,419168111270
9123202,5HTeZ5168DjjGWZgbvzGfysEAj9fnexF24gYFKJHENU5cc8a,FREE,-1,345727681,345727681
9123562,5HTeZ5168DjjGWZgbvzGfysEAj9fnexF24gYFKJHENU5cc8a,5CyQFykVpfa9xgZVGgBsiNUpjbo1EihBTSkPvDC1FZbL1wxG,25,744360703626280,744457262228620
9123562,5HTeZ5168DjjGWZgbvzGfysEAj9fnexF24gYFKJHENU5cc8a,5FYwKoHYfiuy9m2yM4wbwM5pQyaEP38MBTTZS8RwNKRuQ8mi,25,419168111270,419177135708
9123562,5HTeZ5168DjjGWZgbvzGfysEAj9fnexF24gYFKJHENU5cc8a,FREE,-1,345727681,345727681
9123922,5HTeZ5168DjjGWZgbvzGfysEAj9fnexF24gYFKJHENU5cc8a,5CyQFykVpfa9xgZVGgBsiNUpjbo1EihBTSkPvDC1FZbL1wxG,25,744457262228620,744553926395166
9123922,5HTeZ5168DjjGWZgbvzGfysEAj9fnexF24gYFKJHENU5cc8a,5FYwKoHYfiuy9m2yM4wbwM5pQyaEP38MBTTZS8RwNKRuQ8mi,25,419177135708,419185252603
9123922,5HTeZ5168DjjGWZgbvzGfysEAj9fnexF24gYFKJHENU5cc8a,FREE,-1,345727681,345727681
9124282,5HTeZ5168DjjGWZgbvzGfysEAj9fnexF24gYFKJHENU5cc8a,5CyQFykVpfa9xgZVGgBsiNUpjbo1EihBTSkPvDC1FZbL1wxG,25,744553926395166,744650592654068
9124282,5HTeZ5168DjjGWZgbvzGfysEAj9fnexF24gYFKJHENU5cc8a,5FYwKoHYfiuy9m2yM4wbwM5pQyaEP38MBTTZS8RwNKRuQ8mi,25,419185252603,419192590835
9124282,5HTeZ5168DjjGWZgbvzGfysEAj9fnexF24gYFKJHENU5cc8a,FREE,-1,345727681,345727681
9124642,5HTeZ5168DjjGWZgbvzGfysEAj9fnexF24gYFKJHENU5cc8a,5CyQFykVpfa9xgZVGgBsiNUpjbo1EihBTSkPvDC1FZbL1wxG,25,744650592654068,744747343891304
9124642,5HTeZ5168DjjGWZgbvzGfysEAj9fnexF24gYFKJHENU5cc8a,5FYwKoHYfiuy9m2yM4wbwM5pQyaEP38MBTTZS8RwNKRuQ8mi,25,419192590835,419199206068
9124642,5HTeZ5168DjjGWZgbvzGfysEAj9fnexF24gYFKJHENU5cc8a,FREE,-1,345727681,345727681
9125002,5HTeZ5168DjjGWZgbvzGfysEAj9fnexF24gYFKJHENU5cc8a,5CyQFykVpfa9xgZVGgBsiNUpjbo1EihBTSkPvDC1FZbL1wxG,25,744747343891304,744844168159249
9125002,5HTeZ5168DjjGWZgbvzGfysEAj9fnexF24gYFKJHENU5cc8a,5FYwKoHYfiuy9m2yM4wbwM5pQyaEP38MBTTZS8RwNKRuQ8mi,25,419199206068,419205159869
9125002,5HTeZ5168DjjGWZgbvzGfysEAj9fnexF24gYFKJHENU5cc8a,FREE,-1,345727681,345727681
9125362,5HTeZ5168DjjGWZgbvzGfysEAj9fnexF24gYFKJHENU5cc8a,5CyQFykVpfa9xgZVGgBsiNUpjbo1EihBTSkPvDC1FZbL1wxG,25,744844168159249,744941049354955
9125362,5HTeZ5168DjjGWZgbvzGfysEAj9fnexF24gYFKJHENU5cc8a,5FYwKoHYfiuy9m2yM4wbwM5pQyaEP38MBTTZS8RwNKRuQ8mi,25,419205159869,419210515500
9125362,5HTeZ5168DjjGWZgbvzGfysEAj9fnexF24gYFKJHENU5cc8a,FREE,-1,345727681,345727681
9125722,5HTeZ5168DjjGWZgbvzGfysEAj9fnexF24gYFKJHENU5cc8a,5CyQFykVpfa9xgZVGgBsiNUpjbo1EihBTSkPvDC1FZbL1wxG,25,744941049354955,745037970399834
9125722,5HTeZ5168DjjGWZgbvzGfysEAj9fnexF24gYFKJHENU5cc8a,5FYwKoHYfiuy9m2yM4wbwM5pQyaEP38MBTTZS8RwNKRuQ8mi,25,419210515500,419215332461
9125722,5HTeZ5168DjjGWZgbvzGfysEAj9fnexF24gYFKJHENU5cc8a,FREE,-1,345727681,345727681
9126082,5HTeZ5168DjjGWZgbvzGfysEAj9fnexF24gYFKJHENU5cc8a,5CyQFykVpfa9xgZVGgBsiNUpjbo1EihBTSkPvDC1FZbL1wxG,25,745037970399834,745134935701083
9126082,5HTeZ5168DjjGWZgbvzGfysEAj9fnexF24gYFKJHENU5cc8a,5FYwKoHYfiuy9m2yM4wbwM5pQyaEP38MBTTZS8RwNKRuQ8mi,25,419215332461,419219664972
9126082,5HTeZ5168DjjGWZgbvzGfysEAj9fnexF24gYFKJHENU5cc8a,FREE,-1,345727681,345727681
9126442,5HTeZ5168DjjGWZgbvzGfysEAj9fnexF24gYFKJHENU5cc8a,5CyQFykVpfa9xgZVGgBsiNUpjbo1EihBTSkPvDC1FZbL1wxG,25,745134935701083,745231925687055
9126442,5HTeZ5168DjjGWZgbvzGfysEAj9fnexF24gYFKJHENU5cc8a,5FYwKoHYfiuy9m2yM4wbwM5pQyaEP38MBTTZS8RwNKRuQ8mi,25,419219664972,419223559703
9126442,5HTeZ5168DjjGWZgbvzGfysEAj9fnexF24gYFKJHENU5cc8a,FREE,-1,345727681,345727681
9126802,5HTeZ5168DjjGWZgbvzGfysEAj9fnexF24gYFKJHENU5cc8a,5CyQFykVpfa9xgZVGgBsiNUpjbo1EihBTSkPvDC1FZbL1wxG,25,745231925687055,745329008244147
9126802,5HTeZ5168DjjGWZgbvzGfysEAj9fnexF24gYFKJHENU5cc8a,5FYwKoHYfiuy9m2yM4wbwM5pQyaEP38MBTTZS8RwNKRuQ8mi,25,419223559703,419227069560
9126802,5HTeZ5168DjjGWZgbvzGfysEAj9fnexF24gYFKJHENU5cc8a,FREE,-1,345727681,345727681
9127162,5HTeZ5168DjjGWZgbvzGfysEAj9fnexF24gYFKJHENU5cc8a,5CyQFykVpfa9xgZVGgBsiNUpjbo1EihBTSkPvDC1FZbL1wxG,25,745329008244147,745426146063923
9127162,5HTeZ5168DjjGWZgbvzGfysEAj9fnexF24gYFKJHENU5cc8a,5FYwKoHYfiuy9m2yM4wbwM5pQyaEP38MBTTZS8RwNKRuQ8mi,25,419227069560,419230228176
9127162,5HTeZ5168DjjGWZgbvzGfysEAj9fnexF24gYFKJHENU5cc8a,FREE,-1,345727681,345727681
9127522,5HTeZ5168DjjGWZgbvzGfysEAj9fnexF24gYFKJHENU5cc8a,5CyQFykVpfa9xgZVGgBsiNUpjbo1EihBTSkPvDC1FZbL1wxG,25,745426146063923,745523316077269
9127522,5HTeZ5168DjjGWZgbvzGfysEAj9fnexF24gYFKJHENU5cc8a,5FYwKoHYfiuy9m2yM4wbwM5pQyaEP38MBTTZS8RwNKRuQ8mi,25,419230228176,419233069831
9127522,5HTeZ5168DjjGWZgbvzGfysEAj9fnexF24gYFKJHENU5cc8a,FREE,-1,345727681,345727681
9127882,5HTeZ5168DjjGWZgbvzGfysEAj9fnexF24gYFKJHENU5cc8a,5CyQFykVpfa9xgZVGgBsiNUpjbo1EihBTSkPvDC1FZbL1wxG,25,745523316077269,745620512700740
9127882,5HTeZ5168DjjGWZgbvzGfysEAj9fnexF24gYFKJHENU5cc8a,5FYwKoHYfiuy9m2yM4wbwM5pQyaEP38MBTTZS8RwNKRuQ8mi,25,419233069831,419235624725
9127882,5HTeZ5168DjjGWZgbvzGfysEAj9fnexF24gYFKJHENU5cc8a,FREE,-1,345727681,345727681
9128242,5HTeZ5168DjjGWZgbvzGfysEAj9fnexF24gYFKJHENU5cc8a,5CyQFykVpfa9xgZVGgBsiNUpjbo1EihBTSkPvDC1FZbL1wxG,25,745620512700740,745717733904927
9128242,5HTeZ5168DjjGWZgbvzGfysEAj9fnexF24gYFKJHENU5cc8a,5FYwKoHYfiuy9m2yM4wbwM5pQyaEP38MBTTZS8RwNKRuQ8mi,25,419235624725,419237923335
9128242,5HTeZ5168DjjGWZgbvzGfysEAj9fnexF24gYFKJHENU5cc8a,FREE,-1,345727681,345727681
9128602,5HTeZ5168DjjGWZgbvzGfysEAj9fnexF24gYFKJHENU5cc8a,5CyQFykVpfa9xgZVGgBsiNUpjbo1EihBTSkPvDC1FZbL1wxG,25,745717733904927,745814937676615
9128602,5HTeZ5168DjjGWZgbvzGfysEAj9fnexF24gYFKJHENU5cc8a,5FYwKoHYfiuy9m2yM4wbwM5pQyaEP38MBTTZS8RwNKRuQ8mi,25,419237923335,419239986143
9128602,5HTeZ5168DjjGWZgbvzGfysEAj9fnexF24gYFKJHENU5cc8a,FREE,-1,345727681,345727681
9128962,5HTeZ5168DjjGWZgbvzGfysEAj9fnexF24gYFKJHENU5cc8a,5CyQFykVpfa9xgZVGgBsiNUpjbo1EihBTSkPvDC1FZbL1wxG,25,745814937676615,745912168476930
9128962,5HTeZ5168DjjGWZgbvzGfysEAj9fnexF24gYFKJHENU5cc8a,5FYwKoHYfiuy9m2yM4wbwM5pQyaEP38MBTTZS8RwNKRuQ8mi,25,419239986143,419241841881
9128962,5HTeZ5168DjjGWZgbvzGfysEAj9fnexF24gYFKJHENU5cc8a,FREE,-1,345727681,345727681
9129322,5HTeZ5168DjjGWZgbvzGfysEAj9fnexF24gYFKJHENU5cc8a,5CyQFykVpfa9xgZVGgBsiNUpjbo1EihBTSkPvDC1FZbL1wxG,25,745912168476930,746009392817682
9129322,5HTeZ5168DjjGWZgbvzGfysEAj9fnexF24gYFKJHENU5cc8a,5FYwKoHYfiuy9m2yM4wbwM5pQyaEP38MBTTZS8RwNKRuQ8mi,25,419241841881,419243510369
9129322,5HTeZ5168DjjGWZgbvzGfysEAj9fnexF24gYFKJHENU5cc8a,FREE,-1,345727681,345727681
9129682,5HTeZ5168DjjGWZgbvzGfysEAj9fnexF24gYFKJHENU5cc8a,5CyQFykVpfa9xgZVGgBsiNUpjbo1EihBTSkPvDC1FZbL1wxG,25,736009392817682,736106252170849
9129682,5HTeZ5168DjjGWZgbvzGfysEAj9fnexF24gYFKJHENU5cc8a,5FYwKoHYfiuy9m2yM4wbwM5pQyaEP38MBTTZS8RwNKRuQ8mi,25,419243510369,419245009386
9129682,5HTeZ5168DjjGWZgbvzGfysEAj9fnexF24gYFKJHENU5cc8a,FREE,-1,345727681,345727681
9130042,5HTeZ5168DjjGWZgbvzGfysEAj9fnexF24gYFKJHENU5cc8a,5CyQFykVpfa9xgZVGgBsiNUpjbo1EihBTSkPvDC1FZbL1wxG,25,736106252170849,736203063690862
9130042,5HTeZ5168DjjGWZgbvzGfysEAj9fnexF24gYFKJHENU5cc8a,5FYwKoHYfiuy9m2yM4wbwM5pQyaEP38MBTTZS8RwNKRuQ8mi,25,419245009386,419246355355
9130042,5HTeZ5168DjjGWZgbvzGfysEAj9fnexF24gYFKJHENU5cc8a,FREE,-1,345727681,345727681
9130402,5HTeZ5168DjjGWZgbvzGfysEAj9fnexF24gYFKJHENU5cc8a,5CyQFykVpfa9xgZVGgBsiNUpjbo1EihBTSkPvDC1FZbL1wxG,25,736203063690862,736299957737558
9130402,5HTeZ5168DjjGWZgbvzGfysEAj9fnexF24gYFKJHENU5cc8a,5FYwKoHYfiuy9m2yM4wbwM5pQyaEP38MBTTZS8RwNKRuQ8mi,25,419246355355,419247766089
9130402,5HTeZ5168DjjGWZgbvzGfysEAj9fnexF24gYFKJHENU5cc8a,FREE,-1,345727681,345727681
9130762,5HTeZ5168DjjGWZgbvzGfysEAj9fnexF24gYFKJHENU5cc8a,5CyQFykVpfa9xgZVGgBsiNUpjbo1EihBTSkPvDC1FZbL1wxG,25,736299957737558,736396772919339
9130762,5HTeZ5168DjjGWZgbvzGfysEAj9fnexF24gYFKJHENU5cc8a,5FYwKoHYfiuy9m2yM4wbwM5pQyaEP38MBTTZS8RwNKRuQ8mi,25,419247766089,419249024457
9130762,5HTeZ5168DjjGWZgbvzGfysEAj9fnexF24gYFKJHENU5cc8a,FREE,-1,345727681,345727681
9131122,5HTeZ5168DjjGWZgbvzGfysEAj9fnexF24gYFKJHENU5cc8a,5CyQFykVpfa9xgZVGgBsiNUpjbo1EihBTSkPvDC1FZbL1wxG,25,736396772919339,736493616451761
9131122,5HTeZ5168DjjGWZgbvzGfysEAj9fnexF24gYFKJHENU5cc8a,5FYwKoHYfiuy9m2yM4wbwM5pQyaEP38MBTTZS8RwNKRuQ8mi,25,419249024457,419250154444
9131122,5HTeZ5168DjjGWZgbvzGfysEAj9fnexF24gYFKJHENU5cc8a,FREE,-1,345727681,345727681
9131482,5HTeZ5168DjjGWZgbvzGfysEAj9fnexF24gYFKJHENU5cc8a,5CyQFykVpfa9xgZVGgBsiNUpjbo1EihBTSkPvDC1FZbL1wxG,25,736493616451761,736590447501057
9131482,5HTeZ5168DjjGWZgbvzGfysEAj9fnexF24gYFKJHENU5cc8a,5FYwKoHYfiuy9m2yM4wbwM5pQyaEP38MBTTZS8RwNKRuQ8mi,25,419250154444,419251168287
9131482,5HTeZ5168DjjGWZgbvzGfysEAj9fnexF24gYFKJHENU5cc8a,FREE,-1,345727681,345727681
9131842,5HTeZ5168DjjGWZgbvzGfysEAj9fnexF24gYFKJHENU5cc8a,5CyQFykVpfa9xgZVGgBsiNUpjbo1EihBTSkPvDC1FZbL1wxG,25,736590447501057,736687248565859
9131842,5HTeZ5168DjjGWZgbvzGfysEAj9fnexF24gYFKJHENU5cc8a,5FYwKoHYfiuy9m2yM4wbwM5pQyaEP38MBTTZS8RwNKRuQ8mi,25,419251168287,419252079928
9131842,5HTeZ5168DjjGWZgbvzGfysEAj9fnexF24gYFKJHENU5cc8a,FREE,-1,345727681,345727681
9132202,5HTeZ5168DjjGWZgbvzGfysEAj9fnexF24gYFKJHENU5cc8a,5CyQFykVpfa9xgZVGgBsiNUpjbo1EihBTSkPvDC1FZbL1wxG,25,736687248565859,736784026493908
9132202,5HTeZ5168DjjGWZgbvzGfysEAj9fnexF24gYFKJHENU5cc8a,5FYwKoHYfiuy9m2yM4wbwM5pQyaEP38MBTTZS8RwNKRuQ8mi,25,419252079928,419252899872
9132202,5HTeZ5168DjjGWZgbvzGfysEAj9fnexF24gYFKJHENU5cc8a,FREE,-1,345727681,345727681
9132562,5HTeZ5168DjjGWZgbvzGfysEAj9fnexF24gYFKJHENU5cc8a,5CyQFykVpfa9xgZVGgBsiNUpjbo1EihBTSkPvDC1FZbL1wxG,25,736784026493908,736880780812205
9132562,5HTeZ5168DjjGWZgbvzGfysEAj9fnexF24gYFKJHENU5cc8a,5FYwKoHYfiuy9m2yM4wbwM5pQyaEP38MBTTZS8RwNKRuQ8mi,25,419252899872,419253640410
9132562,5HTeZ5168DjjGWZgbvzGfysEAj9fnexF24gYFKJHENU5cc8a,FREE,-1,345727681,345727681
9132922,5HTeZ5168DjjGWZgbvzGfysEAj9fnexF24gYFKJHENU5cc8a,5CyQFykVpfa9xgZVGgBsiNUpjbo1EihBTSkPvDC1FZbL1wxG,25,736880780812205,736977419203425
9132922,5HTeZ5168DjjGWZgbvzGfysEAj9fnexF24gYFKJHENU5cc8a,5FYwKoHYfiuy9m2yM4wbwM5pQyaEP38MBTTZS8RwNKRuQ8mi,25,419253640410,419254304316
9132922,5HTeZ5168DjjGWZgbvzGfysEAj9fnexF24gYFKJHENU5cc8a,FREE,-1,345727681,345727681
9133282,5HTeZ5168DjjGWZgbvzGfysEAj9fnexF24gYFKJHENU5cc8a,5CyQFykVpfa9xgZVGgBsiNUpjbo1EihBTSkPvDC1FZbL1wxG,25,736977419203425,737073998592717
9133282,5HTeZ5168DjjGWZgbvzGfysEAj9fnexF24gYFKJHENU5cc8a,5FYwKoHYfiuy9m2yM4wbwM5pQyaEP38MBTTZS8RwNKRuQ8mi,25,419254304316,419254901481
9133282,5HTeZ5168DjjGWZgbvzGfysEAj9fnexF24gYFKJHENU5cc8a,FREE,-1,345727681,345727681
9133642,5HTeZ5168DjjGWZgbvzGfysEAj9fnexF24gYFKJHENU5cc8a,5CyQFykVpfa9xgZVGgBsiNUpjbo1EihBTSkPvDC1FZbL1wxG,25,737073998592717,737170561411884
9133642,5HTeZ5168DjjGWZgbvzGfysEAj9fnexF24gYFKJHENU5cc8a,5FYwKoHYfiuy9m2yM4wbwM5pQyaEP38MBTTZS8RwNKRuQ8mi,25,419254901481,419255437590
9133642,5HTeZ5168DjjGWZgbvzGfysEAj9fnexF24gYFKJHENU5cc8a,FREE,-1,345727681,345727681
9134002,5HTeZ5168DjjGWZgbvzGfysEAj9fnexF24gYFKJHENU5cc8a,5CyQFykVpfa9xgZVGgBsiNUpjbo1EihBTSkPvDC1FZbL1wxG,25,737170561411884,737267089664395
9134002,5HTeZ5168DjjGWZgbvzGfysEAj9fnexF24gYFKJHENU5cc8a,5FYwKoHYfiuy9m2yM4wbwM5pQyaEP38MBTTZS8RwNKRuQ8mi,25,419255437590,419255917196
9134002,5HTeZ5168DjjGWZgbvzGfysEAj9fnexF24gYFKJHENU5cc8a,FREE,-1,345727681,345727681
9134362,5HTeZ5168DjjGWZgbvzGfysEAj9fnexF24gYFKJHENU5cc8a,5CyQFykVpfa9xgZVGgBsiNUpjbo1EihBTSkPvDC1FZbL1wxG,25,737267089664395,737363572339320
9134362,5HTeZ5168DjjGWZgbvzGfysEAj9fnexF24gYFKJHENU5cc8a,5FYwKoHYfiuy9m2yM4wbwM5pQyaEP38MBTTZS8RwNKRuQ8mi,25,419255917196,419256345261
9134362,5HTeZ5168DjjGWZgbvzGfysEAj9fnexF24gYFKJHENU5cc8a,FREE,-1,345727681,345727681
9134722,5HTeZ5168DjjGWZgbvzGfysEAj9fnexF24gYFKJHENU5cc8a,5CyQFykVpfa9xgZVGgBsiNUpjbo1EihBTSkPvDC1FZbL1wxG,25,737363572339320,737460021254430
9134722,5HTeZ5168DjjGWZgbvzGfysEAj9fnexF24gYFKJHENU5cc8a,5FYwKoHYfiuy9m2yM4wbwM5pQyaEP38MBTTZS8RwNKRuQ8mi,25,419256345261,419256727088
9134722,5HTeZ5168DjjGWZgbvzGfysEAj9fnexF24gYFKJHENU5cc8a,FREE,-1,345727681,345727681
9135082,5HTeZ5168DjjGWZgbvzGfysEAj9fnexF24gYFKJHENU5cc8a,5CyQFykVpfa9xgZVGgBsiNUpjbo1EihBTSkPvDC1FZbL1wxG,25,737460021254430,737556452383949
9135082,5HTeZ5168DjjGWZgbvzGfysEAj9fnexF24gYFKJHENU5cc8a,5FYwKoHYfiuy9m2yM4wbwM5pQyaEP38MBTTZS8RwNKRuQ8mi,25,419256727088,419257067892
9135082,5HTeZ5168DjjGWZgbvzGfysEAj9fnexF24gYFKJHENU5cc8a,FREE,-1,345727681,345727681
9135442,5HTeZ5168DjjGWZgbvzGfysEAj9fnexF24gYFKJHENU5cc8a,5CyQFykVpfa9xgZVGgBsiNUpjbo1EihBTSkPvDC1FZbL1wxG,25,737556452383949,737652859476540
9135442,5HTeZ5168DjjGWZgbvzGfysEAj9fnexF24gYFKJHENU5cc8a,5FYwKoHYfiuy9m2yM4wbwM5pQyaEP38MBTTZS8RwNKRuQ8mi,25,419257067892,419257372657
9135442,5HTeZ5168DjjGWZgbvzGfysEAj9fnexF24gYFKJHENU5cc8a,FREE,-1,345727681,345727681
9135802,5HTeZ5168DjjGWZgbvzGfysEAj9fnexF24gYFKJHENU5cc8a,5CyQFykVpfa9xgZVGgBsiNUpjbo1EihBTSkPvDC1FZbL1wxG,25,737652859476540,737749258349036
9135802,5HTeZ5168DjjGWZgbvzGfysEAj9fnexF24gYFKJHENU5cc8a,5FYwKoHYfiuy9m2yM4wbwM5pQyaEP38MBTTZS8RwNKRuQ8mi,25,419257372657,419257646611
9135802,5HTeZ5168DjjGWZgbvzGfysEAj9fnexF24gYFKJHENU5cc8a,FREE,-1,345727681,345727681
9136162,5HTeZ5168DjjGWZgbvzGfysEAj9fnexF24gYFKJHENU5cc8a,5CyQFykVpfa9xgZVGgBsiNUpjbo1EihBTSkPvDC1FZbL1wxG,25,737749258349036,737845628074967
9136162,5HTeZ5168DjjGWZgbvzGfysEAj9fnexF24gYFKJHENU5cc8a,5FYwKoHYfiuy9m2yM4wbwM5pQyaEP38MBTTZS8RwNKRuQ8mi,25,419257646611,419257889537
9136162,5HTeZ5168DjjGWZgbvzGfysEAj9fnexF24gYFKJHENU5cc8a,FREE,-1,345727681,345727681
9136522,5HTeZ5168DjjGWZgbvzGfysEAj9fnexF24gYFKJHENU5cc8a,5CyQFykVpfa9xgZVGgBsiNUpjbo1EihBTSkPvDC1FZbL1wxG,25,737845628074967,737942016624364
9136522,5HTeZ5168DjjGWZgbvzGfysEAj9fnexF24gYFKJHENU5cc8a,5FYwKoHYfiuy9m2yM4wbwM5pQyaEP38MBTTZS8RwNKRuQ8mi,25,419257889537,419258106501
9136522,5HTeZ5168DjjGWZgbvzGfysEAj9fnexF24gYFKJHENU5cc8a,FREE,-1,345727681,345727681
9136882,5HTeZ5168DjjGWZgbvzGfysEAj9fnexF24gYFKJHENU5cc8a,5CyQFykVpfa9xgZVGgBsiNUpjbo1EihBTSkPvDC1FZbL1wxG,25,737942016624364,738038396063543
9136882,5HTeZ5168DjjGWZgbvzGfysEAj9fnexF24gYFKJHENU5cc8a,5FYwKoHYfiuy9m2yM4wbwM5pQyaEP38MBTTZS8RwNKRuQ8mi,25,419258106501,419258297637
9136882,5HTeZ5168DjjGWZgbvzGfysEAj9fnexF24gYFKJHENU5cc8a,FREE,-1,345727681,345727681
9137242,5HTeZ5168DjjGWZgbvzGfysEAj9fnexF24gYFKJHENU5cc8a,5CyQFykVpfa9xgZVGgBsiNUpjbo1EihBTSkPvDC1FZbL1wxG,25,738038396063543,738134804878180
9137242,5HTeZ5168DjjGWZgbvzGfysEAj9fnexF24gYFKJHENU5cc8a,5FYwKoHYfiuy9m2yM4wbwM5pQyaEP38MBTTZS8RwNKRuQ8mi,25,419258297637,419258468260
9137242,5HTeZ5168DjjGWZgbvzGfysEAj9fnexF24gYFKJHENU5cc8a,FREE,-1,345727681,345727681
9137602,5HTeZ5168DjjGWZgbvzGfysEAj9fnexF24gYFKJHENU5cc8a,5CyQFykVpfa9xgZVGgBsiNUpjbo1EihBTSkPvDC1FZbL1wxG,25,738134804878180,738231218587331
9137602,5HTeZ5168DjjGWZgbvzGfysEAj9fnexF24gYFKJHENU5cc8a,5FYwKoHYfiuy9m2yM4wbwM5pQyaEP38MBTTZS8RwNKRuQ8mi,25,419258468260,419258618178
9137602,5HTeZ5168DjjGWZgbvzGfysEAj9fnexF24gYFKJHENU5cc8a,FREE,-1,345727681,345727681
9137962,5HTeZ5168DjjGWZgbvzGfysEAj9fnexF24gYFKJHENU5cc8a,5CyQFykVpfa9xgZVGgBsiNUpjbo1EihBTSkPvDC1FZbL1wxG,25,738231218587331,738327673370756
9137962,5HTeZ5168DjjGWZgbvzGfysEAj9fnexF24gYFKJHENU5cc8a,5FYwKoHYfiuy9m2yM4wbwM5pQyaEP38MBTTZS8RwNKRuQ8mi,25,419258618178,419258752691
9137962,5HTeZ5168DjjGWZgbvzGfysEAj9fnexF24gYFKJHENU5cc8a,FREE,-1,345727681,345727681
9138322,5HTeZ5168DjjGWZgbvzGfysEAj9fnexF24gYFKJHENU5cc8a,5CyQFykVpfa9xgZVGgBsiNUpjbo1EihBTSkPvDC1FZbL1wxG,25,738327673370756,738424113455962
9138322,5HTeZ5168DjjGWZgbvzGfysEAj9fnexF24gYFKJHENU5cc8a,5FYwKoHYfiuy9m2yM4wbwM5pQyaEP38MBTTZS8RwNKRuQ8mi,25,419258752691,419258871612
9138322,5HTeZ5168DjjGWZgbvzGfysEAj9fnexF24gYFKJHENU5cc8a,FREE,-1,345727681,345727681
9138682,5HTeZ5168DjjGWZgbvzGfysEAj9fnexF24gYFKJHENU5cc8a,5CyQFykVpfa9xgZVGgBsiNUpjbo1EihBTSkPvDC1FZbL1wxG,25,738424113455962,738520560796722
9138682,5HTeZ5168DjjGWZgbvzGfysEAj9fnexF24gYFKJHENU5cc8a,5FYwKoHYfiuy9m2yM4wbwM5pQyaEP38MBTTZS8RwNKRuQ8mi,25,419258871612,419258975072
9138682,5HTeZ5168DjjGWZgbvzGfysEAj9fnexF24gYFKJHENU5cc8a,FREE,-1,345727681,345727681
9139042,5HTeZ5168DjjGWZgbvzGfysEAj9fnexF24gYFKJHENU5cc8a,5CyQFykVpfa9xgZVGgBsiNUpjbo1EihBTSkPvDC1FZbL1wxG,25,738520560796722,738614068822908
9139042,5HTeZ5168DjjGWZgbvzGfysEAj9fnexF24gYFKJHENU5cc8a,5FYwKoHYfiuy9m2yM4wbwM5pQyaEP38MBTTZS8RwNKRuQ8mi,25,419258975072,419259068918
9139042,5HTeZ5168DjjGWZgbvzGfysEAj9fnexF24gYFKJHENU5cc8a,FREE,-1,345727681,345727681
9139402,5HTeZ5168DjjGWZgbvzGfysEAj9fnexF24gYFKJHENU5cc8a,5CyQFykVpfa9xgZVGgBsiNUpjbo1EihBTSkPvDC1FZbL1wxG,25,738614068822908,738704879796634
9139402,5HTeZ5168DjjGWZgbvzGfysEAj9fnexF24gYFKJHENU5cc8a,5FYwKoHYfiuy9m2yM4wbwM5pQyaEP38MBTTZS8RwNKRuQ8mi,25,419259068918,419259149553
9139402,5HTeZ5168DjjGWZgbvzGfysEAj9fnexF24gYFKJHENU5cc8a,FREE,-1,345727681,345727681
9139762,5HTeZ5168DjjGWZgbvzGfysEAj9fnexF24gYFKJHENU5cc8a,5CyQFykVpfa9xgZVGgBsiNUpjbo1EihBTSkPvDC1FZbL1wxG,25,738704879796634,738793224197947
9139762,5HTeZ5168DjjGWZgbvzGfysEAj9fnexF24gYFKJHENU5cc8a,5FYwKoHYfiuy9m2yM4wbwM5pQyaEP38MBTTZS8RwNKRuQ8mi,25,419259149553,419259221331
9139762,5HTeZ5168DjjGWZgbvzGfysEAj9fnexF24gYFKJHENU5cc8a,FREE,-1,345727681,345727681
9140122,5HTeZ5168DjjGWZgbvzGfysEAj9fnexF24gYFKJHENU5cc8a,5CyQFykVpfa9xgZVGgBsiNUpjbo1EihBTSkPvDC1FZbL1wxG,25,738793224197947,738879282732176
9140122,5HTeZ5168DjjGWZgbvzGfysEAj9fnexF24gYFKJHENU5cc8a,5FYwKoHYfiuy9m2yM4wbwM5pQyaEP38MBTTZS8RwNKRuQ8mi,25,419259221331,419259283458
9140122,5HTeZ5168DjjGWZgbvzGfysEAj9fnexF24gYFKJHENU5cc8a,FREE,-1,345727681,345727681
9140482,5HTeZ5168DjjGWZgbvzGfysEAj9fnexF24gYFKJHENU5cc8a,5CyQFykVpfa9xgZVGgBsiNUpjbo1EihBTSkPvDC1FZbL1wxG,25,738879282732176,738963303872016
9140482,5HTeZ5168DjjGWZgbvzGfysEAj9fnexF24gYFKJHENU5cc8a,5FYwKoHYfiuy9m2yM4wbwM5pQyaEP38MBTTZS8RwNKRuQ8mi,25,419259283458,419259335387
9140482,5HTeZ5168DjjGWZgbvzGfysEAj9fnexF24gYFKJHENU5cc8a,FREE,-1,345727681,345727681
9140842,5HTeZ5168DjjGWZgbvzGfysEAj9fnexF24gYFKJHENU5cc8a,5CyQFykVpfa9xgZVGgBsiNUpjbo1EihBTSkPvDC1FZbL1wxG,25,738963303872016,739045477478262
9140842,5HTeZ5168DjjGWZgbvzGfysEAj9fnexF24gYFKJHENU5cc8a,5FYwKoHYfiuy9m2yM4wbwM5pQyaEP38MBTTZS8RwNKRuQ8mi,25,419259335387,419259376561
9140842,5HTeZ5168DjjGWZgbvzGfysEAj9fnexF24gYFKJHENU5cc8a,FREE,-1,345727681,345727681
9141202,5HTeZ5168DjjGWZgbvzGfysEAj9fnexF24gYFKJHENU5cc8a,5CyQFykVpfa9xgZVGgBsiNUpjbo1EihBTSkPvDC1FZbL1wxG,25,739045477478262,739125975656622
9141202,5HTeZ5168DjjGWZgbvzGfysEAj9fnexF24gYFKJHENU5cc8a,5FYwKoHYfiuy9m2yM4wbwM5pQyaEP38MBTTZS8RwNKRuQ8mi,25,419259376561,419259412467
9141202,5HTeZ5168DjjGWZgbvzGfysEAj9fnexF24gYFKJHENU5cc8a,FREE,-1,345727681,345727681
9141562,5HTeZ5168DjjGWZgbvzGfysEAj9fnexF24gYFKJHENU5cc8a,5CyQFykVpfa9xgZVGgBsiNUpjbo1EihBTSkPvDC1FZbL1wxG,25,739125975656622,739204955408372
9141562,5HTeZ5168DjjGWZgbvzGfysEAj9fnexF24gYFKJHENU5cc8a,5FYwKoHYfiuy9m2yM4wbwM5pQyaEP38MBTTZS8RwNKRuQ8mi,25,419259412467,419259442854
9141562,5HTeZ5168DjjGWZgbvzGfysEAj9fnexF24gYFKJHENU5cc8a,FREE,-1,345727681,345727681
9141922,5HTeZ5168DjjGWZgbvzGfysEAj9fnexF24gYFKJHENU5cc8a,5CyQFykVpfa9xgZVGgBsiNUpjbo1EihBTSkPvDC1FZbL1wxG,25,739204955408372,739282558051342
9141922,5HTeZ5168DjjGWZgbvzGfysEAj9fnexF24gYFKJHENU5cc8a,5FYwKoHYfiuy9m2yM4wbwM5pQyaEP38MBTTZS8RwNKRuQ8mi,25,419259442854,419259467498
9141922,5HTeZ5168DjjGWZgbvzGfysEAj9fnexF24gYFKJHENU5cc8a,FREE,-1,345727681,345727681
9142282,5HTeZ5168DjjGWZgbvzGfysEAj9fnexF24gYFKJHENU5cc8a,5CyQFykVpfa9xgZVGgBsiNUpjbo1EihBTSkPvDC1FZbL1wxG,25,739282558051342,739358915739172
9142282,5HTeZ5168DjjGWZgbvzGfysEAj9fnexF24gYFKJHENU5cc8a,5FYwKoHYfiuy9m2yM4wbwM5pQyaEP38MBTTZS8RwNKRuQ8mi,25,419259467498,419259486213
9142282,5HTeZ5168DjjGWZgbvzGfysEAj9fnexF24gYFKJHENU5cc8a,FREE,-1,345727681,345727681
9142642,5HTeZ5168DjjGWZgbvzGfysEAj9fnexF24gYFKJHENU5cc8a,5CyQFykVpfa9xgZVGgBsiNUpjbo1EihBTSkPvDC1FZbL1wxG,25,739358915739172,739437343670723
9142642,5HTeZ5168DjjGWZgbvzGfysEAj9fnexF24gYFKJHENU5cc8a,5FYwKoHYfiuy9m2yM4wbwM5pQyaEP38MBTTZS8RwNKRuQ8mi,25,419259486213,419259498729
9142642,5HTeZ5168DjjGWZgbvzGfysEAj9fnexF24gYFKJHENU5cc8a,FREE,-1,345727681,345727681
9143002,5HTeZ5168DjjGWZgbvzGfysEAj9fnexF24gYFKJHENU5cc8a,5CyQFykVpfa9xgZVGgBsiNUpjbo1EihBTSkPvDC1FZbL1wxG,25,739437343670723,739517620815277
9143002,5HTeZ5168DjjGWZgbvzGfysEAj9fnexF24gYFKJHENU5cc8a,5FYwKoHYfiuy9m2yM4wbwM5pQyaEP38MBTTZS8RwNKRuQ8mi,25,419259498729,419259504876
9143002,5HTeZ5168DjjGWZgbvzGfysEAj9fnexF24gYFKJHENU5cc8a,FREE,-1,345727681,345727681
9143362,5HTeZ5168DjjGWZgbvzGfysEAj9fnexF24gYFKJHENU5cc8a,5CyQFykVpfa9xgZVGgBsiNUpjbo1EihBTSkPvDC1FZbL1wxG,25,739517620815277,739599548621384
9143362,5HTeZ5168DjjGWZgbvzGfysEAj9fnexF24gYFKJHENU5cc8a,5FYwKoHYfiuy9m2yM4wbwM5pQyaEP38MBTTZS8RwNKRuQ8mi,25,419259504876,419259504876
9143362,5HTeZ5168DjjGWZgbvzGfysEAj9fnexF24gYFKJHENU5cc8a,FREE,-1,345727681,345727681
9143722,5HTeZ5168DjjGWZgbvzGfysEAj9fnexF24gYFKJHENU5cc8a,5CyQFykVpfa9xgZVGgBsiNUpjbo1EihBTSkPvDC1FZbL1wxG,25,739599548621384,739682955396433
9143722,5HTeZ5168DjjGWZgbvzGfysEAj9fnexF24gYFKJHENU5cc8a,5FYwKoHYfiuy9m2yM4wbwM5pQyaEP38MBTTZS8RwNKRuQ8mi,25,419259504876,419259504876
9143722,5HTeZ5168DjjGWZgbvzGfysEAj9fnexF24gYFKJHENU5cc8a,FREE,-1,345727681,345727681
9144082,5HTeZ5168DjjGWZgbvzGfysEAj9fnexF24gYFKJHENU5cc8a,5CyQFykVpfa9xgZVGgBsiNUpjbo1EihBTSkPvDC1FZbL1wxG,25,739682955396433,739767712962200
9144082,5HTeZ5168DjjGWZgbvzGfysEAj9fnexF24gYFKJHENU5cc8a,5FYwKoHYfiuy9m2yM4wbwM5pQyaEP38MBTTZS8RwNKRuQ8mi,25,419259504876,419259504876
9144082,5HTeZ5168DjjGWZgbvzGfysEAj9fnexF24gYFKJHENU5cc8a,FREE,-1,345727681,345727681
9144442,5HTeZ5168DjjGWZgbvzGfysEAj9fnexF24gYFKJHENU5cc8a,5CyQFykVpfa9xgZVGgBsiNUpjbo1EihBTSkPvDC1FZbL1wxG,25,739767712962200,739853700489634
9144442,5HTeZ5168DjjGWZgbvzGfysEAj9fnexF24gYFKJHENU5cc8a,5FYwKoHYfiuy9m2yM4wbwM5pQyaEP38MBTTZS8RwNKRuQ8mi,25,419259504876,419259504876
9144442,5HTeZ5168DjjGWZgbvzGfysEAj9fnexF24gYFKJHENU5cc8a,FREE,-1,345727681,345727681
9144802,5HTeZ5168DjjGWZgbvzGfysEAj9fnexF24gYFKJHENU5cc8a,5CyQFykVpfa9xgZVGgBsiNUpjbo1EihBTSkPvDC1FZbL1wxG,25,739853700489635,739940762266112
9144802,5HTeZ5168DjjGWZgbvzGfysEAj9fnexF24gYFKJHENU5cc8a,5FYwKoHYfiuy9m2yM4wbwM5pQyaEP38MBTTZS8RwNKRuQ8mi,25,419259504876,419259504876
9144802,5HTeZ5168DjjGWZgbvzGfysEAj9fnexF24gYFKJHENU5cc8a,FREE,-1,345727681,345727681
9145162,5HTeZ5168DjjGWZgbvzGfysEAj9fnexF24gYFKJHENU5cc8a,5CyQFykVpfa9xgZVGgBsiNUpjbo1EihBTSkPvDC1FZbL1wxG,25,739940762266112,740028700431829
9145162,5HTeZ5168DjjGWZgbvzGfysEAj9fnexF24gYFKJHENU5cc8a,5FYwKoHYfiuy9m2yM4wbwM5pQyaEP38MBTTZS8RwNKRuQ8mi,25,419259504876,419259504876
9145162,5HTeZ5168DjjGWZgbvzGfysEAj9fnexF24gYFKJHENU5cc8a,FREE,-1,345727681,345727681
9145522,5HTeZ5168DjjGWZgbvzGfysEAj9fnexF24gYFKJHENU5cc8a,5CyQFykVpfa9xgZVGgBsiNUpjbo1EihBTSkPvDC1FZbL1wxG,25,740028700431829,740117424316834
9145522,5HTeZ5168DjjGWZgbvzGfysEAj9fnexF24gYFKJHENU5cc8a,5FYwKoHYfiuy9m2yM4wbwM5pQyaEP38MBTTZS8RwNKRuQ8mi,25,419259504876,419259504876
9145522,5HTeZ5168DjjGWZgbvzGfysEAj9fnexF24gYFKJHENU5cc8a,FREE,-1,345727681,345727681
9145882,5HTeZ5168DjjGWZgbvzGfysEAj9fnexF24gYFKJHENU5cc8a,5CyQFykVpfa9xgZVGgBsiNUpjbo1EihBTSkPvDC1FZbL1wxG,25,740117424316834,740206849935114
9145882,5HTeZ5168DjjGWZgbvzGfysEAj9fnexF24gYFKJHENU5cc8a,5FYwKoHYfiuy9m2yM4wbwM5pQyaEP38MBTTZS8RwNKRuQ8mi,25,419259504876,419259504876
9145882,5HTeZ5168DjjGWZgbvzGfysEAj9fnexF24gYFKJHENU5cc8a,FREE,-1,345727681,345727681
9146242,5HTeZ5168DjjGWZgbvzGfysEAj9fnexF24gYFKJHENU5cc8a,5CyQFykVpfa9xgZVGgBsiNUpjbo1EihBTSkPvDC1FZbL1wxG,25,740206849935114,740296954008734
9146242,5HTeZ5168DjjGWZgbvzGfysEAj9fnexF24gYFKJHENU5cc8a,5FYwKoHYfiuy9m2yM4wbwM5pQyaEP38MBTTZS8RwNKRuQ8mi,25,419259504876,419259504876
9146242,5HTeZ5168DjjGWZgbvzGfysEAj9fnexF24gYFKJHENU5cc8a,FREE,-1,345727681,345727681
9146602,5HTeZ5168DjjGWZgbvzGfysEAj9fnexF24gYFKJHENU5cc8a,5CyQFykVpfa9xgZVGgBsiNUpjbo1EihBTSkPvDC1FZbL1wxG,25,740296954008734,740387639481828
9146602,5HTeZ5168DjjGWZgbvzGfysEAj9fnexF24gYFKJHENU5cc8a,5FYwKoHYfiuy9m2yM4wbwM5pQyaEP38MBTTZS8RwNKRuQ8mi,25,419259504876,419259504876
9146602,5HTeZ5168DjjGWZgbvzGfysEAj9fnexF24gYFKJHENU5cc8a,FREE,-1,345727681,345727681
9146962,5HTeZ5168DjjGWZgbvzGfysEAj9fnexF24gYFKJHENU5cc8a,5CyQFykVpfa9xgZVGgBsiNUpjbo1EihBTSkPvDC1FZbL1wxG,25,740387639481828,740478866298469
9146962,5HTeZ5168DjjGWZgbvzGfysEAj9fnexF24gYFKJHENU5cc8a,5FYwKoHYfiuy9m2yM4wbwM5pQyaEP38MBTTZS8RwNKRuQ8mi,25,419259504876,419259504876
9146962,5HTeZ5168DjjGWZgbvzGfysEAj9fnexF24gYFKJHENU5cc8a,FREE,-1,345727681,345727681
9147322,5HTeZ5168DjjGWZgbvzGfysEAj9fnexF24gYFKJHENU5cc8a,5CyQFykVpfa9xgZVGgBsiNUpjbo1EihBTSkPvDC1FZbL1wxG,25,740478866298469,740570560361550
9147322,5HTeZ5168DjjGWZgbvzGfysEAj9fnexF24gYFKJHENU5cc8a,5FYwKoHYfiuy9m2yM4wbwM5pQyaEP38MBTTZS8RwNKRuQ8mi,25,419259504876,419259504876
9147322,5HTeZ5168DjjGWZgbvzGfysEAj9fnexF24gYFKJHENU5cc8a,FREE,-1,345727681,345727681
9147682,5HTeZ5168DjjGWZgbvzGfysEAj9fnexF24gYFKJHENU5cc8a,5CyQFykVpfa9xgZVGgBsiNUpjbo1EihBTSkPvDC1FZbL1wxG,25,740570560361550,740662694352739
9147682,5HTeZ5168DjjGWZgbvzGfysEAj9fnexF24gYFKJHENU5cc8a,5FYwKoHYfiuy9m2yM4wbwM5pQyaEP38MBTTZS8RwNKRuQ8mi,25,419259504876,419259504876
9147682,5HTeZ5168DjjGWZgbvzGfysEAj9fnexF24gYFKJHENU5cc8a,FREE,-1,345727681,345727681
9148042,5HTeZ5168DjjGWZgbvzGfysEAj9fnexF24gYFKJHENU5cc8a,5CyQFykVpfa9xgZVGgBsiNUpjbo1EihBTSkPvDC1FZbL1wxG,25,740662694352739,740755232336962
9148042,5HTeZ5168DjjGWZgbvzGfysEAj9fnexF24gYFKJHENU5cc8a,5FYwKoHYfiuy9m2yM4wbwM5pQyaEP38MBTTZS8RwNKRuQ8mi,25,419259504876,419259504876
9148042,5HTeZ5168DjjGWZgbvzGfysEAj9fnexF24gYFKJHENU5cc8a,FREE,-1,345727681,345727681
9148402,5HTeZ5168DjjGWZgbvzGfysEAj9fnexF24gYFKJHENU5cc8a,5CyQFykVpfa9xgZVGgBsiNUpjbo1EihBTSkPvDC1FZbL1wxG,25,740755232336962,740848125547798
9148402,5HTeZ5168DjjGWZgbvzGfysEAj9fnexF24gYFKJHENU5cc8a,5FYwKoHYfiuy9m2yM4wbwM5pQyaEP38MBTTZS8RwNKRuQ8mi,25,419259504876,419259504876
9148402,5HTeZ5168DjjGWZgbvzGfysEAj9fnexF24gYFKJHENU5cc8a,FREE,-1,345727681,345727681
9148762,5HTeZ5168DjjGWZgbvzGfysEAj9fnexF24gYFKJHENU5cc8a,5CyQFykVpfa9xgZVGgBsiNUpjbo1EihBTSkPvDC1FZbL1wxG,25,740848125547798,740941412110548
9148762,5HTeZ5168DjjGWZgbvzGfysEAj9fnexF24gYFKJHENU5cc8a,5FYwKoHYfiuy9m2yM4wbwM5pQyaEP38MBTTZS8RwNKRuQ8mi,25,419259504876,419259504876
9148762,5HTeZ5168DjjGWZgbvzGfysEAj9fnexF24gYFKJHENU5cc8a,FREE,-1,345727681,345727681
9149122,5HTeZ5168DjjGWZgbvzGfysEAj9fnexF24gYFKJHENU5cc8a,5CyQFykVpfa9xgZVGgBsiNUpjbo1EihBTSkPvDC1FZbL1wxG,25,740941412110548,741034962683272
9149122,5HTeZ5168DjjGWZgbvzGfysEAj9fnexF24gYFKJHENU5cc8a,5FYwKoHYfiuy9m2yM4wbwM5pQyaEP38MBTTZS8RwNKRuQ8mi,25,419259504876,419259504876
9149122,5HTeZ5168DjjGWZgbvzGfysEAj9fnexF24gYFKJHENU5cc8a,FREE,-1,345727681,345727681
9149482,5HTeZ5168DjjGWZgbvzGfysEAj9fnexF24gYFKJHENU5cc8a,5CyQFykVpfa9xgZVGgBsiNUpjbo1EihBTSkPvDC1FZbL1wxG,25,741034962683272,741128780872072
9149482,5HTeZ5168DjjGWZgbvzGfysEAj9fnexF24gYFKJHENU5cc8a,5FYwKoHYfiuy9m2yM4wbwM5pQyaEP38MBTTZS8RwNKRuQ8mi,25,419259504876,419259504876
9149482,5HTeZ5168DjjGWZgbvzGfysEAj9fnexF24gYFKJHENU5cc8a,FREE,-1,345727681,345727681
9149842,5HTeZ5168DjjGWZgbvzGfysEAj9fnexF24gYFKJHENU5cc8a,5CyQFykVpfa9xgZVGgBsiNUpjbo1EihBTSkPvDC1FZbL1wxG,25,741128780872072,741222827186644
9149842,5HTeZ5168DjjGWZgbvzGfysEAj9fnexF24gYFKJHENU5cc8a,5FYwKoHYfiuy9m2yM4wbwM5pQyaEP38MBTTZS8RwNKRuQ8mi,25,419259504876,419259504876
9149842,5HTeZ5168DjjGWZgbvzGfysEAj9fnexF24gYFKJHENU5cc8a,FREE,-1,345727681,345727681
9150202,5HTeZ5168DjjGWZgbvzGfysEAj9fnexF24gYFKJHENU5cc8a,5CyQFykVpfa9xgZVGgBsiNUpjbo1EihBTSkPvDC1FZbL1wxG,25,741222827186644,741317114421806
9150202,5HTeZ5168DjjGWZgbvzGfysEAj9fnexF24gYFKJHENU5cc8a,5FYwKoHYfiuy9m2yM4wbwM5pQyaEP38MBTTZS8RwNKRuQ8mi,25,419259504876,419259504876
9150202,5HTeZ5168DjjGWZgbvzGfysEAj9fnexF24gYFKJHENU5cc8a,FREE,-1,345727681,345727681
9150562,5HTeZ5168DjjGWZgbvzGfysEAj9fnexF24gYFKJHENU5cc8a,5CyQFykVpfa9xgZVGgBsiNUpjbo1EihBTSkPvDC1FZbL1wxG,25,741317114421806,741411652566614
9150562,5HTeZ5168DjjGWZgbvzGfysEAj9fnexF24gYFKJHENU5cc8a,5FYwKoHYfiuy9m2yM4wbwM5pQyaEP38MBTTZS8RwNKRuQ8mi,25,419259504876,419259504876
9150562,5HTeZ5168DjjGWZgbvzGfysEAj9fnexF24gYFKJHENU5cc8a,FREE,-1,345727681,345727681
9150922,5HTeZ5168DjjGWZgbvzGfysEAj9fnexF24gYFKJHENU5cc8a,5CyQFykVpfa9xgZVGgBsiNUpjbo1EihBTSkPvDC1FZbL1wxG,25,741411652566614,741506376957867
9150922,5HTeZ5168DjjGWZgbvzGfysEAj9fnexF24gYFKJHENU5cc8a,5FYwKoHYfiuy9m2yM4wbwM5pQyaEP38MBTTZS8RwNKRuQ8mi,25,419259504876,419259504876
9150922,5HTeZ5168DjjGWZgbvzGfysEAj9fnexF24gYFKJHENU5cc8a,FREE,-1,345727681,345727681
9151282,5HTeZ5168DjjGWZgbvzGfysEAj9fnexF24gYFKJHENU5cc8a,5CyQFykVpfa9xgZVGgBsiNUpjbo1EihBTSkPvDC1FZbL1wxG,25,741506376957867,741601323853854
9151282,5HTeZ5168DjjGWZgbvzGfysEAj9fnexF24gYFKJHENU5cc8a,5FYwKoHYfiuy9m2yM4wbwM5pQyaEP38MBTTZS8RwNKRuQ8mi,25,419259504876,419259504876
9151282,5HTeZ5168DjjGWZgbvzGfysEAj9fnexF24gYFKJHENU5cc8a,FREE,-1,345727681,345727681
9151642,5HTeZ5168DjjGWZgbvzGfysEAj9fnexF24gYFKJHENU5cc8a,5CyQFykVpfa9xgZVGgBsiNUpjbo1EihBTSkPvDC1FZbL1wxG,25,741601323853854,741696381847185
9151642,5HTeZ5168DjjGWZgbvzGfysEAj9fnexF24gYFKJHENU5cc8a,5FYwKoHYfiuy9m2yM4wbwM5pQyaEP38MBTTZS8RwNKRuQ8mi,25,419259504876,419259504876
9151642,5HTeZ5168DjjGWZgbvzGfysEAj9fnexF24gYFKJHENU5cc8a,FREE,-1,345727681,345727681
9152002,5HTeZ5168DjjGWZgbvzGfysEAj9fnexF24gYFKJHENU5cc8a,5CyQFykVpfa9xgZVGgBsiNUpjbo1EihBTSkPvDC1FZbL1wxG,25,741696381847185,741791550803562
9152002,5HTeZ5168DjjGWZgbvzGfysEAj9fnexF24gYFKJHENU5cc8a,5FYwKoHYfiuy9m2yM4wbwM5pQyaEP38MBTTZS8RwNKRuQ8mi,25,419259504876,419259504876
9152002,5HTeZ5168DjjGWZgbvzGfysEAj9fnexF24gYFKJHENU5cc8a,FREE,-1,345727681,345727681
9152362,5HTeZ5168DjjGWZgbvzGfysEAj9fnexF24gYFKJHENU5cc8a,5CyQFykVpfa9xgZVGgBsiNUpjbo1EihBTSkPvDC1FZbL1wxG,25,741791550803562,741886814664807
9152362,5HTeZ5168DjjGWZgbvzGfysEAj9fnexF24gYFKJHENU5cc8a,5FYwKoHYfiuy9m2yM4wbwM5pQyaEP38MBTTZS8RwNKRuQ8mi,25,419259504876,419259504876
9152362,5HTeZ5168DjjGWZgbvzGfysEAj9fnexF24gYFKJHENU5cc8a,FREE,-1,345727681,345727681
9152722,5HTeZ5168DjjGWZgbvzGfysEAj9fnexF24gYFKJHENU5cc8a,5CyQFykVpfa9xgZVGgBsiNUpjbo1EihBTSkPvDC1FZbL1wxG,25,741886814664807,741982209375762
9152722,5HTeZ5168DjjGWZgbvzGfysEAj9fnexF24gYFKJHENU5cc8a,5FYwKoHYfiuy9m2yM4wbwM5pQyaEP38MBTTZS8RwNKRuQ8mi,25,419259504876,419259504876
9152722,5HTeZ5168DjjGWZgbvzGfysEAj9fnexF24gYFKJHENU5cc8a,FREE,-1,345727681,345727681
9153082,5HTeZ5168DjjGWZgbvzGfysEAj9fnexF24gYFKJHENU5cc8a,5CyQFykVpfa9xgZVGgBsiNUpjbo1EihBTSkPvDC1FZbL1wxG,25,741982209375762,742077677409730
9153082,5HTeZ5168DjjGWZgbvzGfysEAj9fnexF24gYFKJHENU5cc8a,5FYwKoHYfiuy9m2yM4wbwM5pQyaEP38MBTTZS8RwNKRuQ8mi,25,419259504876,419259504876
9153082,5HTeZ5168DjjGWZgbvzGfysEAj9fnexF24gYFKJHENU5cc8a,FREE,-1,345727681,345727681
9153442,5HTeZ5168DjjGWZgbvzGfysEAj9fnexF24gYFKJHENU5cc8a,5CyQFykVpfa9xgZVGgBsiNUpjbo1EihBTSkPvDC1FZbL1wxG,25,742077677409730,742173230201567
9153442,5HTeZ5168DjjGWZgbvzGfysEAj9fnexF24gYFKJHENU5cc8a,5FYwKoHYfiuy9m2yM4wbwM5pQyaEP38MBTTZS8RwNKRuQ8mi,25,419259504876,419259504876
9153442,5HTeZ5168DjjGWZgbvzGfysEAj9fnexF24gYFKJHENU5cc8a,FREE,-1,345727681,345727681
9153802,5HTeZ5168DjjGWZgbvzGfysEAj9fnexF24gYFKJHENU5cc8a,5CyQFykVpfa9xgZVGgBsiNUpjbo1EihBTSkPvDC1FZbL1wxG,25,742173230201567,742268822497411
9153802,5HTeZ5168DjjGWZgbvzGfysEAj9fnexF24gYFKJHENU5cc8a,5FYwKoHYfiuy9m2yM4wbwM5pQyaEP38MBTTZS8RwNKRuQ8mi,25,419259504876,419259504876
9153802,5HTeZ5168DjjGWZgbvzGfysEAj9fnexF24gYFKJHENU5cc8a,FREE,-1,345727681,345727681
9154162,5HTeZ5168DjjGWZgbvzGfysEAj9fnexF24gYFKJHENU5cc8a,5CyQFykVpfa9xgZVGgBsiNUpjbo1EihBTSkPvDC1FZbL1wxG,25,742268822497411,742364489815956
9154162,5HTeZ5168DjjGWZgbvzGfysEAj9fnexF24gYFKJHENU5cc8a,5FYwKoHYfiuy9m2yM4wbwM5pQyaEP38MBTTZS8RwNKRuQ8mi,25,419259504876,419259504876
9154162,5HTeZ5168DjjGWZgbvzGfysEAj9fnexF24gYFKJHENU5cc8a,FREE,-1,345727681,345727681
9154522,5HTeZ5168DjjGWZgbvzGfysEAj9fnexF24gYFKJHENU5cc8a,5CyQFykVpfa9xgZVGgBsiNUpjbo1EihBTSkPvDC1FZbL1wxG,25,742364489815956,742460326496420
9154522,5HTeZ5168DjjGWZgbvzGfysEAj9fnexF24gYFKJHENU5cc8a,5FYwKoHYfiuy9m2yM4wbwM5pQyaEP38MBTTZS8RwNKRuQ8mi,25,419259504876,419259504876
9154522,5HTeZ5168DjjGWZgbvzGfysEAj9fnexF24gYFKJHENU5cc8a,FREE,-1,345727681,345727681
9154882,5HTeZ5168DjjGWZgbvzGfysEAj9fnexF24gYFKJHENU5cc8a,5CyQFykVpfa9xgZVGgBsiNUpjbo1EihBTSkPvDC1FZbL1wxG,25,742460326496420,742556242767774
9154882,5HTeZ5168DjjGWZgbvzGfysEAj9fnexF24gYFKJHENU5cc8a,5FYwKoHYfiuy9m2yM4wbwM5pQyaEP38MBTTZS8RwNKRuQ8mi,25,419259504876,419259504876
9154882,5HTeZ5168DjjGWZgbvzGfysEAj9fnexF24gYFKJHENU5cc8a,FREE,-1,345727681,345727681
9155242,5HTeZ5168DjjGWZgbvzGfysEAj9fnexF24gYFKJHENU5cc8a,5CyQFykVpfa9xgZVGgBsiNUpjbo1EihBTSkPvDC1FZbL1wxG,25,742556242767774,742652239946315
9155242,5HTeZ5168DjjGWZgbvzGfysEAj9fnexF24gYFKJHENU5cc8a,5FYwKoHYfiuy9m2yM4wbwM5pQyaEP38MBTTZS8RwNKRuQ8mi,25,419259504876,419259504876
9155242,5HTeZ5168DjjGWZgbvzGfysEAj9fnexF24gYFKJHENU5cc8a,FREE,-1,345727681,345727681
9155602,5HTeZ5168DjjGWZgbvzGfysEAj9fnexF24gYFKJHENU5cc8a,5CyQFykVpfa9xgZVGgBsiNUpjbo1EihBTSkPvDC1FZbL1wxG,25,742652239946315,742748331112175
9155602,5HTeZ5168DjjGWZgbvzGfysEAj9fnexF24gYFKJHENU5cc8a,5FYwKoHYfiuy9m2yM4wbwM5pQyaEP38MBTTZS8RwNKRuQ8mi,25,419259504876,419259504876
9155602,5HTeZ5168DjjGWZgbvzGfysEAj9fnexF24gYFKJHENU5cc8a,FREE,-1,345727681,345727681
9155962,5HTeZ5168DjjGWZgbvzGfysEAj9fnexF24gYFKJHENU5cc8a,5CyQFykVpfa9xgZVGgBsiNUpjbo1EihBTSkPvDC1FZbL1wxG,25,742748331112175,742844473592934
9155962,5HTeZ5168DjjGWZgbvzGfysEAj9fnexF24gYFKJHENU5cc8a,5FYwKoHYfiuy9m2yM4wbwM5pQyaEP38MBTTZS8RwNKRuQ8mi,25,419259504876,419259504876
9155962,5HTeZ5168DjjGWZgbvzGfysEAj9fnexF24gYFKJHENU5cc8a,FREE,-1,345727681,345727681
9156322,5HTeZ5168DjjGWZgbvzGfysEAj9fnexF24gYFKJHENU5cc8a,5CyQFykVpfa9xgZVGgBsiNUpjbo1EihBTSkPvDC1FZbL1wxG,25,742844473592934,742940609039646
9156322,5HTeZ5168DjjGWZgbvzGfysEAj9fnexF24gYFKJHENU5cc8a,5FYwKoHYfiuy9m2yM4wbwM5pQyaEP38MBTTZS8RwNKRuQ8mi,25,419259504876,419259504876
9156322,5HTeZ5168DjjGWZgbvzGfysEAj9fnexF24gYFKJHENU5cc8a,FREE,-1,345727681,345727681
9156682,5HTeZ5168DjjGWZgbvzGfysEAj9fnexF24gYFKJHENU5cc8a,5CyQFykVpfa9xgZVGgBsiNUpjbo1EihBTSkPvDC1FZbL1wxG,25,742940609039646,743036780546387
9156682,5HTeZ5168DjjGWZgbvzGfysEAj9fnexF24gYFKJHENU5cc8a,5FYwKoHYfiuy9m2yM4wbwM5pQyaEP38MBTTZS8RwNKRuQ8mi,25,419259504876,419259504876
9156682,5HTeZ5168DjjGWZgbvzGfysEAj9fnexF24gYFKJHENU5cc8a,FREE,-1,345727681,345727681
9157042,5HTeZ5168DjjGWZgbvzGfysEAj9fnexF24gYFKJHENU5cc8a,5CyQFykVpfa9xgZVGgBsiNUpjbo1EihBTSkPvDC1FZbL1wxG,25,743036780546387,743132906434525
9157042,5HTeZ5168DjjGWZgbvzGfysEAj9fnexF24gYFKJHENU5cc8a,5FYwKoHYfiuy9m2yM4wbwM5pQyaEP38MBTTZS8RwNKRuQ8mi,25,419259504876,419259504876
9157042,5HTeZ5168DjjGWZgbvzGfysEAj9fnexF24gYFKJHENU5cc8a,FREE,-1,345727681,345727681
9157402,5HTeZ5168DjjGWZgbvzGfysEAj9fnexF24gYFKJHENU5cc8a,5CyQFykVpfa9xgZVGgBsiNUpjbo1EihBTSkPvDC1FZbL1wxG,25,743132906434525,743229056421420
9157402,5HTeZ5168DjjGWZgbvzGfysEAj9fnexF24gYFKJHENU5cc8a,5FYwKoHYfiuy9m2yM4wbwM5pQyaEP38MBTTZS8RwNKRuQ8mi,25,419259504876,419259504876
9157402,5HTeZ5168DjjGWZgbvzGfysEAj9fnexF24gYFKJHENU5cc8a,FREE,-1,345727681,345727681
9157762,5HTeZ5168DjjGWZgbvzGfysEAj9fnexF24gYFKJHENU5cc8a,5CyQFykVpfa9xgZVGgBsiNUpjbo1EihBTSkPvDC1FZbL1wxG,25,743229056421420,743325218902302
9157762,5HTeZ5168DjjGWZgbvzGfysEAj9fnexF24gYFKJHENU5cc8a,5FYwKoHYfiuy9m2yM4wbwM5pQyaEP38MBTTZS8RwNKRuQ8mi,25,419259504876,419259504876
9157762,5HTeZ5168DjjGWZgbvzGfysEAj9fnexF24gYFKJHENU5cc8a,FREE,-1,345727681,345727681
9158122,5HTeZ5168DjjGWZgbvzGfysEAj9fnexF24gYFKJHENU5cc8a,5CyQFykVpfa9xgZVGgBsiNUpjbo1EihBTSkPvDC1FZbL1wxG,25,743325218902302,743421385593269
9158122,5HTeZ5168DjjGWZgbvzGfysEAj9fnexF24gYFKJHENU5cc8a,5FYwKoHYfiuy9m2yM4wbwM5pQyaEP38MBTTZS8RwNKRuQ8mi,25,419259504876,419259504876
9158122,5HTeZ5168DjjGWZgbvzGfysEAj9fnexF24gYFKJHENU5cc8a,FREE,-1,345727681,345727681
9158482,5HTeZ5168DjjGWZgbvzGfysEAj9fnexF24gYFKJHENU5cc8a,5CyQFykVpfa9xgZVGgBsiNUpjbo1EihBTSkPvDC1FZbL1wxG,25,743421385593269,743517562376949
9158482,5HTeZ5168DjjGWZgbvzGfysEAj9fnexF24gYFKJHENU5cc8a,5FYwKoHYfiuy9m2yM4wbwM5pQyaEP38MBTTZS8RwNKRuQ8mi,25,419259504876,419259504876
9158482,5HTeZ5168DjjGWZgbvzGfysEAj9fnexF24gYFKJHENU5cc8a,FREE,-1,345727681,345727681
9158842,5HTeZ5168DjjGWZgbvzGfysEAj9fnexF24gYFKJHENU5cc8a,5CyQFykVpfa9xgZVGgBsiNUpjbo1EihBTSkPvDC1FZbL1wxG,25,743517562376949,743613749004141
9158842,5HTeZ5168DjjGWZgbvzGfysEAj9fnexF24gYFKJHENU5cc8a,5FYwKoHYfiuy9m2yM4wbwM5pQyaEP38MBTTZS8RwNKRuQ8mi,25,419259504876,419259504876
9158842,5HTeZ5168DjjGWZgbvzGfysEAj9fnexF24gYFKJHENU5cc8a,FREE,-1,345727681,345727681
9159202,5HTeZ5168DjjGWZgbvzGfysEAj9fnexF24gYFKJHENU5cc8a,5CyQFykVpfa9xgZVGgBsiNUpjbo1EihBTSkPvDC1FZbL1wxG,25,743613749004141,743709939591252
9159202,5HTeZ5168DjjGWZgbvzGfysEAj9fnexF24gYFKJHENU5cc8a,5FYwKoHYfiuy9m2yM4wbwM5pQyaEP38MBTTZS8RwNKRuQ8mi,25,419259504876,419259504876
9159202,5HTeZ5168DjjGWZgbvzGfysEAj9fnexF24gYFKJHENU5cc8a,FREE,-1,345727681,345727681
9159562,5HTeZ5168DjjGWZgbvzGfysEAj9fnexF24gYFKJHENU5cc8a,5CyQFykVpfa9xgZVGgBsiNUpjbo1EihBTSkPvDC1FZbL1wxG,25,743709939591252,743806156248091
9159562,5HTeZ5168DjjGWZgbvzGfysEAj9fnexF24gYFKJHENU5cc8a,5FYwKoHYfiuy9m2yM4wbwM5pQyaEP38MBTTZS8RwNKRuQ8mi,25,419259504876,419259504876
9159562,5HTeZ5168DjjGWZgbvzGfysEAj9fnexF24gYFKJHENU5cc8a,FREE,-1,345727681,345727681
9159922,5HTeZ5168DjjGWZgbvzGfysEAj9fnexF24gYFKJHENU5cc8a,5CyQFykVpfa9xgZVGgBsiNUpjbo1EihBTSkPvDC1FZbL1wxG,25,743806156248091,743902385951288
9159922,5HTeZ5168DjjGWZgbvzGfysEAj9fnexF24gYFKJHENU5cc8a,5FYwKoHYfiuy9m2yM4wbwM5pQyaEP38MBTTZS8RwNKRuQ8mi,25,419259504876,419259504876
9159922,5HTeZ5168DjjGWZgbvzGfysEAj9fnexF24gYFKJHENU5cc8a,FREE,-1,345727681,345727681
9160282,5HTeZ5168DjjGWZgbvzGfysEAj9fnexF24gYFKJHENU5cc8a,5CyQFykVpfa9xgZVGgBsiNUpjbo1EihBTSkPvDC1FZbL1wxG,25,743902385951288,743998432140919
9160282,5HTeZ5168DjjGWZgbvzGfysEAj9fnexF24gYFKJHENU5cc8a,5FYwKoHYfiuy9m2yM4wbwM5pQyaEP38MBTTZS8RwNKRuQ8mi,25,419259504876,419259504876
9160282,5HTeZ5168DjjGWZgbvzGfysEAj9fnexF24gYFKJHENU5cc8a,FREE,-1,345727681,345727681
9160642,5HTeZ5168DjjGWZgbvzGfysEAj9fnexF24gYFKJHENU5cc8a,5CyQFykVpfa9xgZVGgBsiNUpjbo1EihBTSkPvDC1FZbL1wxG,25,743998432140919,744094485729055
9160642,5HTeZ5168DjjGWZgbvzGfysEAj9fnexF24gYFKJHENU5cc8a,5FYwKoHYfiuy9m2yM4wbwM5pQyaEP38MBTTZS8RwNKRuQ8mi,25,419259504876,419259504876
9160642,5HTeZ5168DjjGWZgbvzGfysEAj9fnexF24gYFKJHENU5cc8a,FREE,-1,345727681,345727681
9161002,5HTeZ5168DjjGWZgbvzGfysEAj9fnexF24gYFKJHENU5cc8a,5CyQFykVpfa9xgZVGgBsiNUpjbo1EihBTSkPvDC1FZbL1wxG,25,744094485729055,744190539184902
9161002,5HTeZ5168DjjGWZgbvzGfysEAj9fnexF24gYFKJHENU5cc8a,5FYwKoHYfiuy9m2yM4wbwM5pQyaEP38MBTTZS8RwNKRuQ8mi,25,419259504876,419259504876
9161002,5HTeZ5168DjjGWZgbvzGfysEAj9fnexF24gYFKJHENU5cc8a,FREE,-1,345727681,345727681
9161362,5HTeZ5168DjjGWZgbvzGfysEAj9fnexF24gYFKJHENU5cc8a,5CyQFykVpfa9xgZVGgBsiNUpjbo1EihBTSkPvDC1FZbL1wxG,25,744190539184902,744286599747177
9161362,5HTeZ5168DjjGWZgbvzGfysEAj9fnexF24gYFKJHENU5cc8a,5FYwKoHYfiuy9m2yM4wbwM5pQyaEP38MBTTZS8RwNKRuQ8mi,25,419259504876,419259504876
9161362,5HTeZ5168DjjGWZgbvzGfysEAj9fnexF24gYFKJHENU5cc8a,FREE,-1,345727681,345727681
9161722,5HTeZ5168DjjGWZgbvzGfysEAj9fnexF24gYFKJHENU5cc8a,5CyQFykVpfa9xgZVGgBsiNUpjbo1EihBTSkPvDC1FZbL1wxG,25,744286599747177,744382683679749
9161722,5HTeZ5168DjjGWZgbvzGfysEAj9fnexF24gYFKJHENU5cc8a,5FYwKoHYfiuy9m2yM4wbwM5pQyaEP38MBTTZS8RwNKRuQ8mi,25,419259504876,419259504876
9161722,5HTeZ5168DjjGWZgbvzGfysEAj9fnexF24gYFKJHENU5cc8a,FREE,-1,345727681,345727681
9162082,5HTeZ5168DjjGWZgbvzGfysEAj9fnexF24gYFKJHENU5cc8a,5CyQFykVpfa9xgZVGgBsiNUpjbo1EihBTSkPvDC1FZbL1wxG,25,744382683679749,744478773381986
9162082,5HTeZ5168DjjGWZgbvzGfysEAj9fnexF24gYFKJHENU5cc8a,5FYwKoHYfiuy9m2yM4wbwM5pQyaEP38MBTTZS8RwNKRuQ8mi,25,419259504876,419259504876
9162082,5HTeZ5168DjjGWZgbvzGfysEAj9fnexF24gYFKJHENU5cc8a,FREE,-1,345727681,345727681
9162442,5HTeZ5168DjjGWZgbvzGfysEAj9fnexF24gYFKJHENU5cc8a,5CyQFykVpfa9xgZVGgBsiNUpjbo1EihBTSkPvDC1FZbL1wxG,25,744478773381987,744574853347429
9162442,5HTeZ5168DjjGWZgbvzGfysEAj9fnexF24gYFKJHENU5cc8a,5FYwKoHYfiuy9m2yM4wbwM5pQyaEP38MBTTZS8RwNKRuQ8mi,25,419259504876,419259504876
9162442,5HTeZ5168DjjGWZgbvzGfysEAj9fnexF24gYFKJHENU5cc8a,FREE,-1,345727681,345727681
9162802,5HTeZ5168DjjGWZgbvzGfysEAj9fnexF24gYFKJHENU5cc8a,5CyQFykVpfa9xgZVGgBsiNUpjbo1EihBTSkPvDC1FZbL1wxG,25,744574853347429,744670940928629
9162802,5HTeZ5168DjjGWZgbvzGfysEAj9fnexF24gYFKJHENU5cc8a,5FYwKoHYfiuy9m2yM4wbwM5pQyaEP38MBTTZS8RwNKRuQ8mi,25,419259504876,419259504876
9162802,5HTeZ5168DjjGWZgbvzGfysEAj9fnexF24gYFKJHENU5cc8a,FREE,-1,345727681,345727681
9163162,5HTeZ5168DjjGWZgbvzGfysEAj9fnexF24gYFKJHENU5cc8a,5CyQFykVpfa9xgZVGgBsiNUpjbo1EihBTSkPvDC1FZbL1wxG,25,744670940928629,744767027214667
9163162,5HTeZ5168DjjGWZgbvzGfysEAj9fnexF24gYFKJHENU5cc8a,5FYwKoHYfiuy9m2yM4wbwM5pQyaEP38MBTTZS8RwNKRuQ8mi,25,419259504876,419259504876
9163162,5HTeZ5168DjjGWZgbvzGfysEAj9fnexF24gYFKJHENU5cc8a,FREE,-1,345727681,345727681
9163522,5HTeZ5168DjjGWZgbvzGfysEAj9fnexF24gYFKJHENU5cc8a,5CyQFykVpfa9xgZVGgBsiNUpjbo1EihBTSkPvDC1FZbL1wxG,25,744767027214667,744863117237023
9163522,5HTeZ5168DjjGWZgbvzGfysEAj9fnexF24gYFKJHENU5cc8a,5FYwKoHYfiuy9m2yM4wbwM5pQyaEP38MBTTZS8RwNKRuQ8mi,25,419259504876,419259504876
9163522,5HTeZ5168DjjGWZgbvzGfysEAj9fnexF24gYFKJHENU5cc8a,FREE,-1,345727681,345727681
9163882,5HTeZ5168DjjGWZgbvzGfysEAj9fnexF24gYFKJHENU5cc8a,5CyQFykVpfa9xgZVGgBsiNUpjbo1EihBTSkPvDC1FZbL1wxG,25,744863117237023,744959211343512
9163882,5HTeZ5168DjjGWZgbvzGfysEAj9fnexF24gYFKJHENU5cc8a,5FYwKoHYfiuy9m2yM4wbwM5pQyaEP38MBTTZS8RwNKRuQ8mi,25,419259504876,419259504876
9163882,5HTeZ5168DjjGWZgbvzGfysEAj9fnexF24gYFKJHENU5cc8a,FREE,-1,345727681,345727681
9164242,5HTeZ5168DjjGWZgbvzGfysEAj9fnexF24gYFKJHENU5cc8a,5CyQFykVpfa9xgZVGgBsiNUpjbo1EihBTSkPvDC1FZbL1wxG,25,744959211343512,745055263092066
9164242,5HTeZ5168DjjGWZgbvzGfysEAj9fnexF24gYFKJHENU5cc8a,5FYwKoHYfiuy9m2yM4wbwM5pQyaEP38MBTTZS8RwNKRuQ8mi,25,419259504876,419259504876
9164242,5HTeZ5168DjjGWZgbvzGfysEAj9fnexF24gYFKJHENU5cc8a,FREE,-1,345727681,345727681
9164602,5HTeZ5168DjjGWZgbvzGfysEAj9fnexF24gYFKJHENU5cc8a,5CyQFykVpfa9xgZVGgBsiNUpjbo1EihBTSkPvDC1FZbL1wxG,25,745055263092066,745151334328929
9164602,5HTeZ5168DjjGWZgbvzGfysEAj9fnexF24gYFKJHENU5cc8a,5FYwKoHYfiuy9m2yM4wbwM5pQyaEP38MBTTZS8RwNKRuQ8mi,25,419259504876,419259504876
9164602,5HTeZ5168DjjGWZgbvzGfysEAj9fnexF24gYFKJHENU5cc8a,FREE,-1,345727681,345727681
9164962,5HTeZ5168DjjGWZgbvzGfysEAj9fnexF24gYFKJHENU5cc8a,5CyQFykVpfa9xgZVGgBsiNUpjbo1EihBTSkPvDC1FZbL1wxG,25,745151334328929,745247404645670
9164962,5HTeZ5168DjjGWZgbvzGfysEAj9fnexF24gYFKJHENU5cc8a,5FYwKoHYfiuy9m2yM4wbwM5pQyaEP38MBTTZS8RwNKRuQ8mi,25,419259504876,419259504876
9164962,5HTeZ5168DjjGWZgbvzGfysEAj9fnexF24gYFKJHENU5cc8a,FREE,-1,345727681,345727681
9165322,5HTeZ5168DjjGWZgbvzGfysEAj9fnexF24gYFKJHENU5cc8a,5CyQFykVpfa9xgZVGgBsiNUpjbo1EihBTSkPvDC1FZbL1wxG,25,745247404645670,745343570474313
9165322,5HTeZ5168DjjGWZgbvzGfysEAj9fnexF24gYFKJHENU5cc8a,5FYwKoHYfiuy9m2yM4wbwM5pQyaEP38MBTTZS8RwNKRuQ8mi,25,419259504876,419259504876
9165322,5HTeZ5168DjjGWZgbvzGfysEAj9fnexF24gYFKJHENU5cc8a,FREE,-1,345727681,345727681
9165682,5HTeZ5168DjjGWZgbvzGfysEAj9fnexF24gYFKJHENU5cc8a,5CyQFykVpfa9xgZVGgBsiNUpjbo1EihBTSkPvDC1FZbL1wxG,25,745343570474313,745439691752962
9165682,5HTeZ5168DjjGWZgbvzGfysEAj9fnexF24gYFKJHENU5cc8a,5FYwKoHYfiuy9m2yM4wbwM5pQyaEP38MBTTZS8RwNKRuQ8mi,25,419259504876,419259504876
9165682,5HTeZ5168DjjGWZgbvzGfysEAj9fnexF24gYFKJHENU5cc8a,FREE,-1,345727681,345727681
9166042,5HTeZ5168DjjGWZgbvzGfysEAj9fnexF24gYFKJHENU5cc8a,5CyQFykVpfa9xgZVGgBsiNUpjbo1EihBTSkPvDC1FZbL1wxG,25,745439691752962,745535832290185
9166042,5HTeZ5168DjjGWZgbvzGfysEAj9fnexF24gYFKJHENU5cc8a,5FYwKoHYfiuy9m2yM4wbwM5pQyaEP38MBTTZS8RwNKRuQ8mi,25,419259504876,419259504876
9166042,5HTeZ5168DjjGWZgbvzGfysEAj9fnexF24gYFKJHENU5cc8a,FREE,-1,345727681,345727681
9166402,5HTeZ5168DjjGWZgbvzGfysEAj9fnexF24gYFKJHENU5cc8a,5CyQFykVpfa9xgZVGgBsiNUpjbo1EihBTSkPvDC1FZbL1wxG,25,745535832290185,745631961851111
9166402,5HTeZ5168DjjGWZgbvzGfysEAj9fnexF24gYFKJHENU5cc8a,5FYwKoHYfiuy9m2yM4wbwM5pQyaEP38MBTTZS8RwNKRuQ8mi,25,419259504876,419259504876
9166402,5HTeZ5168DjjGWZgbvzGfysEAj9fnexF24gYFKJHENU5cc8a,FREE,-1,345727681,345727681
9166762,5HTeZ5168DjjGWZgbvzGfysEAj9fnexF24gYFKJHENU5cc8a,5CyQFykVpfa9xgZVGgBsiNUpjbo1EihBTSkPvDC1FZbL1wxG,25,745631961851111,745728069790998
9166762,5HTeZ5168DjjGWZgbvzGfysEAj9fnexF24gYFKJHENU5cc8a,5FYwKoHYfiuy9m2yM4wbwM5pQyaEP38MBTTZS8RwNKRuQ8mi,25,419259504876,419259504876
9166762,5HTeZ5168DjjGWZgbvzGfysEAj9fnexF24gYFKJHENU5cc8a,FREE,-1,345727681,345727681
9167122,5HTeZ5168DjjGWZgbvzGfysEAj9fnexF24gYFKJHENU5cc8a,5CyQFykVpfa9xgZVGgBsiNUpjbo1EihBTSkPvDC1FZbL1wxG,25,745728069790998,745824139316741
9167122,5HTeZ5168DjjGWZgbvzGfysEAj9fnexF24gYFKJHENU5cc8a,5FYwKoHYfiuy9m2yM4wbwM5pQyaEP38MBTTZS8RwNKRuQ8mi,25,419259504876,419259504876
9167122,5HTeZ5168DjjGWZgbvzGfysEAj9fnexF24gYFKJHENU5cc8a,FREE,-1,345727681,345727681
9167482,5HTeZ5168DjjGWZgbvzGfysEAj9fnexF24gYFKJHENU5cc8a,5CyQFykVpfa9xgZVGgBsiNUpjbo1EihBTSkPvDC1FZbL1wxG,25,745824139316741,745920384391304
9167482,5HTeZ5168DjjGWZgbvzGfysEAj9fnexF24gYFKJHENU5cc8a,5FYwKoHYfiuy9m2yM4wbwM5pQyaEP38MBTTZS8RwNKRuQ8mi,25,419259504876,419259504876
9167482,5HTeZ5168DjjGWZgbvzGfysEAj9fnexF24gYFKJHENU5cc8a,FREE,-1,345727681,345727681
9167842,5HTeZ5168DjjGWZgbvzGfysEAj9fnexF24gYFKJHENU5cc8a,5CyQFykVpfa9xgZVGgBsiNUpjbo1EihBTSkPvDC1FZbL1wxG,25,745920384391304,746016663138935
9167842,5HTeZ5168DjjGWZgbvzGfysEAj9fnexF24gYFKJHENU5cc8a,5FYwKoHYfiuy9m2yM4wbwM5pQyaEP38MBTTZS8RwNKRuQ8mi,25,419259504876,419259504876
9167842,5HTeZ5168DjjGWZgbvzGfysEAj9fnexF24gYFKJHENU5cc8a,FREE,-1,345727681,345727681
9168202,5HTeZ5168DjjGWZgbvzGfysEAj9fnexF24gYFKJHENU5cc8a,5CyQFykVpfa9xgZVGgBsiNUpjbo1EihBTSkPvDC1FZbL1wxG,25,746016663138935,746112975645320
9168202,5HTeZ5168DjjGWZgbvzGfysEAj9fnexF24gYFKJHENU5cc8a,5FYwKoHYfiuy9m2yM4wbwM5pQyaEP38MBTTZS8RwNKRuQ8mi,25,419259504876,419259504876
9168202,5HTeZ5168DjjGWZgbvzGfysEAj9fnexF24gYFKJHENU5cc8a,FREE,-1,345727681,345727681
9168562,5HTeZ5168DjjGWZgbvzGfysEAj9fnexF24gYFKJHENU5cc8a,5CyQFykVpfa9xgZVGgBsiNUpjbo1EihBTSkPvDC1FZbL1wxG,25,746112975645320,746209215027795
9168562,5HTeZ5168DjjGWZgbvzGfysEAj9fnexF24gYFKJHENU5cc8a,5FYwKoHYfiuy9m2yM4wbwM5pQyaEP38MBTTZS8RwNKRuQ8mi,25,419259504876,419259504876
9168562,5HTeZ5168DjjGWZgbvzGfysEAj9fnexF24gYFKJHENU5cc8a,FREE,-1,345727681,345727681
9168922,5HTeZ5168DjjGWZgbvzGfysEAj9fnexF24gYFKJHENU5cc8a,5CyQFykVpfa9xgZVGgBsiNUpjbo1EihBTSkPvDC1FZbL1wxG,25,746209215027795,746305472796238
9168922,5HTeZ5168DjjGWZgbvzGfysEAj9fnexF24gYFKJHENU5cc8a,5FYwKoHYfiuy9m2yM4wbwM5pQyaEP38MBTTZS8RwNKRuQ8mi,25,419259504876,419259504876
9168922,5HTeZ5168DjjGWZgbvzGfysEAj9fnexF24gYFKJHENU5cc8a,FREE,-1,345727681,345727681
9169282,5HTeZ5168DjjGWZgbvzGfysEAj9fnexF24gYFKJHENU5cc8a,5CyQFykVpfa9xgZVGgBsiNUpjbo1EihBTSkPvDC1FZbL1wxG,25,746305472796238,746401728257468
9169282,5HTeZ5168DjjGWZgbvzGfysEAj9fnexF24gYFKJHENU5cc8a,5FYwKoHYfiuy9m2yM4wbwM5pQyaEP38MBTTZS8RwNKRuQ8mi,25,419259504876,419259504876
9169282,5HTeZ5168DjjGWZgbvzGfysEAj9fnexF24gYFKJHENU5cc8a,FREE,-1,345727681,345727681
9169642,5HTeZ5168DjjGWZgbvzGfysEAj9fnexF24gYFKJHENU5cc8a,5CyQFykVpfa9xgZVGgBsiNUpjbo1EihBTSkPvDC1FZbL1wxG,25,746401728257468,746498012220336
9169642,5HTeZ5168DjjGWZgbvzGfysEAj9fnexF24gYFKJHENU5cc8a,5FYwKoHYfiuy9m2yM4wbwM5pQyaEP38MBTTZS8RwNKRuQ8mi,25,419259504876,419259504876
9169642,5HTeZ5168DjjGWZgbvzGfysEAj9fnexF24gYFKJHENU5cc8a,FREE,-1,345727681,345727681
9170002,5HTeZ5168DjjGWZgbvzGfysEAj9fnexF24gYFKJHENU5cc8a,5CyQFykVpfa9xgZVGgBsiNUpjbo1EihBTSkPvDC1FZbL1wxG,25,746498012220336,746594311535066
9170002,5HTeZ5168DjjGWZgbvzGfysEAj9fnexF24gYFKJHENU5cc8a,5FYwKoHYfiuy9m2yM4wbwM5pQyaEP38MBTTZS8RwNKRuQ8mi,25,419259504876,419259504876
9170002,5HTeZ5168DjjGWZgbvzGfysEAj9fnexF24gYFKJHENU5cc8a,FREE,-1,345727681,345727681
9170362,5HTeZ5168DjjGWZgbvzGfysEAj9fnexF24gYFKJHENU5cc8a,5CyQFykVpfa9xgZVGgBsiNUpjbo1EihBTSkPvDC1FZbL1wxG,25,746594311535066,746690600627011
9170362,5HTeZ5168DjjGWZgbvzGfysEAj9fnexF24gYFKJHENU5cc8a,5FYwKoHYfiuy9m2yM4wbwM5pQyaEP38MBTTZS8RwNKRuQ8mi,25,419259504876,419259504876
9170362,5HTeZ5168DjjGWZgbvzGfysEAj9fnexF24gYFKJHENU5cc8a,FREE,-1,345727681,345727681
9170722,5HTeZ5168DjjGWZgbvzGfysEAj9fnexF24gYFKJHENU5cc8a,5CyQFykVpfa9xgZVGgBsiNUpjbo1EihBTSkPvDC1FZbL1wxG,25,746690600627011,746786895939708
9170722,5HTeZ5168DjjGWZgbvzGfysEAj9fnexF24gYFKJHENU5cc8a,5FYwKoHYfiuy9m2yM4wbwM5pQyaEP38MBTTZS8RwNKRuQ8mi,25,419259504876,419259504876
9170722,5HTeZ5168DjjGWZgbvzGfysEAj9fnexF24gYFKJHENU5cc8a,FREE,-1,345727681,345727681
9171082,5HTeZ5168DjjGWZgbvzGfysEAj9fnexF24gYFKJHENU5cc8a,5CyQFykVpfa9xgZVGgBsiNUpjbo1EihBTSkPvDC1FZbL1wxG,25,746786895939708,746883200597410
9171082,5HTeZ5168DjjGWZgbvzGfysEAj9fnexF24gYFKJHENU5cc8a,5FYwKoHYfiuy9m2yM4wbwM5pQyaEP38MBTTZS8RwNKRuQ8mi,25,419259504876,419259504876
9171082,5HTeZ5168DjjGWZgbvzGfysEAj9fnexF24gYFKJHENU5cc8a,FREE,-1,345727681,345727681
9171442,5HTeZ5168DjjGWZgbvzGfysEAj9fnexF24gYFKJHENU5cc8a,5CyQFykVpfa9xgZVGgBsiNUpjbo1EihBTSkPvDC1FZbL1wxG,25,746883200597410,746979502605460
9171442,5HTeZ5168DjjGWZgbvzGfysEAj9fnexF24gYFKJHENU5cc8a,5FYwKoHYfiuy9m2yM4wbwM5pQyaEP38MBTTZS8RwNKRuQ8mi,25,419259504876,419259504876
9171442,5HTeZ5168DjjGWZgbvzGfysEAj9fnexF24gYFKJHENU5cc8a,FREE,-1,345727681,345727681
9171802,5HTeZ5168DjjGWZgbvzGfysEAj9fnexF24gYFKJHENU5cc8a,5CyQFykVpfa9xgZVGgBsiNUpjbo1EihBTSkPvDC1FZbL1wxG,25,746979502605460,747075812044946
9171802,5HTeZ5168DjjGWZgbvzGfysEAj9fnexF24gYFKJHENU5cc8a,5FYwKoHYfiuy9m2yM4wbwM5pQyaEP38MBTTZS8RwNKRuQ8mi,25,419259504876,419259504876
9171802,5HTeZ5168DjjGWZgbvzGfysEAj9fnexF24gYFKJHENU5cc8a,FREE,-1,345727681,345727681
9172162,5HTeZ5168DjjGWZgbvzGfysEAj9fnexF24gYFKJHENU5cc8a,5CyQFykVpfa9xgZVGgBsiNUpjbo1EihBTSkPvDC1FZbL1wxG,25,747075812044946,747172129270152
9172162,5HTeZ5168DjjGWZgbvzGfysEAj9fnexF24gYFKJHENU5cc8a,5FYwKoHYfiuy9m2yM4wbwM5pQyaEP38MBTTZS8RwNKRuQ8mi,25,419259504876,419259504876
9172162,5HTeZ5168DjjGWZgbvzGfysEAj9fnexF24gYFKJHENU5cc8a,FREE,-1,345727681,345727681
9172522,5HTeZ5168DjjGWZgbvzGfysEAj9fnexF24gYFKJHENU5cc8a,5CyQFykVpfa9xgZVGgBsiNUpjbo1EihBTSkPvDC1FZbL1wxG,25,747172129270152,747268632805824
9172522,5HTeZ5168DjjGWZgbvzGfysEAj9fnexF24gYFKJHENU5cc8a,5FYwKoHYfiuy9m2yM4wbwM5pQyaEP38MBTTZS8RwNKRuQ8mi,25,419259504876,419259504876
9172522,5HTeZ5168DjjGWZgbvzGfysEAj9fnexF24gYFKJHENU5cc8a,FREE,-1,345727681,345727681
9172882,5HTeZ5168DjjGWZgbvzGfysEAj9fnexF24gYFKJHENU5cc8a,5CyQFykVpfa9xgZVGgBsiNUpjbo1EihBTSkPvDC1FZbL1wxG,25,747268632805824,747365121992445
9172882,5HTeZ5168DjjGWZgbvzGfysEAj9fnexF24gYFKJHENU5cc8a,5FYwKoHYfiuy9m2yM4wbwM5pQyaEP38MBTTZS8RwNKRuQ8mi,25,419259504876,419259504876
9172882,5HTeZ5168DjjGWZgbvzGfysEAj9fnexF24gYFKJHENU5cc8a,FREE,-1,345727681,345727681
9173242,5HTeZ5168DjjGWZgbvzGfysEAj9fnexF24gYFKJHENU5cc8a,5CyQFykVpfa9xgZVGgBsiNUpjbo1EihBTSkPvDC1FZbL1wxG,25,747365121992445,747461604535118
9173242,5HTeZ5168DjjGWZgbvzGfysEAj9fnexF24gYFKJHENU5cc8a,5FYwKoHYfiuy9m2yM4wbwM5pQyaEP38MBTTZS8RwNKRuQ8mi,25,419259504876,419259504876
9173242,5HTeZ5168DjjGWZgbvzGfysEAj9fnexF24gYFKJHENU5cc8a,FREE,-1,345727681,345727681
9173602,5HTeZ5168DjjGWZgbvzGfysEAj9fnexF24gYFKJHENU5cc8a,5CyQFykVpfa9xgZVGgBsiNUpjbo1EihBTSkPvDC1FZbL1wxG,25,747461604535118,747557990117780
9173602,5HTeZ5168DjjGWZgbvzGfysEAj9fnexF24gYFKJHENU5cc8a,5FYwKoHYfiuy9m2yM4wbwM5pQyaEP38MBTTZS8RwNKRuQ8mi,25,419259504876,419259504876
9173602,5HTeZ5168DjjGWZgbvzGfysEAj9fnexF24gYFKJHENU5cc8a,FREE,-1,345727681,345727681
9173962,5HTeZ5168DjjGWZgbvzGfysEAj9fnexF24gYFKJHENU5cc8a,5CyQFykVpfa9xgZVGgBsiNUpjbo1EihBTSkPvDC1FZbL1wxG,25,747557990117780,747654337266230
9173962,5HTeZ5168DjjGWZgbvzGfysEAj9fnexF24gYFKJHENU5cc8a,5FYwKoHYfiuy9m2yM4wbwM5pQyaEP38MBTTZS8RwNKRuQ8mi,25,419259504876,419259504876
9173962,5HTeZ5168DjjGWZgbvzGfysEAj9fnexF24gYFKJHENU5cc8a,FREE,-1,345727681,345727681
9174322,5HTeZ5168DjjGWZgbvzGfysEAj9fnexF24gYFKJHENU5cc8a,5CyQFykVpfa9xgZVGgBsiNUpjbo1EihBTSkPvDC1FZbL1wxG,25,747654337266230,747750664175520
9174322,5HTeZ5168DjjGWZgbvzGfysEAj9fnexF24gYFKJHENU5cc8a,5FYwKoHYfiuy9m2yM4wbwM5pQyaEP38MBTTZS8RwNKRuQ8mi,25,419259504876,419259504876
9174322,5HTeZ5168DjjGWZgbvzGfysEAj9fnexF24gYFKJHENU5cc8a,FREE,-1,345727681,345727681
9174682,5HTeZ5168DjjGWZgbvzGfysEAj9fnexF24gYFKJHENU5cc8a,5CyQFykVpfa9xgZVGgBsiNUpjbo1EihBTSkPvDC1FZbL1wxG,25,747750664175520,747846980704308
9174682,5HTeZ5168DjjGWZgbvzGfysEAj9fnexF24gYFKJHENU5cc8a,5FYwKoHYfiuy9m2yM4wbwM5pQyaEP38MBTTZS8RwNKRuQ8mi,25,419259504876,419259504876
9174682,5HTeZ5168DjjGWZgbvzGfysEAj9fnexF24gYFKJHENU5cc8a,FREE,-1,345727681,345727681
9175042,5HTeZ5168DjjGWZgbvzGfysEAj9fnexF24gYFKJHENU5cc8a,5CyQFykVpfa9xgZVGgBsiNUpjbo1EihBTSkPvDC1FZbL1wxG,25,747846980704308,747943261427370
9175042,5HTeZ5168DjjGWZgbvzGfysEAj9fnexF24gYFKJHENU5cc8a,5FYwKoHYfiuy9m2yM4wbwM5pQyaEP38MBTTZS8RwNKRuQ8mi,25,419259504876,419259504876
9175042,5HTeZ5168DjjGWZgbvzGfysEAj9fnexF24gYFKJHENU5cc8a,FREE,-1,345727681,345727681
9175402,5HTeZ5168DjjGWZgbvzGfysEAj9fnexF24gYFKJHENU5cc8a,5CyQFykVpfa9xgZVGgBsiNUpjbo1EihBTSkPvDC1FZbL1wxG,25,747943261427370,748039527634823
9175402,5HTeZ5168DjjGWZgbvzGfysEAj9fnexF24gYFKJHENU5cc8a,5FYwKoHYfiuy9m2yM4wbwM5pQyaEP38MBTTZS8RwNKRuQ8mi,25,419259504876,419259504876
9175402,5HTeZ5168DjjGWZgbvzGfysEAj9fnexF24gYFKJHENU5cc8a,FREE,-1,345727681,345727681
9175762,5HTeZ5168DjjGWZgbvzGfysEAj9fnexF24gYFKJHENU5cc8a,5CyQFykVpfa9xgZVGgBsiNUpjbo1EihBTSkPvDC1FZbL1wxG,25,748039527634823,748135783442359
9175762,5HTeZ5168DjjGWZgbvzGfysEAj9fnexF24gYFKJHENU5cc8a,5FYwKoHYfiuy9m2yM4wbwM5pQyaEP38MBTTZS8RwNKRuQ8mi,25,419259504876,419259504876
9175762,5HTeZ5168DjjGWZgbvzGfysEAj9fnexF24gYFKJHENU5cc8a,FREE,-1,345727681,345727681
9176122,5HTeZ5168DjjGWZgbvzGfysEAj9fnexF24gYFKJHENU5cc8a,5CyQFykVpfa9xgZVGgBsiNUpjbo1EihBTSkPvDC1FZbL1wxG,25,748135783442359,748232043275613
9176122,5HTeZ5168DjjGWZgbvzGfysEAj9fnexF24gYFKJHENU5cc8a,5FYwKoHYfiuy9m2yM4wbwM5pQyaEP38MBTTZS8RwNKRuQ8mi,25,419259504876,419259504876
9176122,5HTeZ5168DjjGWZgbvzGfysEAj9fnexF24gYFKJHENU5cc8a,FREE,-1,345727681,345727681
9176482,5HTeZ5168DjjGWZgbvzGfysEAj9fnexF24gYFKJHENU5cc8a,5CyQFykVpfa9xgZVGgBsiNUpjbo1EihBTSkPvDC1FZbL1wxG,25,748232043275613,748328300590126
9176482,5HTeZ5168DjjGWZgbvzGfysEAj9fnexF24gYFKJHENU5cc8a,5FYwKoHYfiuy9m2yM4wbwM5pQyaEP38MBTTZS8RwNKRuQ8mi,25,419259504876,419259504876
9176482,5HTeZ5168DjjGWZgbvzGfysEAj9fnexF24gYFKJHENU5cc8a,FREE,-1,345727681,345727681
9176842,5HTeZ5168DjjGWZgbvzGfysEAj9fnexF24gYFKJHENU5cc8a,5CyQFykVpfa9xgZVGgBsiNUpjbo1EihBTSkPvDC1FZbL1wxG,25,748328300590126,748424565332838
9176842,5HTeZ5168DjjGWZgbvzGfysEAj9fnexF24gYFKJHENU5cc8a,5FYwKoHYfiuy9m2yM4wbwM5pQyaEP38MBTTZS8RwNKRuQ8mi,25,419259504876,419259504876
9176842,5HTeZ5168DjjGWZgbvzGfysEAj9fnexF24gYFKJHENU5cc8a,FREE,-1,345727681,345727681
9177202,5HTeZ5168DjjGWZgbvzGfysEAj9fnexF24gYFKJHENU5cc8a,5CyQFykVpfa9xgZVGgBsiNUpjbo1EihBTSkPvDC1FZbL1wxG,25,748424565332838,748520828821949
9177202,5HTeZ5168DjjGWZgbvzGfysEAj9fnexF24gYFKJHENU5cc8a,5FYwKoHYfiuy9m2yM4wbwM5pQyaEP38MBTTZS8RwNKRuQ8mi,25,419259504876,419259504876
9177202,5HTeZ5168DjjGWZgbvzGfysEAj9fnexF24gYFKJHENU5cc8a,FREE,-1,345727681,345727681
9177562,5HTeZ5168DjjGWZgbvzGfysEAj9fnexF24gYFKJHENU5cc8a,5CyQFykVpfa9xgZVGgBsiNUpjbo1EihBTSkPvDC1FZbL1wxG,25,748520828821950,748617103332799
9177562,5HTeZ5168DjjGWZgbvzGfysEAj9fnexF24gYFKJHENU5cc8a,5FYwKoHYfiuy9m2yM4wbwM5pQyaEP38MBTTZS8RwNKRuQ8mi,25,419259504876,419259504876
9177562,5HTeZ5168DjjGWZgbvzGfysEAj9fnexF24gYFKJHENU5cc8a,FREE,-1,345727681,345727681
9177922,5HTeZ5168DjjGWZgbvzGfysEAj9fnexF24gYFKJHENU5cc8a,5CyQFykVpfa9xgZVGgBsiNUpjbo1EihBTSkPvDC1FZbL1wxG,25,748617103332799,748713361205216
9177922,5HTeZ5168DjjGWZgbvzGfysEAj9fnexF24gYFKJHENU5cc8a,5FYwKoHYfiuy9m2yM4wbwM5pQyaEP38MBTTZS8RwNKRuQ8mi,25,419259504876,419259504876
9177922,5HTeZ5168DjjGWZgbvzGfysEAj9fnexF24gYFKJHENU5cc8a,FREE,-1,345727681,345727681
9178282,5HTeZ5168DjjGWZgbvzGfysEAj9fnexF24gYFKJHENU5cc8a,5CyQFykVpfa9xgZVGgBsiNUpjbo1EihBTSkPvDC1FZbL1wxG,25,748713361205216,748809613848143
9178282,5HTeZ5168DjjGWZgbvzGfysEAj9fnexF24gYFKJHENU5cc8a,5FYwKoHYfiuy9m2yM4wbwM5pQyaEP38MBTTZS8RwNKRuQ8mi,25,419259504876,419259504876
9178282,5HTeZ5168DjjGWZgbvzGfysEAj9fnexF24gYFKJHENU5cc8a,FREE,-1,345727681,345727681
9178642,5HTeZ5168DjjGWZgbvzGfysEAj9fnexF24gYFKJHENU5cc8a,5CyQFykVpfa9xgZVGgBsiNUpjbo1EihBTSkPvDC1FZbL1wxG,25,748809613848143,748905862108706
9178642,5HTeZ5168DjjGWZgbvzGfysEAj9fnexF24gYFKJHENU5cc8a,5FYwKoHYfiuy9m2yM4wbwM5pQyaEP38MBTTZS8RwNKRuQ8mi,25,419259504876,419259504876
9178642,5HTeZ5168DjjGWZgbvzGfysEAj9fnexF24gYFKJHENU5cc8a,FREE,-1,345727681,345727681
9179002,5HTeZ5168DjjGWZgbvzGfysEAj9fnexF24gYFKJHENU5cc8a,5CyQFykVpfa9xgZVGgBsiNUpjbo1EihBTSkPvDC1FZbL1wxG,25,748905862108706,749002106150283
9179002,5HTeZ5168DjjGWZgbvzGfysEAj9fnexF24gYFKJHENU5cc8a,5FYwKoHYfiuy9m2yM4wbwM5pQyaEP38MBTTZS8RwNKRuQ8mi,25,419259504876,419259504876
9179002,5HTeZ5168DjjGWZgbvzGfysEAj9fnexF24gYFKJHENU5cc8a,FREE,-1,345727681,345727681
9179362,5HTeZ5168DjjGWZgbvzGfysEAj9fnexF24gYFKJHENU5cc8a,5CyQFykVpfa9xgZVGgBsiNUpjbo1EihBTSkPvDC1FZbL1wxG,25,749002106150283,749098346583780
9179362,5HTeZ5168DjjGWZgbvzGfysEAj9fnexF24gYFKJHENU5cc8a,5FYwKoHYfiuy9m2yM4wbwM5pQyaEP38MBTTZS8RwNKRuQ8mi,25,419259504876,419259504876
9179362,5HTeZ5168DjjGWZgbvzGfysEAj9fnexF24gYFKJHENU5cc8a,FREE,-1,345727681,345727681
9179722,5HTeZ5168DjjGWZgbvzGfysEAj9fnexF24gYFKJHENU5cc8a,5CyQFykVpfa9xgZVGgBsiNUpjbo1EihBTSkPvDC1FZbL1wxG,25,749098346583780,749194578932899
9179722,5HTeZ5168DjjGWZgbvzGfysEAj9fnexF24gYFKJHENU5cc8a,5FYwKoHYfiuy9m2yM4wbwM5pQyaEP38MBTTZS8RwNKRuQ8mi,25,419259504876,419259504876
9179722,5HTeZ5168DjjGWZgbvzGfysEAj9fnexF24gYFKJHENU5cc8a,FREE,-1,345727681,345727681
9180082,5HTeZ5168DjjGWZgbvzGfysEAj9fnexF24gYFKJHENU5cc8a,5CyQFykVpfa9xgZVGgBsiNUpjbo1EihBTSkPvDC1FZbL1wxG,25,749194578932899,749290806081778
9180082,5HTeZ5168DjjGWZgbvzGfysEAj9fnexF24gYFKJHENU5cc8a,5FYwKoHYfiuy9m2yM4wbwM5pQyaEP38MBTTZS8RwNKRuQ8mi,25,419259504876,419259504876
9180082,5HTeZ5168DjjGWZgbvzGfysEAj9fnexF24gYFKJHENU5cc8a,FREE,-1,345727681,345727681
9180442,5HTeZ5168DjjGWZgbvzGfysEAj9fnexF24gYFKJHENU5cc8a,5CyQFykVpfa9xgZVGgBsiNUpjbo1EihBTSkPvDC1FZbL1wxG,25,749290806081778,749387041345939
9180442,5HTeZ5168DjjGWZgbvzGfysEAj9fnexF24gYFKJHENU5cc8a,5FYwKoHYfiuy9m2yM4wbwM5pQyaEP38MBTTZS8RwNKRuQ8mi,25,419259504876,419259504876
9180442,5HTeZ5168DjjGWZgbvzGfysEAj9fnexF24gYFKJHENU5cc8a,FREE,-1,345727681,345727681
9180802,5HTeZ5168DjjGWZgbvzGfysEAj9fnexF24gYFKJHENU5cc8a,5CyQFykVpfa9xgZVGgBsiNUpjbo1EihBTSkPvDC1FZbL1wxG,25,749387041345939,749483241694477
9180802,5HTeZ5168DjjGWZgbvzGfysEAj9fnexF24gYFKJHENU5cc8a,5FYwKoHYfiuy9m2yM4wbwM5pQyaEP38MBTTZS8RwNKRuQ8mi,25,419259504876,419259504876
9180802,5HTeZ5168DjjGWZgbvzGfysEAj9fnexF24gYFKJHENU5cc8a,FREE,-1,345727681,345727681
9181162,5HTeZ5168DjjGWZgbvzGfysEAj9fnexF24gYFKJHENU5cc8a,5CyQFykVpfa9xgZVGgBsiNUpjbo1EihBTSkPvDC1FZbL1wxG,25,749483241694477,749579447830184
9181162,5HTeZ5168DjjGWZgbvzGfysEAj9fnexF24gYFKJHENU5cc8a,5FYwKoHYfiuy9m2yM4wbwM5pQyaEP38MBTTZS8RwNKRuQ8mi,25,419259504876,419259504876
9181162,5HTeZ5168DjjGWZgbvzGfysEAj9fnexF24gYFKJHENU5cc8a,FREE,-1,345727681,345727681
9181522,5HTeZ5168DjjGWZgbvzGfysEAj9fnexF24gYFKJHENU5cc8a,5CyQFykVpfa9xgZVGgBsiNUpjbo1EihBTSkPvDC1FZbL1wxG,25,749579447830184,749675649713287
9181522,5HTeZ5168DjjGWZgbvzGfysEAj9fnexF24gYFKJHENU5cc8a,5FYwKoHYfiuy9m2yM4wbwM5pQyaEP38MBTTZS8RwNKRuQ8mi,25,419259504876,419259504876
9181522,5HTeZ5168DjjGWZgbvzGfysEAj9fnexF24gYFKJHENU5cc8a,FREE,-1,345727681,345727681
9181882,5HTeZ5168DjjGWZgbvzGfysEAj9fnexF24gYFKJHENU5cc8a,5CyQFykVpfa9xgZVGgBsiNUpjbo1EihBTSkPvDC1FZbL1wxG,25,749675649713287,749771893443243
9181882,5HTeZ5168DjjGWZgbvzGfysEAj9fnexF24gYFKJHENU5cc8a,5FYwKoHYfiuy9m2yM4wbwM5pQyaEP38MBTTZS8RwNKRuQ8mi,25,419259504876,419259504876
9181882,5HTeZ5168DjjGWZgbvzGfysEAj9fnexF24gYFKJHENU5cc8a,FREE,-1,345727681,345727681
9182242,5HTeZ5168DjjGWZgbvzGfysEAj9fnexF24gYFKJHENU5cc8a,5CyQFykVpfa9xgZVGgBsiNUpjbo1EihBTSkPvDC1FZbL1wxG,25,749771893443243,749868165876100
9182242,5HTeZ5168DjjGWZgbvzGfysEAj9fnexF24gYFKJHENU5cc8a,5FYwKoHYfiuy9m2yM4wbwM5pQyaEP38MBTTZS8RwNKRuQ8mi,25,419259504876,419259504876
9182242,5HTeZ5168DjjGWZgbvzGfysEAj9fnexF24gYFKJHENU5cc8a,FREE,-1,345727681,345727681
9182602,5HTeZ5168DjjGWZgbvzGfysEAj9fnexF24gYFKJHENU5cc8a,5CyQFykVpfa9xgZVGgBsiNUpjbo1EihBTSkPvDC1FZbL1wxG,25,749868165876100,749964459541364
9182602,5HTeZ5168DjjGWZgbvzGfysEAj9fnexF24gYFKJHENU5cc8a,5FYwKoHYfiuy9m2yM4wbwM5pQyaEP38MBTTZS8RwNKRuQ8mi,25,419259504876,419259504876
9182602,5HTeZ5168DjjGWZgbvzGfysEAj9fnexF24gYFKJHENU5cc8a,FREE,-1,345727681,345727681
9182962,5HTeZ5168DjjGWZgbvzGfysEAj9fnexF24gYFKJHENU5cc8a,5CyQFykVpfa9xgZVGgBsiNUpjbo1EihBTSkPvDC1FZbL1wxG,25,749964459541364,750060688651601
9182962,5HTeZ5168DjjGWZgbvzGfysEAj9fnexF24gYFKJHENU5cc8a,5FYwKoHYfiuy9m2yM4wbwM5pQyaEP38MBTTZS8RwNKRuQ8mi,25,419259504876,419259504876
9182962,5HTeZ5168DjjGWZgbvzGfysEAj9fnexF24gYFKJHENU5cc8a,FREE,-1,345727681,345727681
9183322,5HTeZ5168DjjGWZgbvzGfysEAj9fnexF24gYFKJHENU5cc8a,5CyQFykVpfa9xgZVGgBsiNUpjbo1EihBTSkPvDC1FZbL1wxG,25,750060688651601,750153975127509
9183322,5HTeZ5168DjjGWZgbvzGfysEAj9fnexF24gYFKJHENU5cc8a,5FYwKoHYfiuy9m2yM4wbwM5pQyaEP38MBTTZS8RwNKRuQ8mi,25,419259504876,419259504876
9183322,5HTeZ5168DjjGWZgbvzGfysEAj9fnexF24gYFKJHENU5cc8a,FREE,-1,345727681,345727681
9183682,5HTeZ5168DjjGWZgbvzGfysEAj9fnexF24gYFKJHENU5cc8a,5CyQFykVpfa9xgZVGgBsiNUpjbo1EihBTSkPvDC1FZbL1wxG,25,750153975127509,750247554299072
9183682,5HTeZ5168DjjGWZgbvzGfysEAj9fnexF24gYFKJHENU5cc8a,5FYwKoHYfiuy9m2yM4wbwM5pQyaEP38MBTTZS8RwNKRuQ8mi,25,419259504876,419259504876
9183682,5HTeZ5168DjjGWZgbvzGfysEAj9fnexF24gYFKJHENU5cc8a,FREE,-1,345727681,345727681
9184042,5HTeZ5168DjjGWZgbvzGfysEAj9fnexF24gYFKJHENU5cc8a,5CyQFykVpfa9xgZVGgBsiNUpjbo1EihBTSkPvDC1FZbL1wxG,25,750247554299072,750341400968915
9184042,5HTeZ5168DjjGWZgbvzGfysEAj9fnexF24gYFKJHENU5cc8a,5FYwKoHYfiuy9m2yM4wbwM5pQyaEP38MBTTZS8RwNKRuQ8mi,25,419259504876,419259504876
9184042,5HTeZ5168DjjGWZgbvzGfysEAj9fnexF24gYFKJHENU5cc8a,FREE,-1,345727681,345727681
9184402,5HTeZ5168DjjGWZgbvzGfysEAj9fnexF24gYFKJHENU5cc8a,5CyQFykVpfa9xgZVGgBsiNUpjbo1EihBTSkPvDC1FZbL1wxG,25,750341400968915,750435484489739
9184402,5HTeZ5168DjjGWZgbvzGfysEAj9fnexF24gYFKJHENU5cc8a,5FYwKoHYfiuy9m2yM4wbwM5pQyaEP38MBTTZS8RwNKRuQ8mi,25,419259504876,419259504876
9184402,5HTeZ5168DjjGWZgbvzGfysEAj9fnexF24gYFKJHENU5cc8a,FREE,-1,345727681,345727681
9184762,5HTeZ5168DjjGWZgbvzGfysEAj9fnexF24gYFKJHENU5cc8a,5CyQFykVpfa9xgZVGgBsiNUpjbo1EihBTSkPvDC1FZbL1wxG,25,750435484489739,750529744366911
9184762,5HTeZ5168DjjGWZgbvzGfysEAj9fnexF24gYFKJHENU5cc8a,5FYwKoHYfiuy9m2yM4wbwM5pQyaEP38MBTTZS8RwNKRuQ8mi,25,419259504876,419259504876
9184762,5HTeZ5168DjjGWZgbvzGfysEAj9fnexF24gYFKJHENU5cc8a,FREE,-1,345727681,345727681
9185122,5HTeZ5168DjjGWZgbvzGfysEAj9fnexF24gYFKJHENU5cc8a,5CyQFykVpfa9xgZVGgBsiNUpjbo1EihBTSkPvDC1FZbL1wxG,25,750529744366911,750624198323804
9185122,5HTeZ5168DjjGWZgbvzGfysEAj9fnexF24gYFKJHENU5cc8a,5FYwKoHYfiuy9m2yM4wbwM5pQyaEP38MBTTZS8RwNKRuQ8mi,25,419259504876,419259504876
9185122,5HTeZ5168DjjGWZgbvzGfysEAj9fnexF24gYFKJHENU5cc8a,FREE,-1,345727681,345727681
9185482,5HTeZ5168DjjGWZgbvzGfysEAj9fnexF24gYFKJHENU5cc8a,5CyQFykVpfa9xgZVGgBsiNUpjbo1EihBTSkPvDC1FZbL1wxG,25,750624198323804,750718825704015
9185482,5HTeZ5168DjjGWZgbvzGfysEAj9fnexF24gYFKJHENU5cc8a,5FYwKoHYfiuy9m2yM4wbwM5pQyaEP38MBTTZS8RwNKRuQ8mi,25,419259504876,419259504876
9185482,5HTeZ5168DjjGWZgbvzGfysEAj9fnexF24gYFKJHENU5cc8a,FREE,-1,345727681,345727681
9185842,5HTeZ5168DjjGWZgbvzGfysEAj9fnexF24gYFKJHENU5cc8a,5CyQFykVpfa9xgZVGgBsiNUpjbo1EihBTSkPvDC1FZbL1wxG,25,750718825704015,750813611102059
9185842,5HTeZ5168DjjGWZgbvzGfysEAj9fnexF24gYFKJHENU5cc8a,5FYwKoHYfiuy9m2yM4wbwM5pQyaEP38MBTTZS8RwNKRuQ8mi,25,419259504876,419259504876
9185842,5HTeZ5168DjjGWZgbvzGfysEAj9fnexF24gYFKJHENU5cc8a,FREE,-1,345727681,345727681
9186202,5HTeZ5168DjjGWZgbvzGfysEAj9fnexF24gYFKJHENU5cc8a,5CyQFykVpfa9xgZVGgBsiNUpjbo1EihBTSkPvDC1FZbL1wxG,25,750813611102059,750908542171254
9186202,5HTeZ5168DjjGWZgbvzGfysEAj9fnexF24gYFKJHENU5cc8a,5FYwKoHYfiuy9m2yM4wbwM5pQyaEP38MBTTZS8RwNKRuQ8mi,25,419259504876,419259504876
9186202,5HTeZ5168DjjGWZgbvzGfysEAj9fnexF24gYFKJHENU5cc8a,FREE,-1,345727681,345727681
9186562,5HTeZ5168DjjGWZgbvzGfysEAj9fnexF24gYFKJHENU5cc8a,5CyQFykVpfa9xgZVGgBsiNUpjbo1EihBTSkPvDC1FZbL1wxG,25,750908542171254,751003604871616
9186562,5HTeZ5168DjjGWZgbvzGfysEAj9fnexF24gYFKJHENU5cc8a,5FYwKoHYfiuy9m2yM4wbwM5pQyaEP38MBTTZS8RwNKRuQ8mi,25,419259504876,419259504876
9186562,5HTeZ5168DjjGWZgbvzGfysEAj9fnexF24gYFKJHENU5cc8a,FREE,-1,345727681,345727681
9186922,5HTeZ5168DjjGWZgbvzGfysEAj9fnexF24gYFKJHENU5cc8a,5CyQFykVpfa9xgZVGgBsiNUpjbo1EihBTSkPvDC1FZbL1wxG,25,751003604871616,751098785702340
9186922,5HTeZ5168DjjGWZgbvzGfysEAj9fnexF24gYFKJHENU5cc8a,5FYwKoHYfiuy9m2yM4wbwM5pQyaEP38MBTTZS8RwNKRuQ8mi,25,419259504876,419259504876
9186922,5HTeZ5168DjjGWZgbvzGfysEAj9fnexF24gYFKJHENU5cc8a,FREE,-1,345727681,345727681
9187282,5HTeZ5168DjjGWZgbvzGfysEAj9fnexF24gYFKJHENU5cc8a,5CyQFykVpfa9xgZVGgBsiNUpjbo1EihBTSkPvDC1FZbL1wxG,25,751098785702341,751194100481543
9187282,5HTeZ5168DjjGWZgbvzGfysEAj9fnexF24gYFKJHENU5cc8a,5FYwKoHYfiuy9m2yM4wbwM5pQyaEP38MBTTZS8RwNKRuQ8mi,25,419259504876,419259504876
9187282,5HTeZ5168DjjGWZgbvzGfysEAj9fnexF24gYFKJHENU5cc8a,FREE,-1,345727681,345727681
9187642,5HTeZ5168DjjGWZgbvzGfysEAj9fnexF24gYFKJHENU5cc8a,5CyQFykVpfa9xgZVGgBsiNUpjbo1EihBTSkPvDC1FZbL1wxG,25,751194100481543,751289486598809
9187642,5HTeZ5168DjjGWZgbvzGfysEAj9fnexF24gYFKJHENU5cc8a,5FYwKoHYfiuy9m2yM4wbwM5pQyaEP38MBTTZS8RwNKRuQ8mi,25,419259504876,419259504876
9187642,5HTeZ5168DjjGWZgbvzGfysEAj9fnexF24gYFKJHENU5cc8a,FREE,-1,345727681,345727681
9188002,5HTeZ5168DjjGWZgbvzGfysEAj9fnexF24gYFKJHENU5cc8a,5CyQFykVpfa9xgZVGgBsiNUpjbo1EihBTSkPvDC1FZbL1wxG,25,751289486598809,751384958229308
9188002,5HTeZ5168DjjGWZgbvzGfysEAj9fnexF24gYFKJHENU5cc8a,5FYwKoHYfiuy9m2yM4wbwM5pQyaEP38MBTTZS8RwNKRuQ8mi,25,419259504876,419259504876
9188002,5HTeZ5168DjjGWZgbvzGfysEAj9fnexF24gYFKJHENU5cc8a,FREE,-1,345727681,345727681
9188362,5HTeZ5168DjjGWZgbvzGfysEAj9fnexF24gYFKJHENU5cc8a,5CyQFykVpfa9xgZVGgBsiNUpjbo1EihBTSkPvDC1FZbL1wxG,25,751384958229308,751480504421289
9188362,5HTeZ5168DjjGWZgbvzGfysEAj9fnexF24gYFKJHENU5cc8a,5FYwKoHYfiuy9m2yM4wbwM5pQyaEP38MBTTZS8RwNKRuQ8mi,25,419259504876,419259504876
9188362,5HTeZ5168DjjGWZgbvzGfysEAj9fnexF24gYFKJHENU5cc8a,FREE,-1,345727681,345727681
9188722,5HTeZ5168DjjGWZgbvzGfysEAj9fnexF24gYFKJHENU5cc8a,5CyQFykVpfa9xgZVGgBsiNUpjbo1EihBTSkPvDC1FZbL1wxG,25,751480504421289,751576146207027
9188722,5HTeZ5168DjjGWZgbvzGfysEAj9fnexF24gYFKJHENU5cc8a,5FYwKoHYfiuy9m2yM4wbwM5pQyaEP38MBTTZS8RwNKRuQ8mi,25,419259504876,419259504876
9188722,5HTeZ5168DjjGWZgbvzGfysEAj9fnexF24gYFKJHENU5cc8a,FREE,-1,345727681,345727681
9189082,5HTeZ5168DjjGWZgbvzGfysEAj9fnexF24gYFKJHENU5cc8a,5CyQFykVpfa9xgZVGgBsiNUpjbo1EihBTSkPvDC1FZbL1wxG,25,751576146207027,751671861583038
9189082,5HTeZ5168DjjGWZgbvzGfysEAj9fnexF24gYFKJHENU5cc8a,5FYwKoHYfiuy9m2yM4wbwM5pQyaEP38MBTTZS8RwNKRuQ8mi,25,419259504876,419259504876
9189082,5HTeZ5168DjjGWZgbvzGfysEAj9fnexF24gYFKJHENU5cc8a,FREE,-1,345727681,345727681
9189442,5HTeZ5168DjjGWZgbvzGfysEAj9fnexF24gYFKJHENU5cc8a,5CyQFykVpfa9xgZVGgBsiNUpjbo1EihBTSkPvDC1FZbL1wxG,25,751671861583038,751767633968981
9189442,5HTeZ5168DjjGWZgbvzGfysEAj9fnexF24gYFKJHENU5cc8a,5FYwKoHYfiuy9m2yM4wbwM5pQyaEP38MBTTZS8RwNKRuQ8mi,25,419259504876,419259504876
9189442,5HTeZ5168DjjGWZgbvzGfysEAj9fnexF24gYFKJHENU5cc8a,FREE,-1,345727681,345727681
9189802,5HTeZ5168DjjGWZgbvzGfysEAj9fnexF24gYFKJHENU5cc8a,5CyQFykVpfa9xgZVGgBsiNUpjbo1EihBTSkPvDC1FZbL1wxG,25,751767633968981,751863465709509
9189802,5HTeZ5168DjjGWZgbvzGfysEAj9fnexF24gYFKJHENU5cc8a,5FYwKoHYfiuy9m2yM4wbwM5pQyaEP38MBTTZS8RwNKRuQ8mi,25,419259504876,419259504876
9189802,5HTeZ5168DjjGWZgbvzGfysEAj9fnexF24gYFKJHENU5cc8a,FREE,-1,345727681,345727681
9190162,5HTeZ5168DjjGWZgbvzGfysEAj9fnexF24gYFKJHENU5cc8a,5CyQFykVpfa9xgZVGgBsiNUpjbo1EihBTSkPvDC1FZbL1wxG,25,751863465709509,751959349457015
9190162,5HTeZ5168DjjGWZgbvzGfysEAj9fnexF24gYFKJHENU5cc8a,5FYwKoHYfiuy9m2yM4wbwM5pQyaEP38MBTTZS8RwNKRuQ8mi,25,419259504876,419259504876
9190162,5HTeZ5168DjjGWZgbvzGfysEAj9fnexF24gYFKJHENU5cc8a,FREE,-1,345727681,345727681
9190522,5HTeZ5168DjjGWZgbvzGfysEAj9fnexF24gYFKJHENU5cc8a,5CyQFykVpfa9xgZVGgBsiNUpjbo1EihBTSkPvDC1FZbL1wxG,25,751959349457015,752055291533309
9190522,5HTeZ5168DjjGWZgbvzGfysEAj9fnexF24gYFKJHENU5cc8a,5FYwKoHYfiuy9m2yM4wbwM5pQyaEP38MBTTZS8RwNKRuQ8mi,25,419259504876,419259504876
9190522,5HTeZ5168DjjGWZgbvzGfysEAj9fnexF24gYFKJHENU5cc8a,FREE,-1,345727681,345727681
9190882,5HTeZ5168DjjGWZgbvzGfysEAj9fnexF24gYFKJHENU5cc8a,5CyQFykVpfa9xgZVGgBsiNUpjbo1EihBTSkPvDC1FZbL1wxG,25,752055291533309,752151290905736
9190882,5HTeZ5168DjjGWZgbvzGfysEAj9fnexF24gYFKJHENU5cc8a,5FYwKoHYfiuy9m2yM4wbwM5pQyaEP38MBTTZS8RwNKRuQ8mi,25,419259504876,419259504876
9190882,5HTeZ5168DjjGWZgbvzGfysEAj9fnexF24gYFKJHENU5cc8a,FREE,-1,345727681,345727681
9191242,5HTeZ5168DjjGWZgbvzGfysEAj9fnexF24gYFKJHENU5cc8a,5CyQFykVpfa9xgZVGgBsiNUpjbo1EihBTSkPvDC1FZbL1wxG,25,752151290905736,752247315060510
9191242,5HTeZ5168DjjGWZgbvzGfysEAj9fnexF24gYFKJHENU5cc8a,5FYwKoHYfiuy9m2yM4wbwM5pQyaEP38MBTTZS8RwNKRuQ8mi,25,419259504876,419259504876
9191242,5HTeZ5168DjjGWZgbvzGfysEAj9fnexF24gYFKJHENU5cc8a,FREE,-1,345727681,345727681
9191602,5HTeZ5168DjjGWZgbvzGfysEAj9fnexF24gYFKJHENU5cc8a,5CyQFykVpfa9xgZVGgBsiNUpjbo1EihBTSkPvDC1FZbL1wxG,25,752247315060510,752343375507281
9191602,5HTeZ5168DjjGWZgbvzGfysEAj9fnexF24gYFKJHENU5cc8a,5FYwKoHYfiuy9m2yM4wbwM5pQyaEP38MBTTZS8RwNKRuQ8mi,25,419259504876,419259504876
9191602,5HTeZ5168DjjGWZgbvzGfysEAj9fnexF24gYFKJHENU5cc8a,FREE,-1,345727681,345727681
9191962,5HTeZ5168DjjGWZgbvzGfysEAj9fnexF24gYFKJHENU5cc8a,5CyQFykVpfa9xgZVGgBsiNUpjbo1EihBTSkPvDC1FZbL1wxG,25,752343375507281,752439467721421
9191962,5HTeZ5168DjjGWZgbvzGfysEAj9fnexF24gYFKJHENU5cc8a,5FYwKoHYfiuy9m2yM4wbwM5pQyaEP38MBTTZS8RwNKRuQ8mi,25,419259504876,419259504876
9191962,5HTeZ5168DjjGWZgbvzGfysEAj9fnexF24gYFKJHENU5cc8a,FREE,-1,345727681,345727681
9192322,5HTeZ5168DjjGWZgbvzGfysEAj9fnexF24gYFKJHENU5cc8a,5CyQFykVpfa9xgZVGgBsiNUpjbo1EihBTSkPvDC1FZbL1wxG,25,752439467721421,752535591719414
9192322,5HTeZ5168DjjGWZgbvzGfysEAj9fnexF24gYFKJHENU5cc8a,5FYwKoHYfiuy9m2yM4wbwM5pQyaEP38MBTTZS8RwNKRuQ8mi,25,419259504876,419259504876
9192322,5HTeZ5168DjjGWZgbvzGfysEAj9fnexF24gYFKJHENU5cc8a,FREE,-1,345727681,345727681
9192682,5HTeZ5168DjjGWZgbvzGfysEAj9fnexF24gYFKJHENU5cc8a,5CyQFykVpfa9xgZVGgBsiNUpjbo1EihBTSkPvDC1FZbL1wxG,25,752535591719414,752631744999511
9192682,5HTeZ5168DjjGWZgbvzGfysEAj9fnexF24gYFKJHENU5cc8a,5FYwKoHYfiuy9m2yM4wbwM5pQyaEP38MBTTZS8RwNKRuQ8mi,25,419259504876,419259504876
9192682,5HTeZ5168DjjGWZgbvzGfysEAj9fnexF24gYFKJHENU5cc8a,FREE,-1,345727681,345727681
9193042,5HTeZ5168DjjGWZgbvzGfysEAj9fnexF24gYFKJHENU5cc8a,5CyQFykVpfa9xgZVGgBsiNUpjbo1EihBTSkPvDC1FZbL1wxG,25,752631744999511,752727923525044
9193042,5HTeZ5168DjjGWZgbvzGfysEAj9fnexF24gYFKJHENU5cc8a,5FYwKoHYfiuy9m2yM4wbwM5pQyaEP38MBTTZS8RwNKRuQ8mi,25,419259504876,419259504876
9193042,5HTeZ5168DjjGWZgbvzGfysEAj9fnexF24gYFKJHENU5cc8a,FREE,-1,345727681,345727681
9193402,5HTeZ5168DjjGWZgbvzGfysEAj9fnexF24gYFKJHENU5cc8a,5CyQFykVpfa9xgZVGgBsiNUpjbo1EihBTSkPvDC1FZbL1wxG,25,752727923525044,752824125745699
9193402,5HTeZ5168DjjGWZgbvzGfysEAj9fnexF24gYFKJHENU5cc8a,5FYwKoHYfiuy9m2yM4wbwM5pQyaEP38MBTTZS8RwNKRuQ8mi,25,419259504876,419259504876
9193402,5HTeZ5168DjjGWZgbvzGfysEAj9fnexF24gYFKJHENU5cc8a,FREE,-1,345727681,345727681
9193762,5HTeZ5168DjjGWZgbvzGfysEAj9fnexF24gYFKJHENU5cc8a,5CyQFykVpfa9xgZVGgBsiNUpjbo1EihBTSkPvDC1FZbL1wxG,25,752824125745699,752920347663636
9193762,5HTeZ5168DjjGWZgbvzGfysEAj9fnexF24gYFKJHENU5cc8a,5FYwKoHYfiuy9m2yM4wbwM5pQyaEP38MBTTZS8RwNKRuQ8mi,25,419259504876,419259504876
9193762,5HTeZ5168DjjGWZgbvzGfysEAj9fnexF24gYFKJHENU5cc8a,FREE,-1,345727681,345727681
9194122,5HTeZ5168DjjGWZgbvzGfysEAj9fnexF24gYFKJHENU5cc8a,5CyQFykVpfa9xgZVGgBsiNUpjbo1EihBTSkPvDC1FZbL1wxG,25,752920347663636,753016588559217
9194122,5HTeZ5168DjjGWZgbvzGfysEAj9fnexF24gYFKJHENU5cc8a,5FYwKoHYfiuy9m2yM4wbwM5pQyaEP38MBTTZS8RwNKRuQ8mi,25,419259504876,419259504876
9194122,5HTeZ5168DjjGWZgbvzGfysEAj9fnexF24gYFKJHENU5cc8a,FREE,-1,345727681,345727681
9194482,5HTeZ5168DjjGWZgbvzGfysEAj9fnexF24gYFKJHENU5cc8a,5CyQFykVpfa9xgZVGgBsiNUpjbo1EihBTSkPvDC1FZbL1wxG,25,753016588559217,753112846574416
9194482,5HTeZ5168DjjGWZgbvzGfysEAj9fnexF24gYFKJHENU5cc8a,5FYwKoHYfiuy9m2yM4wbwM5pQyaEP38MBTTZS8RwNKRuQ8mi,25,419259504876,419259504876
9194482,5HTeZ5168DjjGWZgbvzGfysEAj9fnexF24gYFKJHENU5cc8a,FREE,-1,345727681,345727681
9194842,5HTeZ5168DjjGWZgbvzGfysEAj9fnexF24gYFKJHENU5cc8a,5CyQFykVpfa9xgZVGgBsiNUpjbo1EihBTSkPvDC1FZbL1wxG,25,753112846574416,753209120255107
9194842,5HTeZ5168DjjGWZgbvzGfysEAj9fnexF24gYFKJHENU5cc8a,5FYwKoHYfiuy9m2yM4wbwM5pQyaEP38MBTTZS8RwNKRuQ8mi,25,419259504876,419259504876
9194842,5HTeZ5168DjjGWZgbvzGfysEAj9fnexF24gYFKJHENU5cc8a,FREE,-1,345727681,345727681
9195202,5HTeZ5168DjjGWZgbvzGfysEAj9fnexF24gYFKJHENU5cc8a,5CyQFykVpfa9xgZVGgBsiNUpjbo1EihBTSkPvDC1FZbL1wxG,25,753209120255107,753305408418393
9195202,5HTeZ5168DjjGWZgbvzGfysEAj9fnexF24gYFKJHENU5cc8a,5FYwKoHYfiuy9m2yM4wbwM5pQyaEP38MBTTZS8RwNKRuQ8mi,25,419259504876,419259504876
9195202,5HTeZ5168DjjGWZgbvzGfysEAj9fnexF24gYFKJHENU5cc8a,FREE,-1,345727681,345727681
9195562,5HTeZ5168DjjGWZgbvzGfysEAj9fnexF24gYFKJHENU5cc8a,5CyQFykVpfa9xgZVGgBsiNUpjbo1EihBTSkPvDC1FZbL1wxG,25,753305408418393,753401705825315
9195562,5HTeZ5168DjjGWZgbvzGfysEAj9fnexF24gYFKJHENU5cc8a,5FYwKoHYfiuy9m2yM4wbwM5pQyaEP38MBTTZS8RwNKRuQ8mi,25,419259504876,419259504876
9195562,5HTeZ5168DjjGWZgbvzGfysEAj9fnexF24gYFKJHENU5cc8a,FREE,-1,345727681,345727681
9195922,5HTeZ5168DjjGWZgbvzGfysEAj9fnexF24gYFKJHENU5cc8a,5CyQFykVpfa9xgZVGgBsiNUpjbo1EihBTSkPvDC1FZbL1wxG,25,753401705825315,753498019899139
9195922,5HTeZ5168DjjGWZgbvzGfysEAj9fnexF24gYFKJHENU5cc8a,5FYwKoHYfiuy9m2yM4wbwM5pQyaEP38MBTTZS8RwNKRuQ8mi,25,419259504876,419259504876
9195922,5HTeZ5168DjjGWZgbvzGfysEAj9fnexF24gYFKJHENU5cc8a,FREE,-1,345727681,345727681
9196282,5HTeZ5168DjjGWZgbvzGfysEAj9fnexF24gYFKJHENU5cc8a,5CyQFykVpfa9xgZVGgBsiNUpjbo1EihBTSkPvDC1FZbL1wxG,25,753498019899139,753594348880594
9196282,5HTeZ5168DjjGWZgbvzGfysEAj9fnexF24gYFKJHENU5cc8a,5FYwKoHYfiuy9m2yM4wbwM5pQyaEP38MBTTZS8RwNKRuQ8mi,25,419259504876,419259504876
9196282,5HTeZ5168DjjGWZgbvzGfysEAj9fnexF24gYFKJHENU5cc8a,FREE,-1,345727681,345727681
9196642,5HTeZ5168DjjGWZgbvzGfysEAj9fnexF24gYFKJHENU5cc8a,5CyQFykVpfa9xgZVGgBsiNUpjbo1EihBTSkPvDC1FZbL1wxG,25,753594348880594,753690688049884
9196642,5HTeZ5168DjjGWZgbvzGfysEAj9fnexF24gYFKJHENU5cc8a,5FYwKoHYfiuy9m2yM4wbwM5pQyaEP38MBTTZS8RwNKRuQ8mi,25,419259504876,419259504876
9196642,5HTeZ5168DjjGWZgbvzGfysEAj9fnexF24gYFKJHENU5cc8a,FREE,-1,345727681,345727681
9197002,5HTeZ5168DjjGWZgbvzGfysEAj9fnexF24gYFKJHENU5cc8a,5CyQFykVpfa9xgZVGgBsiNUpjbo1EihBTSkPvDC1FZbL1wxG,25,753690688049884,753787040166811
9197002,5HTeZ5168DjjGWZgbvzGfysEAj9fnexF24gYFKJHENU5cc8a,5FYwKoHYfiuy9m2yM4wbwM5pQyaEP38MBTTZS8RwNKRuQ8mi,25,419259504876,419259504876
9197002,5HTeZ5168DjjGWZgbvzGfysEAj9fnexF24gYFKJHENU5cc8a,FREE,-1,345727681,345727681
9197362,5HTeZ5168DjjGWZgbvzGfysEAj9fnexF24gYFKJHENU5cc8a,5CyQFykVpfa9xgZVGgBsiNUpjbo1EihBTSkPvDC1FZbL1wxG,25,753787040166811,753883404086844
9197362,5HTeZ5168DjjGWZgbvzGfysEAj9fnexF24gYFKJHENU5cc8a,5FYwKoHYfiuy9m2yM4wbwM5pQyaEP38MBTTZS8RwNKRuQ8mi,25,419259504876,419259504876
9197362,5HTeZ5168DjjGWZgbvzGfysEAj9fnexF24gYFKJHENU5cc8a,FREE,-1,345727681,345727681
9197722,5HTeZ5168DjjGWZgbvzGfysEAj9fnexF24gYFKJHENU5cc8a,5CyQFykVpfa9xgZVGgBsiNUpjbo1EihBTSkPvDC1FZbL1wxG,25,753883404086844,753979776247529
9197722,5HTeZ5168DjjGWZgbvzGfysEAj9fnexF24gYFKJHENU5cc8a,5FYwKoHYfiuy9m2yM4wbwM5pQyaEP38MBTTZS8RwNKRuQ8mi,25,419259504876,419259504876
9197722,5HTeZ5168DjjGWZgbvzGfysEAj9fnexF24gYFKJHENU5cc8a,FREE,-1,345727681,345727681
9198082,5HTeZ5168DjjGWZgbvzGfysEAj9fnexF24gYFKJHENU5cc8a,5CyQFykVpfa9xgZVGgBsiNUpjbo1EihBTSkPvDC1FZbL1wxG,25,753979776247529,754076156909566
9198082,5HTeZ5168DjjGWZgbvzGfysEAj9fnexF24gYFKJHENU5cc8a,5FYwKoHYfiuy9m2yM4wbwM5pQyaEP38MBTTZS8RwNKRuQ8mi,25,419259504876,419259504876
9198082,5HTeZ5168DjjGWZgbvzGfysEAj9fnexF24gYFKJHENU5cc8a,FREE,-1,345727681,345727681
9198442,5HTeZ5168DjjGWZgbvzGfysEAj9fnexF24gYFKJHENU5cc8a,5CyQFykVpfa9xgZVGgBsiNUpjbo1EihBTSkPvDC1FZbL1wxG,25,754076156909566,754172550230658
9198442,5HTeZ5168DjjGWZgbvzGfysEAj9fnexF24gYFKJHENU5cc8a,5FYwKoHYfiuy9m2yM4wbwM5pQyaEP38MBTTZS8RwNKRuQ8mi,25,419259504876,419259504876
9198442,5HTeZ5168DjjGWZgbvzGfysEAj9fnexF24gYFKJHENU5cc8a,FREE,-1,345727681,345727681
9198802,5HTeZ5168DjjGWZgbvzGfysEAj9fnexF24gYFKJHENU5cc8a,5CyQFykVpfa9xgZVGgBsiNUpjbo1EihBTSkPvDC1FZbL1wxG,25,754172550230658,754268951980180
9198802,5HTeZ5168DjjGWZgbvzGfysEAj9fnexF24gYFKJHENU5cc8a,5FYwKoHYfiuy9m2yM4wbwM5pQyaEP38MBTTZS8RwNKRuQ8mi,25,419259504876,419259504876
9198802,5HTeZ5168DjjGWZgbvzGfysEAj9fnexF24gYFKJHENU5cc8a,FREE,-1,345727681,345727681
9199162,5HTeZ5168DjjGWZgbvzGfysEAj9fnexF24gYFKJHENU5cc8a,5CyQFykVpfa9xgZVGgBsiNUpjbo1EihBTSkPvDC1FZbL1wxG,25,754268951980180,754365358429557
9199162,5HTeZ5168DjjGWZgbvzGfysEAj9fnexF24gYFKJHENU5cc8a,5FYwKoHYfiuy9m2yM4wbwM5pQyaEP38MBTTZS8RwNKRuQ8mi,25,419259504876,419259504876
9199162,5HTeZ5168DjjGWZgbvzGfysEAj9fnexF24gYFKJHENU5cc8a,FREE,-1,345727681,345727681
9199522,5HTeZ5168DjjGWZgbvzGfysEAj9fnexF24gYFKJHENU5cc8a,5CyQFykVpfa9xgZVGgBsiNUpjbo1EihBTSkPvDC1FZbL1wxG,25,754365358429557,754461748570584
9199522,5HTeZ5168DjjGWZgbvzGfysEAj9fnexF24gYFKJHENU5cc8a,5FYwKoHYfiuy9m2yM4wbwM5pQyaEP38MBTTZS8RwNKRuQ8mi,25,419259504876,419259504876
9199522,5HTeZ5168DjjGWZgbvzGfysEAj9fnexF24gYFKJHENU5cc8a,FREE,-1,345727681,345727681
9199882,5HTeZ5168DjjGWZgbvzGfysEAj9fnexF24gYFKJHENU5cc8a,5CyQFykVpfa9xgZVGgBsiNUpjbo1EihBTSkPvDC1FZbL1wxG,25,754461748570584,754558139034270
9199882,5HTeZ5168DjjGWZgbvzGfysEAj9fnexF24gYFKJHENU5cc8a,5FYwKoHYfiuy9m2yM4wbwM5pQyaEP38MBTTZS8RwNKRuQ8mi,25,419259504876,419259504876
9199882,5HTeZ5168DjjGWZgbvzGfysEAj9fnexF24gYFKJHENU5cc8a,FREE,-1,345727681,345727681
9200242,5HTeZ5168DjjGWZgbvzGfysEAj9fnexF24gYFKJHENU5cc8a,5CyQFykVpfa9xgZVGgBsiNUpjbo1EihBTSkPvDC1FZbL1wxG,25,754558139034270,754654530635342
9200242,5HTeZ5168DjjGWZgbvzGfysEAj9fnexF24gYFKJHENU5cc8a,5FYwKoHYfiuy9m2yM4wbwM5pQyaEP38MBTTZS8RwNKRuQ8mi,25,419259504876,419259504876
9200242,5HTeZ5168DjjGWZgbvzGfysEAj9fnexF24gYFKJHENU5cc8a,FREE,-1,345727681,345727681
9200602,5HTeZ5168DjjGWZgbvzGfysEAj9fnexF24gYFKJHENU5cc8a,5CyQFykVpfa9xgZVGgBsiNUpjbo1EihBTSkPvDC1FZbL1wxG,25,754654530635342,754750923306003
9200602,5HTeZ5168DjjGWZgbvzGfysEAj9fnexF24gYFKJHENU5cc8a,5FYwKoHYfiuy9m2yM4wbwM5pQyaEP38MBTTZS8RwNKRuQ8mi,25,419259504876,419259504876
9200602,5HTeZ5168DjjGWZgbvzGfysEAj9fnexF24gYFKJHENU5cc8a,FREE,-1,345727681,345727681
9200962,5HTeZ5168DjjGWZgbvzGfysEAj9fnexF24gYFKJHENU5cc8a,5CyQFykVpfa9xgZVGgBsiNUpjbo1EihBTSkPvDC1FZbL1wxG,25,754750923306003,754847317176703
9200962,5HTeZ5168DjjGWZgbvzGfysEAj9fnexF24gYFKJHENU5cc8a,5FYwKoHYfiuy9m2yM4wbwM5pQyaEP38MBTTZS8RwNKRuQ8mi,25,419259504876,419259504876
9200962,5HTeZ5168DjjGWZgbvzGfysEAj9fnexF24gYFKJHENU5cc8a,FREE,-1,345727681,345727681
9201322,5HTeZ5168DjjGWZgbvzGfysEAj9fnexF24gYFKJHENU5cc8a,5CyQFykVpfa9xgZVGgBsiNUpjbo1EihBTSkPvDC1FZbL1wxG,25,754847317176703,754943712325517
9201322,5HTeZ5168DjjGWZgbvzGfysEAj9fnexF24gYFKJHENU5cc8a,5FYwKoHYfiuy9m2yM4wbwM5pQyaEP38MBTTZS8RwNKRuQ8mi,25,419259504876,419259504876
9201322,5HTeZ5168DjjGWZgbvzGfysEAj9fnexF24gYFKJHENU5cc8a,FREE,-1,345727681,345727681
9201682,5HTeZ5168DjjGWZgbvzGfysEAj9fnexF24gYFKJHENU5cc8a,5CyQFykVpfa9xgZVGgBsiNUpjbo1EihBTSkPvDC1FZbL1wxG,25,754943712325517,755040108909275
9201682,5HTeZ5168DjjGWZgbvzGfysEAj9fnexF24gYFKJHENU5cc8a,5FYwKoHYfiuy9m2yM4wbwM5pQyaEP38MBTTZS8RwNKRuQ8mi,25,419259504876,419259504876
9201682,5HTeZ5168DjjGWZgbvzGfysEAj9fnexF24gYFKJHENU5cc8a,FREE,-1,345727681,345727681
9202042,5HTeZ5168DjjGWZgbvzGfysEAj9fnexF24gYFKJHENU5cc8a,5CyQFykVpfa9xgZVGgBsiNUpjbo1EihBTSkPvDC1FZbL1wxG,25,755040108909275,755136506462339
9202042,5HTeZ5168DjjGWZgbvzGfysEAj9fnexF24gYFKJHENU5cc8a,5FYwKoHYfiuy9m2yM4wbwM5pQyaEP38MBTTZS8RwNKRuQ8mi,25,419259504876,419259504876
9202042,5HTeZ5168DjjGWZgbvzGfysEAj9fnexF24gYFKJHENU5cc8a,FREE,-1,345727681,345727681
9202402,5HTeZ5168DjjGWZgbvzGfysEAj9fnexF24gYFKJHENU5cc8a,5CyQFykVpfa9xgZVGgBsiNUpjbo1EihBTSkPvDC1FZbL1wxG,25,755136506462339,755232905950579
9202402,5HTeZ5168DjjGWZgbvzGfysEAj9fnexF24gYFKJHENU5cc8a,5FYwKoHYfiuy9m2yM4wbwM5pQyaEP38MBTTZS8RwNKRuQ8mi,25,419259504876,419259504876
9202402,5HTeZ5168DjjGWZgbvzGfysEAj9fnexF24gYFKJHENU5cc8a,FREE,-1,345727681,345727681
9202762,5HTeZ5168DjjGWZgbvzGfysEAj9fnexF24gYFKJHENU5cc8a,5CyQFykVpfa9xgZVGgBsiNUpjbo1EihBTSkPvDC1FZbL1wxG,25,755232905950579,755329307079981
9202762,5HTeZ5168DjjGWZgbvzGfysEAj9fnexF24gYFKJHENU5cc8a,5FYwKoHYfiuy9m2yM4wbwM5pQyaEP38MBTTZS8RwNKRuQ8mi,25,419259504876,419259504876
9202762,5HTeZ5168DjjGWZgbvzGfysEAj9fnexF24gYFKJHENU5cc8a,FREE,-1,345727681,345727681
