epoch_block,ts,owner_cut_paid_rao,pending_owner_cut_prev_rao,subnet_owner,subnet_owner_hotkey
9015202,1788779828289,64798351920,64618356498,5HTeZ5168DjjGWZgbvzGfysEAj9fnexF24gYFKJHENU5cc8a,5F6aRdsBHajN2NhZHBTB6ibBFu7YuZZEWruWzB8x6B6GiZ4D
9015562,1788784158172,64798351920,64618356498,5HTeZ5168DjjGWZgbvzGfysEAj9fnexF24gYFKJHENU5cc8a,5F6aRdsBHajN2NhZHBTB6ibBFu7YuZZEWruWzB8x6B6GiZ4D
9015922,1788788488054,64798351920,64618356498,5HTeZ5168DjjGWZgbvzGfysEAj9fnexF24gYFKJHENU5cc8a,5F6aRdsBHajN2NhZHBTB6ibBFu7YuZZEWruWzB8x6B6GiZ4D
9016282,1788792817936,64798351920,64618356498,5HTeZ5168DjjGWZgbvzGfysEAj9fnexF24gYFKJHENU5cc8a,5F6aRdsBHajN2NhZHBTB6ibBFu7YuZZEWruWzB8x6B6GiZ4D
9016642,1788797147818,64798351920,64618356498,5HTeZ5168DjjGWZgbvzGfysEAj9fnexF24gYFKJHENU5cc8a,5F6aRdsBHajN2NhZHBTB6ibBFu7YuZZEWruWzB8x6B6GiZ4D
9017002,1788801477700,64798351920,64618356498,5HTeZ5168DjjGWZgbvzGfysEAj9fnexF24gYFKJHENU5cc8a,5F6aRdsBHajN2NhZHBTB6ibBFu7YuZZEWruWzB8x6B6GiZ4D
9017362,1788805807582,64798351920,64618356498,5HTeZ5168DjjGWZgbvzGfysEAj9fnexF24gYFKJHENU5cc8a,5F6aRdsBHajN2NhZHBTB6ibBFu7YuZZEWruWzB8x6B6GiZ4D
9017722,1788810137464,64798351920,64618356498,5HTeZ5168DjjGWZgbvzGfysEAj9fnexF24gYFKJHENU5cc8a,5F6aRdsBHajN2NhZHBTB6ibBFu7YuZZEWruWzB8x6B6GiZ4D
9018082,1788814467346,64798351920,64618356498,5HTeZ5168DjjGWZgbvzGfysEAj9fnexF24gYFKJHENU5cc8a,5F6aRdsBHajN2NhZHBTB6ibBFu7YuZZEWruWzB8x6B6GiZ4D
9018442,1788818797228,64798351920,64618356498,5HTeZ5168DjjGWZgbvzGfysEAj9fnexF24gYFKJHENU5cc8a,5F6aRdsBHajN2NhZHBTB6ibBFu7YuZZEWruWzB8x6B6GiZ4D
9018802,1788823127110,64798351920,64618356498,5HTeZ5168DjjGWZgbvzGfysEAj9fnexF24gYFKJHENU5cc8a,5F6aRdsBHajN2NhZHBTB6ibBFu7YuZZEWruWzB8x6B6GiZ4D
9019162,1788827456992,64798351920,64618356498,5HTeZ5168DjjGWZgbvzGfysEAj9fnexF24gYFKJHENU5cc8a,5F6aRdsBHajN2NhZHBTB6ibBFu7YuZZEWruWzB8x6B6GiZ4D
9019522,1788831786874,64798351920,64618356498,5HTeZ5168DjjGWZgbvzGfysEAj9fnexF24gYFKJHENU5cc8a,5F6aRdsBHajN2NhZHBTB6ibBFu7YuZZEWruWzB8x6B6GiZ4D
9019882,1788836116756,64798351920,64618356498,5HTeZ5168DjjGWZgbvzGfysEAj9fnexF24gYFKJHENU5cc8a,5F6aRdsBHajN2NhZHBTB6ibBFu7YuZZEWruWzB8x6B6GiZ4D
9020242,1788840446638,64798351920,64618356498,5HTeZ5168DjjGWZgbvzGfysEAj9fnexF24gYFKJHENU5cc8a,5F6aRdsBHajN2NhZHBTB6ibBFu7YuZZEWruWzB8x6B6GiZ4D
9020602,1788844776520,64798351920,64618356498,5HTeZ5168DjjGWZgbvzGfysEAj9fnexF24gYFKJHENU5cc8a,5CyQFykVpfa9xgZVGgBsiNUpjbo1EihBTSkPvDC1FZbL1wxG
9020962,1788849106402,64798351920,64618356498,5HTeZ5168DjjGWZgbvzGfysEAj9fnexF24gYFKJHENU5cc8a,5CyQFykVpfa9xgZVGgBsiNUpjbo1EihBTSkPvDC1FZbL1wxG
9021322,1788853436284,64798351920,64618356498,5HTeZ5168DjjGWZgbvzGfysEAj9fnexF24gYFKJHENU5cc8a,5CyQFykVpfa9xgZVGgBsiNUpjbo1EihBTSkPvDC1FZbL1wxG
9021682,1788857766167,64798351920,64618356498,5HTeZ5168DjjGWZgbvzGfysEAj9fnexF24gYFKJHENU5cc8a,5CyQFykVpfa9xgZVGgBsiNUpjbo1EihBTSkPvDC1FZbL1wxG
9022042,1788862096049,64798351920,64618356498,5HTeZ5168DjjGWZgbvzGfysEAj9fnexF24gYFKJHENU5cc8a,5CyQFykVpfa9xgZVGgBsiNUpjbo1EihBTSkPvDC1FZbL1wxG
9022402,1788866425931,64798351920,64618356498,5HTeZ5168DjjGWZgbvzGfysEAj9fnexF24gYFKJHENU5cc8a,5CyQFykVpfa9xgZVGgBsiNUpjbo1EihBTSkPvDC1FZbL1wxG
9022762,1788870755813,64798351920,64618356498,5HTeZ5168DjjGWZgbvzGfysEAj9fnexF24gYFKJHENU5cc8a,5CyQFykVpfa9xgZVGgBsiNUpjbo1EihBTSkPvDC1FZbL1wxG
9023122,1788875085695,64798351920,64618356498,5HTeZ5168DjjGWZgbvzGfysEAj9fnexF24gYFKJHENU5cc8a,5CyQFykVpfa9xgZVGgBsiNUpjbo1EihBTSkPvDC1FZbL1wxG
9023482,1788879415577,64798351920,64618356498,5HTeZ5168DjjGWZgbvzGfysEAj9fnexF24gYFKJHENU5cc8a,5CyQFykVpfa9xgZVGgBsiNUpjbo1EihBTSkPvDC1FZbL1wxG
9023842,1788883745459,64798351920,64618356498,5HTeZ5168DjjGWZgbvzGfysEAj9fnexF24gYFKJHENU5cc8a,5CyQFykVpfa9xgZVGgBsiNUpjbo1EihBTSkPvDC1FZbL1wxG
9024202,1788888075341,64798351920,64618356498,5HTeZ5168DjjGWZgbvzGfysEAj9fnexF24gYFKJHENU5cc8a,5CyQFykVpfa9xgZVGgBsiNUpjbo1EihBTSkPvDC1FZbL1wxG
9024562,1788892405223,64798351920,64618356498,5HTeZ5168DjjGWZgbvzGfysEAj9fnexF24gYFKJHENU5cc8a,5CyQFykVpfa9xgZVGgBsiNUpjbo1EihBTSkPvDC1FZbL1wxG
9024922,1788896735105,64798351920,64618356498,5HTeZ5168DjjGWZgbvzGfysEAj9fnexF24gYFKJHENU5cc8a,5CyQFykVpfa9xgZVGgBsiNUpjbo1EihBTSkPvDC1FZbL1wxG
9025282,1788901064987,64798351920,64618356498,5HTeZ5168DjjGWZgbvzGfysEAj9fnexF24gYFKJHENU5cc8a,5CyQFykVpfa9xgZVGgBsiNUpjbo1EihBTSkPvDC1FZbL1wxG
9025642,1788905394869,64798351920,64618356498,5HTeZ5168DjjGWZgbvzGfysEAj9fnexF24gYFKJHENU5cc8a,5CyQFykVpfa9xgZVGgBsiNUpjbo1EihBTSkPvDC1FZbL1wxG
9026002,1788909724751,64798351920,64618356498,5HTeZ5168DjjGWZgbvzGfysEAj9fnexF24gYFKJHENU5cc8a,5CyQFykVpfa9xgZVGgBsiNUpjbo1EihBTSkPvDC1FZbL1wxG
9026362,1788914054633,64798351920,64618356498,5HTeZ5168DjjGWZgbvzGfysEAj9fnexF24gYFKJHENU5cc8a,5CyQFykVpfa9xgZVGgBsiNUpjbo1EihBTSkPvDC1FZbL1wxG
9026722,1788918384515,64798351920,64618356498,5HTeZ5168DjjGWZgbvzGfysEAj9fnexF24gYFKJHENU5cc8a,5CyQFykVpfa9xgZVGgBsiNUpjbo1EihBTSkPvDC1FZbL1wxG
9027082,1788922714397,64798351920,64618356498,5HTeZ5168DjjGWZgbvzGfysEAj9fnexF24gYFKJHENU5cc8a,5CyQFykVpfa9xgZVGgBsiNUpjbo1EihBTSkPvDC1FZbL1wxG
9027442,1788927044279,64798351920,64618356498,5HTeZ5168DjjGWZgbvzGfysEAj9fnexF24gYFKJHENU5cc8a,5CyQFykVpfa9xgZVGgBsiNUpjbo1EihBTSkPvDC1FZbL1wxG
9027802,1788931374162,64798351920,64618356498,5HTeZ5168DjjGWZgbvzGfysEAj9fnexF24gYFKJHENU5cc8a,5CyQFykVpfa9xgZVGgBsiNUpjbo1EihBTSkPvDC1FZbL1wxG
9028162,1788935704044,64798351920,64618356498,5HTeZ5168DjjGWZgbvzGfysEAj9fnexF24gYFKJHENU5cc8a,5CyQFykVpfa9xgZVGgBsiNUpjbo1EihBTSkPvDC1FZbL1wxG
9028522,1788940033926,64798351920,64618356498,5HTeZ5168DjjGWZgbvzGfysEAj9fnexF24gYFKJHENU5cc8a,5CyQFykVpfa9xgZVGgBsiNUpjbo1EihBTSkPvDC1FZbL1wxG
9028882,1788944363808,64798351920,64618356498,5HTeZ5168DjjGWZgbvzGfysEAj9fnexF24gYFKJHENU5cc8a,5CyQFykVpfa9xgZVGgBsiNUpjbo1EihBTSkPvDC1FZbL1wxG
9029242,1788948693690,64798351920,64618356498,5HTeZ5168DjjGWZgbvzGfysEAj9fnexF24gYFKJHENU5cc8a,5CyQFykVpfa9xgZVGgBsiNUpjbo1EihBTSkPvDC1FZbL1wxG
9029602,1788953023572,64798351920,64618356498,5HTeZ5168DjjGWZgbvzGfysEAj9fnexF24gYFKJHENU5cc8a,5CyQFykVpfa9xgZVGgBsiNUpjbo1EihBTSkPvDC1FZbL1wxG
9029962,1788957353454,64798351920,64618356498,5HTeZ5168DjjGWZgbvzGfysEAj9fnexF24gYFKJHENU5cc8a,5CyQFykVpfa9xgZVGgBsiNUpjbo1EihBTSkPvDC1FZbL1wxG
9030322,1788961683336,64798351920,64618356498,5HTeZ5168DjjGWZgbvzGfysEAj9fnexF24gYFKJHENU5cc8a,5CyQFykVpfa9xgZVGgBsiNUpjbo1EihBTSkPvDC1FZbL1wxG
9030682,1788966013218,64798351920,64618356498,5HTeZ5168DjjGWZgbvzGfysEAj9fnexF24gYFKJHENU5cc8a,5CyQFykVpfa9xgZVGgBsiNUpjbo1EihBTSkPvDC1FZbL1wxG
9031042,1788970343100,64798351920,64618356498,5HTeZ5168DjjGWZgbvzGfysEAj9fnexF24gYFKJHENU5cc8a,5CyQFykVpfa9xgZVGgBsiNUpjbo1EihBTSkPvDC1FZbL1wxG
9031402,1788974672982,64798351920,64618356498,5HTeZ5168DjjGWZgbvzGfysEAj9fnexF24gYFKJHENU5cc8a,5CyQFykVpfa9xgZVGgBsiNUpjbo1EihBTSkPvDC1FZbL1wxG
9031762,1788979002864,64798351920,64618356498,5HTeZ5168DjjGWZgbvzGfysEAj9fnexF24gYFKJHENU5cc8a,5CyQFykVpfa9xgZVGgBsiNUpjbo1EihBTSkPvDC1FZbL1wxG
9032122,1788983332746,64798351920,64618356498,5HTeZ5168DjjGWZgbvzGfysEAj9fnexF24gYFKJHENU5cc8a,5CyQFykVpfa9xgZVGgBsiNUpjbo1EihBTSkPvDC1FZbL1wxG
9032482,1788987662628,64798351920,64618356498,5HTeZ5168DjjGWZgbvzGfysEAj9fnexF24gYFKJHENU5cc8a,5CyQFykVpfa9xgZVGgBsiNUpjbo1EihBTSkPvDC1FZbL1wxG
9032842,1788991992510,64798351920,64618356498,5HTeZ5168DjjGWZgbvzGfysEAj9fnexF24gYFKJHENU5cc8a,5CyQFykVpfa9xgZVGgBsiNUpjbo1EihBTSkPvDC1FZbL1wxG
9033202,1788996322392,64798351920,64618356498,5HTeZ5168DjjGWZgbvzGfysEAj9fnexF24gYFKJHENU5cc8a,5CyQFykVpfa9xgZVGgBsiNUpjbo1EihBTSkPvDC1FZbL1wxG
9033562,1789000652275,64798351920,64618356498,5HTeZ5168DjjGWZgbvzGfysEAj9fnexF24gYFKJHENU5cc8a,5CyQFykVpfa9xgZVGgBsiNUpjbo1EihBTSkPvDC1FZbL1wxG
9033922,1789004982157,64798351920,64618356498,5HTeZ5168DjjGWZgbvzGfysEAj9fnexF24gYFKJHENU5cc8a,5CyQFykVpfa9xgZVGgBsiNUpjbo1EihBTSkPvDC1FZbL1wxG
9034282,1789009312039,64798351920,64618356498,5HTeZ5168DjjGWZgbvzGfysEAj9fnexF24gYFKJHENU5cc8a,5CyQFykVpfa9xgZVGgBsiNUpjbo1EihBTSkPvDC1FZbL1wxG
9034642,1789013641921,64798351920,64618356498,5HTeZ5168DjjGWZgbvzGfysEAj9fnexF24gYFKJHENU5cc8a,5CyQFykVpfa9xgZVGgBsiNUpjbo1EihBTSkPvDC1FZbL1wxG
9035002,1789017971803,64798351920,64618356498,5HTeZ5168DjjGWZgbvzGfysEAj9fnexF24gYFKJHENU5cc8a,5CyQFykVpfa9xgZVGgBsiNUpjbo1EihBTSkPvDC1FZbL1wxG
9035362,1789022301685,64798351920,64618356498,5HTeZ5168DjjGWZgbvzGfysEAj9fnexF24gYFKJHENU5cc8a,5CyQFykVpfa9xgZVGgBsiNUpjbo1EihBTSkPvDC1FZbL1wxG
9035722,1789026631567,64798351920,64618356498,5HTeZ5168DjjGWZgbvzGfysEAj9fnexF24gYFKJHENU5cc8a,5CyQFykVpfa9xgZVGgBsiNUpjbo1EihBTSkPvDC1FZbL1wxG
9036082,1789030961449,64798351920,64618356498,5HTeZ5168DjjGWZgbvzGfysEAj9fnexF24gYFKJHENU5cc8a,5CyQFykVpfa9xgZVGgBsiNUpjbo1EihBTSkPvDC1FZbL1wxG
9036442,1789035291331,64798351920,64618356498,5HTeZ5168DjjGWZgbvzGfysEAj9fnexF24gYFKJHENU5cc8a,5CyQFykVpfa9xgZVGgBsiNUpjbo1EihBTSkPvDC1FZbL1wxG
9036802,1789039621213,64798351920,64618356498,5HTeZ5168DjjGWZgbvzGfysEAj9fnexF24gYFKJHENU5cc8a,5CyQFykVpfa9xgZVGgBsiNUpjbo1EihBTSkPvDC1FZbL1wxG
9037162,1789043951095,64798351920,64618356498,5HTeZ5168DjjGWZgbvzGfysEAj9fnexF24gYFKJHENU5cc8a,5CyQFykVpfa9xgZVGgBsiNUpjbo1EihBTSkPvDC1FZbL1wxG
9037522,1789048280977,64798351920,64618356498,5HTeZ5168DjjGWZgbvzGfysEAj9fnexF24gYFKJHENU5cc8a,5CyQFykVpfa9xgZVGgBsiNUpjbo1EihBTSkPvDC1FZbL1wxG
9037882,1789052610859,64798351920,64618356498,5HTeZ5168DjjGWZgbvzGfysEAj9fnexF24gYFKJHENU5cc8a,5CyQFykVpfa9xgZVGgBsiNUpjbo1EihBTSkPvDC1FZbL1wxG
9038242,1789056940741,64798351920,64618356498,5HTeZ5168DjjGWZgbvzGfysEAj9fnexF24gYFKJHENU5cc8a,5CyQFykVpfa9xgZVGgBsiNUpjbo1EihBTSkPvDC1FZbL1wxG
9038602,1789061270623,64798351920,64618356498,5HTeZ5168DjjGWZgbvzGfysEAj9fnexF24gYFKJHENU5cc8a,5CyQFykVpfa9xgZVGgBsiNUpjbo1EihBTSkPvDC1FZbL1wxG
9038962,1789065600505,64798351920,64618356498,5HTeZ5168DjjGWZgbvzGfysEAj9fnexF24gYFKJHENU5cc8a,5CyQFykVpfa9xgZVGgBsiNUpjbo1EihBTSkPvDC1FZbL1wxG
9039322,1789069930387,64798351920,64618356498,5HTeZ5168DjjGWZgbvzGfysEAj9fnexF24gYFKJHENU5cc8a,5CyQFykVpfa9xgZVGgBsiNUpjbo1EihBTSkPvDC1FZbL1wxG
9039682,1789074260270,64798351920,64618356498,5HTeZ5168DjjGWZgbvzGfysEAj9fnexF24gYFKJHENU5cc8a,5CyQFykVpfa9xgZVGgBsiNUpjbo1EihBTSkPvDC1FZbL1wxG
9040042,1789078590152,64798351920,64618356498,5HTeZ5168DjjGWZgbvzGfysEAj9fnexF24gYFKJHENU5cc8a,5CyQFykVpfa9xgZVGgBsiNUpjbo1EihBTSkPvDC1FZbL1wxG
9040402,1789082920034,64798351920,64618356498,5HTeZ5168DjjGWZgbvzGfysEAj9fnexF24gYFKJHENU5cc8a,5CyQFykVpfa9xgZVGgBsiNUpjbo1EihBTSkPvDC1FZbL1wxG
9040762,1789087249916,64798351920,64618356498,5HTeZ5168DjjGWZgbvzGfysEAj9fnexF24gYFKJHENU5cc8a,5CyQFykVpfa9xgZVGgBsiNUpjbo1EihBTSkPvDC1FZbL1wxG
9041122,1789091579798,64798351920,64618356498,5HTeZ5168DjjGWZgbvzGfysEAj9fnexF24gYFKJHENU5cc8a,5CyQFykVpfa9xgZVGgBsiNUpjbo1EihBTSkPvDC1FZbL1wxG
9041482,1789095909680,64798351920,64618356498,5HTeZ5168DjjGWZgbvzGfysEAj9fnexF24gYFKJHENU5cc8a,5CyQFykVpfa9xgZVGgBsiNUpjbo1EihBTSkPvDC1FZbL1wxG
9041842,1789100239562,64798351920,64618356498,5HTeZ5168DjjGWZgbvzGfysEAj9fnexF24gYFKJHENU5cc8a,5CyQFykVpfa9xgZVGgBsiNUpjbo1EihBTSkPvDC1FZbL1wxG
9042202,1789104569444,64798351920,64618356498,5HTeZ5168DjjGWZgbvzGfysEAj9fnexF24gYFKJHENU5cc8a,5CyQFykVpfa9xgZVGgBsiNUpjbo1EihBTSkPvDC1FZbL1wxG
9042562,1789108899326,64798351920,64618356498,5HTeZ5168DjjGWZgbvzGfysEAj9fnexF24gYFKJHENU5cc8a,5CyQFykVpfa9xgZVGgBsiNUpjbo1EihBTSkPvDC1FZbL1wxG
9042922,1789113229208,64798351920,64618356498,5HTeZ5168DjjGWZgbvzGfysEAj9fnexF24gYFKJHENU5cc8a,5CyQFykVpfa9xgZVGgBsiNUpjbo1EihBTSkPvDC1FZbL1wxG
9043282,1789117559090,64798351920,64618356498,5HTeZ5168DjjGWZgbvzGfysEAj9fnexF24gYFKJHENU5cc8a,5CyQFykVpfa9xgZVGgBsiNUpjbo1EihBTSkPvDC1FZbL1wxG
9043642,1789121888972,64798351920,64618356498,5HTeZ5168DjjGWZgbvzGfysEAj9fnexF24gYFKJHENU5cc8a,5CyQFykVpfa9xgZVGgBsiNUpjbo1EihBTSkPvDC1FZbL1wxG
9044002,1789126218854,64798351920,64618356498,5HTeZ5168DjjGWZgbvzGfysEAj9fnexF24gYFKJHENU5cc8a,5CyQFykVpfa9xgZVGgBsiNUpjbo1EihBTSkPvDC1FZbL1wxG
9044362,1789130548736,64798351920,64618356498,5HTeZ5168DjjGWZgbvzGfysEAj9fnexF24gYFKJHENU5cc8a,5CyQFykVpfa9xgZVGgBsiNUpjbo1EihBTSkPvDC1FZbL1wxG
9044722,1789134878618,64798351920,64618356498,5HTeZ5168DjjGWZgbvzGfysEAj9fnexF24gYFKJHENU5cc8a,5CyQFykVpfa9xgZVGgBsiNUpjbo1EihBTSkPvDC1FZbL1wxG
9045082,1789139208500,64798351920,64618356498,5HTeZ5168DjjGWZgbvzGfysEAj9fnexF24gYFKJHENU5cc8a,5CyQFykVpfa9xgZVGgBsiNUpjbo1EihBTSkPvDC1FZbL1wxG
9045442,1789143538382,64798351920,64618356498,5HTeZ5168DjjGWZgbvzGfysEAj9fnexF24gYFKJHENU5cc8a,5CyQFykVpfa9xgZVGgBsiNUpjbo1EihBTSkPvDC1FZbL1wxG
9045802,1789147868265,64798351920,64618356498,5HTeZ5168DjjGWZgbvzGfysEAj9fnexF24gYFKJHENU5cc8a,5CyQFykVpfa9xgZVGgBsiNUpjbo1EihBTSkPvDC1FZbL1wxG
9046162,1789152198147,64798351920,64618356498,5HTeZ5168DjjGWZgbvzGfysEAj9fnexF24gYFKJHENU5cc8a,5CyQFykVpfa9xgZVGgBsiNUpjbo1EihBTSkPvDC1FZbL1wxG
9046522,1789156528029,64798351920,64618356498,5HTeZ5168DjjGWZgbvzGfysEAj9fnexF24gYFKJHENU5cc8a,5CyQFykVpfa9xgZVGgBsiNUpjbo1EihBTSkPvDC1FZbL1wxG
9046882,1789160857911,64798351920,64618356498,5HTeZ5168DjjGWZgbvzGfysEAj9fnexF24gYFKJHENU5cc8a,5CyQFykVpfa9xgZVGgBsiNUpjbo1EihBTSkPvDC1FZbL1wxG
9047242,1789165187793,64798351920,64618356498,5HTeZ5168DjjGWZgbvzGfysEAj9fnexF24gYFKJHENU5cc8a,5CyQFykVpfa9xgZVGgBsiNUpjbo1EihBTSkPvDC1FZbL1wxG
9047602,1789169517675,64798351920,64618356498,5HTeZ5168DjjGWZgbvzGfysEAj9fnexF24gYFKJHENU5cc8a,5CyQFykVpfa9xgZVGgBsiNUpjbo1EihBTSkPvDC1FZbL1wxG
9047962,1789173847557,64798351920,64618356498,5HTeZ5168DjjGWZgbvzGfysEAj9fnexF24gYFKJHENU5cc8a,5CyQFykVpfa9xgZVGgBsiNUpjbo1EihBTSkPvDC1FZbL1wxG
9048322,1789178177439,64798351920,64618356498,5HTeZ5168DjjGWZgbvzGfysEAj9fnexF24gYFKJHENU5cc8a,5CyQFykVpfa9xgZVGgBsiNUpjbo1EihBTSkPvDC1FZbL1wxG
9048682,1789182507321,64798351920,64618356498,5HTeZ5168DjjGWZgbvzGfysEAj9fnexF24gYFKJHENU5cc8a,5CyQFykVpfa9xgZVGgBsiNUpjbo1EihBTSkPvDC1FZbL1wxG
9049042,1789186837203,64798351920,64618356498,5HTeZ5168DjjGWZgbvzGfysEAj9fnexF24gYFKJHENU5cc8a,5CyQFykVpfa9xgZVGgBsiNUpjbo1EihBTSkPvDC1FZbL1wxG
9049402,1789191167085,64798351920,64618356498,5HTeZ5168DjjGWZgbvzGfysEAj9fnexF24gYFKJHENU5cc8a,5CyQFykVpfa9xgZVGgBsiNUpjbo1EihBTSkPvDC1FZbL1wxG
9049762,1789195496967,64798351920,64618356498,5HTeZ5168DjjGWZgbvzGfysEAj9fnexF24gYFKJHENU5cc8a,5CyQFykVpfa9xgZVGgBsiNUpjbo1EihBTSkPvDC1FZbL1wxG
9050122,1789199826849,64798351920,64618356498,5HTeZ5168DjjGWZgbvzGfysEAj9fnexF24gYFKJHENU5cc8a,5CyQFykVpfa9xgZVGgBsiNUpjbo1EihBTSkPvDC1FZbL1wxG
9050482,1789204156731,64798351920,64618356498,5HTeZ5168DjjGWZgbvzGfysEAj9fnexF24gYFKJHENU5cc8a,5CyQFykVpfa9xgZVGgBsiNUpjbo1EihBTSkPvDC1FZbL1wxG
9050842,1789208486613,64798351920,64618356498,5HTeZ5168DjjGWZgbvzGfysEAj9fnexF24gYFKJHENU5cc8a,5CyQFykVpfa9xgZVGgBsiNUpjbo1EihBTSkPvDC1FZbL1wxG
9051202,1789212816495,64798351920,64618356498,5HTeZ5168DjjGWZgbvzGfysEAj9fnexF24gYFKJHENU5cc8a,5CyQFykVpfa9xgZVGgBsiNUpjbo1EihBTSkPvDC1FZbL1wxG
9051562,1789217146378,64798351920,64618356498,5HTeZ5168DjjGWZgbvzGfysEAj9fnexF24gYFKJHENU5cc8a,5CyQFykVpfa9xgZVGgBsiNUpjbo1EihBTSkPvDC1FZbL1wxG
9051922,1789221476260,64798351920,64618356498,5HTeZ5168DjjGWZgbvzGfysEAj9fnexF24gYFKJHENU5cc8a,5CyQFykVpfa9xgZVGgBsiNUpjbo1EihBTSkPvDC1FZbL1wxG
9052282,1789225806142,64798351920,64618356498,5HTeZ5168DjjGWZgbvzGfysEAj9fnexF24gYFKJHENU5cc8a,5CyQFykVpfa9xgZVGgBsiNUpjbo1EihBTSkPvDC1FZbL1wxG
9052642,1789230136024,64798351920,64618356498,5HTeZ5168DjjGWZgbvzGfysEAj9fnexF24gYFKJHENU5cc8a,5CyQFykVpfa9xgZVGgBsiNUpjbo1EihBTSkPvDC1FZbL1wxG
9053002,1789234465906,64798351920,64618356498,5HTeZ5168DjjGWZgbvzGfysEAj9fnexF24gYFKJHENU5cc8a,5CyQFykVpfa9xgZVGgBsiNUpjbo1EihBTSkPvDC1FZbL1wxG
9053362,1789238795788,64798351920,64618356498,5HTeZ5168DjjGWZgbvzGfysEAj9fnexF24gYFKJHENU5cc8a,5CyQFykVpfa9xgZVGgBsiNUpjbo1EihBTSkPvDC1FZbL1wxG
9053722,1789243125670,64798351920,64618356498,5HTeZ5168DjjGWZgbvzGfysEAj9fnexF24gYFKJHENU5cc8a,5CyQFykVpfa9xgZVGgBsiNUpjbo1EihBTSkPvDC1FZbL1wxG
9054082,1789247455552,64798351920,64618356498,5HTeZ5168DjjGWZgbvzGfysEAj9fnexF24gYFKJHENU5cc8a,5CyQFykVpfa9xgZVGgBsiNUpjbo1EihBTSkPvDC1FZbL1wxG
9054442,1789251785434,64798351920,64618356498,5HTeZ5168DjjGWZgbvzGfysEAj9fnexF24gYFKJHENU5cc8a,5CyQFykVpfa9xgZVGgBsiNUpjbo1EihBTSkPvDC1FZbL1wxG
9054802,1789256115316,64798351920,64618356498,5HTeZ5168DjjGWZgbvzGfysEAj9fnexF24gYFKJHENU5cc8a,5CyQFykVpfa9xgZVGgBsiNUpjbo1EihBTSkPvDC1FZbL1wxG
9055162,1789260445198,64798351920,64618356498,5HTeZ5168DjjGWZgbvzGfysEAj9fnexF24gYFKJHENU5cc8a,5CyQFykVpfa9xgZVGgBsiNUpjbo1EihBTSkPvDC1FZbL1wxG
9055522,1789264775080,64798351920,64618356498,5HTeZ5168DjjGWZgbvzGfysEAj9fnexF24gYFKJHENU5cc8a,5CyQFykVpfa9xgZVGgBsiNUpjbo1EihBTSkPvDC1FZbL1wxG
9055882,1789269104962,64798351920,64618356498,5HTeZ5168DjjGWZgbvzGfysEAj9fnexF24gYFKJHENU5cc8a,5CyQFykVpfa9xgZVGgBsiNUpjbo1EihBTSkPvDC1FZbL1wxG
9056242,1789273434844,64798351920,64618356498,5HTeZ5168DjjGWZgbvzGfysEAj9fnexF24gYFKJHENU5cc8a,5CyQFykVpfa9xgZVGgBsiNUpjbo1EihBTSkPvDC1FZbL1wxG
9056602,1789277764726,64798351920,64618356498,5HTeZ5168DjjGWZgbvzGfysEAj9fnexF24gYFKJHENU5cc8a,5CyQFykVpfa9xgZVGgBsiNUpjbo1EihBTSkPvDC1FZbL1wxG
9056962,1789282094608,64798351920,64618356498,5HTeZ5168DjjGWZgbvzGfysEAj9fnexF24gYFKJHENU5cc8a,5CyQFykVpfa9xgZVGgBsiNUpjbo1EihBTSkPvDC1FZbL1wxG
9057322,1789286424490,64798351920,64618356498,5HTeZ5168DjjGWZgbvzGfysEAj9fnexF24gYFKJHENU5cc8a,5CyQFykVpfa9xgZVGgBsiNUpjbo1EihBTSkPvDC1FZbL1wxG
9057682,1789290754373,64798351920,64618356498,5HTeZ5168DjjGWZgbvzGfysEAj9fnexF24gYFKJHENU5cc8a,5CyQFykVpfa9xgZVGgBsiNUpjbo1EihBTSkPvDC1FZbL1wxG
9058042,1789295084255,64798351920,64618356498,5HTeZ5168DjjGWZgbvzGfysEAj9fnexF24gYFKJHENU5cc8a,5CyQFykVpfa9xgZVGgBsiNUpjbo1EihBTSkPvDC1FZbL1wxG
9058402,1789299414137,64798351920,64618356498,5HTeZ5168DjjGWZgbvzGfysEAj9fnexF24gYFKJHENU5cc8a,5CyQFykVpfa9xgZVGgBsiNUpjbo1EihBTSkPvDC1FZbL1wxG
9058762,1789303744019,64798351920,64618356498,5HTeZ5168DjjGWZgbvzGfysEAj9fnexF24gYFKJHENU5cc8a,5CyQFykVpfa9xgZVGgBsiNUpjbo1EihBTSkPvDC1FZbL1wxG
9059122,1789308073901,64798351920,64618356498,5HTeZ5168DjjGWZgbvzGfysEAj9fnexF24gYFKJHENU5cc8a,5CyQFykVpfa9xgZVGgBsiNUpjbo1EihBTSkPvDC1FZbL1wxG
9059482,1789312403783,64798351920,64618356498,5HTeZ5168DjjGWZgbvzGfysEAj9fnexF24gYFKJHENU5cc8a,5CyQFykVpfa9xgZVGgBsiNUpjbo1EihBTSkPvDC1FZbL1wxG
9059842,1789316733665,64798351920,64618356498,5HTeZ5168DjjGWZgbvzGfysEAj9fnexF24gYFKJHENU5cc8a,5CyQFykVpfa9xgZVGgBsiNUpjbo1EihBTSkPvDC1FZbL1wxG
9060202,1789321063547,64798351920,64618356498,5HTeZ5168DjjGWZgbvzGfysEAj9fnexF24gYFKJHENU5cc8a,5CyQFykVpfa9xgZVGgBsiNUpjbo1EihBTSkPvDC1FZbL1wxG
9060562,1789325393429,64798351920,64618356498,5HTeZ5168DjjGWZgbvzGfysEAj9fnexF24gYFKJHENU5cc8a,5CyQFykVpfa9xgZVGgBsiNUpjbo1EihBTSkPvDC1FZbL1wxG
9060922,1789329723311,64798351920,64618356498,5HTeZ5168DjjGWZgbvzGfysEAj9fnexF24gYFKJHENU5cc8a,5CyQFykVpfa9xgZVGgBsiNUpjbo1EihBTSkPvDC1FZbL1wxG
9061282,1789334053193,64798351920,64618356498,5HTeZ5168DjjGWZgbvzGfysEAj9fnexF24gYFKJHENU5cc8a,5CyQFykVpfa9xgZVGgBsiNUpjbo1EihBTSkPvDC1FZbL1wxG
9061642,1789338383075,64798351920,64618356498,5HTeZ5168DjjGWZgbvzGfysEAj9fnexF24gYFKJHENU5cc8a,5CyQFykVpfa9xgZVGgBsiNUpjbo1EihBTSkPvDC1FZbL1wxG
9062002,1789342712957,64798351920,64618356498,5HTeZ5168DjjGWZgbvzGfysEAj9fnexF24gYFKJHENU5cc8a,5CyQFykVpfa9xgZVGgBsiNUpjbo1EihBTSkPvDC1FZbL1wxG
9062362,1789347042839,64798351920,64618356498,5HTeZ5168DjjGWZgbvzGfysEAj9fnexF24gYFKJHENU5cc8a,5CyQFykVpfa9xgZVGgBsiNUpjbo1EihBTSkPvDC1FZbL1wxG
9062722,1789351372721,64798351920,64618356498,5HTeZ5168DjjGWZgbvzGfysEAj9fnexF24gYFKJHENU5cc8a,5CyQFykVpfa9xgZVGgBsiNUpjbo1EihBTSkPvDC1FZbL1wxG
9063082,1789355702603,64798351920,64618356498,5HTeZ5168DjjGWZgbvzGfysEAj9fnexF24gYFKJHENU5cc8a,5CyQFykVpfa9xgZVGgBsiNUpjbo1EihBTSkPvDC1FZbL1wxG
9063442,1789360032485,64798351920,64618356498,5HTeZ5168DjjGWZgbvzGfysEAj9fnexF24gYFKJHENU5cc8a,5CyQFykVpfa9xgZVGgBsiNUpjbo1EihBTSkPvDC1FZbL1wxG
9063802,1789364362368,64798351920,64618356498,5HTeZ5168DjjGWZgbvzGfysEAj9fnexF24gYFKJHENU5cc8a,5CyQFykVpfa9xgZVGgBsiNUpjbo1EihBTSkPvDC1FZbL1wxG
9064162,1789368692250,64798351920,64618356498,5HTeZ5168DjjGWZgbvzGfysEAj9fnexF24gYFKJHENU5cc8a,5CyQFykVpfa9xgZVGgBsiNUpjbo1EihBTSkPvDC1FZbL1wxG
9064522,1789373022132,64798351920,64618356498,5HTeZ5168DjjGWZgbvzGfysEAj9fnexF24gYFKJHENU5cc8a,5CyQFykVpfa9xgZVGgBsiNUpjbo1EihBTSkPvDC1FZbL1wxG
9064882,1789377352014,64798351920,64618356498,5HTeZ5168DjjGWZgbvzGfysEAj9fnexF24gYFKJHENU5cc8a,5CyQFykVpfa9xgZVGgBsiNUpjbo1EihBTSkPvDC1FZbL1wxG
9065242,1789381681896,64798351920,64618356498,5HTeZ5168DjjGWZgbvzGfysEAj9fnexF24gYFKJHENU5cc8a,5CyQFykVpfa9xgZVGgBsiNUpjbo1EihBTSkPvDC1FZbL1wxG
9065602,1789386011778,64798351920,64618356498,5HTeZ5168DjjGWZgbvzGfysEAj9fnexF24gYFKJHENU5cc8a,5CyQFykVpfa9xgZVGgBsiNUpjbo1EihBTSkPvDC1FZbL1wxG
9065962,1789390341660,64798351920,64618356498,5HTeZ5168DjjGWZgbvzGfysEAj9fnexF24gYFKJHENU5cc8a,5CyQFykVpfa9xgZVGgBsiNUpjbo1EihBTSkPvDC1FZbL1wxG
9066322,1789394671542,64798351920,64618356498,5HTeZ5168DjjGWZgbvzGfysEAj9fnexF24gYFKJHENU5cc8a,5CyQFykVpfa9xgZVGgBsiNUpjbo1EihBTSkPvDC1FZbL1wxG
9066682,1789399001424,64798351920,64618356498,5HTeZ5168DjjGWZgbvzGfysEAj9fnexF24gYFKJHENU5cc8a,5CyQFykVpfa9xgZVGgBsiNUpjbo1EihBTSkPvDC1FZbL1wxG
9067042,1789403331306,64798351920,64618356498,5HTeZ5168DjjGWZgbvzGfysEAj9fnexF24gYFKJHENU5cc8a,5CyQFykVpfa9xgZVGgBsiNUpjbo1EihBTSkPvDC1FZbL1wxG
9067402,1789407661188,64798351920,64618356498,5HTeZ5168DjjGWZgbvzGfysEAj9fnexF24gYFKJHENU5cc8a,5CyQFykVpfa9xgZVGgBsiNUpjbo1EihBTSkPvDC1FZbL1wxG
9067762,1789411991070,64798351920,64618356498,5HTeZ5168DjjGWZgbvzGfysEAj9fnexF24gYFKJHENU5cc8a,5CyQFykVpfa9xgZVGgBsiNUpjbo1EihBTSkPvDC1FZbL1wxG
9068122,1789416320952,64798351920,64618356498,5HTeZ5168DjjGWZgbvzGfysEAj9fnexF24gYFKJHENU5cc8a,5CyQFykVpfa9xgZVGgBsiNUpjbo1EihBTSkPvDC1FZbL1wxG
9068482,1789420650834,64798351920,64618356498,5HTeZ5168DjjGWZgbvzGfysEAj9fnexF24gYFKJHENU5cc8a,5CyQFykVpfa9xgZVGgBsiNUpjbo1EihBTSkPvDC1FZbL1wxG
9068842,1789424980716,64798351920,64618356498,5HTeZ5168DjjGWZgbvzGfysEAj9fnexF24gYFKJHENU5cc8a,5CyQFykVpfa9xgZVGgBsiNUpjbo1EihBTSkPvDC1FZbL1wxG
9069202,1789429310598,64798351920,64618356498,5HTeZ5168DjjGWZgbvzGfysEAj9fnexF24gYFKJHENU5cc8a,5CyQFykVpfa9xgZVGgBsiNUpjbo1EihBTSkPvDC1FZbL1wxG
9069562,1789433640481,64798351920,64618356498,5HTeZ5168DjjGWZgbvzGfysEAj9fnexF24gYFKJHENU5cc8a,5CyQFykVpfa9xgZVGgBsiNUpjbo1EihBTSkPvDC1FZbL1wxG
9069922,1789437970363,64798351920,64618356498,5HTeZ5168DjjGWZgbvzGfysEAj9fnexF24gYFKJHENU5cc8a,5CyQFykVpfa9xgZVGgBsiNUpjbo1EihBTSkPvDC1FZbL1wxG
9070282,1789442300245,64798351920,64618356498,5HTeZ5168DjjGWZgbvzGfysEAj9fnexF24gYFKJHENU5cc8a,5CyQFykVpfa9xgZVGgBsiNUpjbo1EihBTSkPvDC1FZbL1wxG
9070642,1789446630127,64798351920,64618356498,5HTeZ5168DjjGWZgbvzGfysEAj9fnexF24gYFKJHENU5cc8a,5CyQFykVpfa9xgZVGgBsiNUpjbo1EihBTSkPvDC1FZbL1wxG
9071002,1789450960009,64798351920,64618356498,5HTeZ5168DjjGWZgbvzGfysEAj9fnexF24gYFKJHENU5cc8a,5CyQFykVpfa9xgZVGgBsiNUpjbo1EihBTSkPvDC1FZbL1wxG
9071362,1789455289891,64798351920,64618356498,5HTeZ5168DjjGWZgbvzGfysEAj9fnexF24gYFKJHENU5cc8a,5CyQFykVpfa9xgZVGgBsiNUpjbo1EihBTSkPvDC1FZbL1wxG
9071722,1789459619773,64798351920,64618356498,5HTeZ5168DjjGWZgbvzGfysEAj9fnexF24gYFKJHENU5cc8a,5CyQFykVpfa9xgZVGgBsiNUpjbo1EihBTSkPvDC1FZbL1wxG
9072082,1789463949655,64798351920,64618356498,5HTeZ5168DjjGWZgbvzGfysEAj9fnexF24gYFKJHENU5cc8a,5CyQFykVpfa9xgZVGgBsiNUpjbo1EihBTSkPvDC1FZbL1wxG
9072442,1789468279537,64798351920,64618356498,5HTeZ5168DjjGWZgbvzGfysEAj9fnexF24gYFKJHENU5cc8a,5CyQFykVpfa9xgZVGgBsiNUpjbo1EihBTSkPvDC1FZbL1wxG
9072802,1789472609419,64798351920,64618356498,5HTeZ5168DjjGWZgbvzGfysEAj9fnexF24gYFKJHENU5cc8a,5CyQFykVpfa9xgZVGgBsiNUpjbo1EihBTSkPvDC1FZbL1wxG
9073162,1789476939301,64798351920,64618356498,5HTeZ5168DjjGWZgbvzGfysEAj9fnexF24gYFKJHENU5cc8a,5CyQFykVpfa9xgZVGgBsiNUpjbo1EihBTSkPvDC1FZbL1wxG
9073522,1789481269183,64798351920,64618356498,5HTeZ5168DjjGWZgbvzGfysEAj9fnexF24gYFKJHENU5cc8a,5CyQFykVpfa9xgZVGgBsiNUpjbo1EihBTSkPvDC1FZbL1wxG
9073882,1789485599065,64798351920,64618356498,5HTeZ5168DjjGWZgbvzGfysEAj9fnexF24gYFKJHENU5cc8a,5CyQFykVpfa9xgZVGgBsiNUpjbo1EihBTSkPvDC1FZbL1wxG
9074242,1789489928947,64798351920,64618356498,5HTeZ5168DjjGWZgbvzGfysEAj9fnexF24gYFKJHENU5cc8a,5CyQFykVpfa9xgZVGgBsiNUpjbo1EihBTSkPvDC1FZbL1wxG
9074602,1789494258829,64798351920,64618356498,5HTeZ5168DjjGWZgbvzGfysEAj9fnexF24gYFKJHENU5cc8a,5CyQFykVpfa9xgZVGgBsiNUpjbo1EihBTSkPvDC1FZbL1wxG
9074962,1789498588711,64798351920,64618356498,5HTeZ5168DjjGWZgbvzGfysEAj9fnexF24gYFKJHENU5cc8a,5CyQFykVpfa9xgZVGgBsiNUpjbo1EihBTSkPvDC1FZbL1wxG
9075322,1789502918593,64798351920,64618356498,5HTeZ5168DjjGWZgbvzGfysEAj9fnexF24gYFKJHENU5cc8a,5CyQFykVpfa9xgZVGgBsiNUpjbo1EihBTSkPvDC1FZbL1wxG
9075682,1789507248476,64798351920,64618356498,5HTeZ5168DjjGWZgbvzGfysEAj9fnexF24gYFKJHENU5cc8a,5CyQFykVpfa9xgZVGgBsiNUpjbo1EihBTSkPvDC1FZbL1wxG
9076042,1789511578358,64798351920,64618356498,5HTeZ5168DjjGWZgbvzGfysEAj9fnexF24gYFKJHENU5cc8a,5CyQFykVpfa9xgZVGgBsiNUpjbo1EihBTSkPvDC1FZbL1wxG
9076402,1789515908240,64798351920,64618356498,5HTeZ5168DjjGWZgbvzGfysEAj9fnexF24gYFKJHENU5cc8a,5CyQFykVpfa9xgZVGgBsiNUpjbo1EihBTSkPvDC1FZbL1wxG
9076762,1789520238122,64798351920,64618356498,5HTeZ5168DjjGWZgbvzGfysEAj9fnexF24gYFKJHENU5cc8a,5CyQFykVpfa9xgZVGgBsiNUpjbo1EihBTSkPvDC1FZbL1wxG
9077122,1789524568004,64798351920,64618356498,5HTeZ5168DjjGWZgbvzGfysEAj9fnexF24gYFKJHENU5cc8a,5CyQFykVpfa9xgZVGgBsiNUpjbo1EihBTSkPvDC1FZbL1wxG
9077482,1789528897886,64798351920,64618356498,5HTeZ5168DjjGWZgbvzGfysEAj9fnexF24gYFKJHENU5cc8a,5CyQFykVpfa9xgZVGgBsiNUpjbo1EihBTSkPvDC1FZbL1wxG
9077842,1789533227768,64798351920,64618356498,5HTeZ5168DjjGWZgbvzGfysEAj9fnexF24gYFKJHENU5cc8a,5CyQFykVpfa9xgZVGgBsiNUpjbo1EihBTSkPvDC1FZbL1wxG
9078202,1789537557650,64798351920,64618356498,5HTeZ5168DjjGWZgbvzGfysEAj9fnexF24gYFKJHENU5cc8a,5CyQFykVpfa9xgZVGgBsiNUpjbo1EihBTSkPvDC1FZbL1wxG
9078562,1789541887532,64798351920,64618356498,5HTeZ5168DjjGWZgbvzGfysEAj9fnexF24gYFKJHENU5cc8a,5CyQFykVpfa9xgZVGgBsiNUpjbo1EihBTSkPvDC1FZbL1wxG
9078922,1789546217414,64798351920,64618356498,5HTeZ5168DjjGWZgbvzGfysEAj9fnexF24gYFKJHENU5cc8a,5CyQFykVpfa9xgZVGgBsiNUpjbo1EihBTSkPvDC1FZbL1wxG
9079282,1789550547296,64798351920,64618356498,5HTeZ5168DjjGWZgbvzGfysEAj9fnexF24gYFKJHENU5cc8a,5CyQFykVpfa9xgZVGgBsiNUpjbo1EihBTSkPvDC1FZbL1wxG
9079642,1789554877178,64798351920,64618356498,5HTeZ5168DjjGWZgbvzGfysEAj9fnexF24gYFKJHENU5cc8a,5CyQFykVpfa9xgZVGgBsiNUpjbo1EihBTSkPvDC1FZbL1wxG
9080002,1789559207060,64798351920,64618356498,5HTeZ5168DjjGWZgbvzGfysEAj9fnexF24gYFKJHENU5cc8a,5CyQFykVpfa9xgZVGgBsiNUpjbo1EihBTSkPvDC1FZbL1wxG
9080362,1789563536942,64798351920,64618356498,5HTeZ5168DjjGWZgbvzGfysEAj9fnexF24gYFKJHENU5cc8a,5CyQFykVpfa9xgZVGgBsiNUpjbo1EihBTSkPvDC1FZbL1wxG
9080722,1789567866824,64798351920,64618356498,5HTeZ5168DjjGWZgbvzGfysEAj9fnexF24gYFKJHENU5cc8a,5CyQFykVpfa9xgZVGgBsiNUpjbo1EihBTSkPvDC1FZbL1wxG
9081082,1789572196706,64798351920,64618356498,5HTeZ5168DjjGWZgbvzGfysEAj9fnexF24gYFKJHENU5cc8a,5CyQFykVpfa9xgZVGgBsiNUpjbo1EihBTSkPvDC1FZbL1wxG
9081442,1789576526588,64798351920,64618356498,5HTeZ5168DjjGWZgbvzGfysEAj9fnexF24gYFKJHENU5cc8a,5CyQFykVpfa9xgZVGgBsiNUpjbo1EihBTSkPvDC1FZbL1wxG
9081802,1789580856471,64798351920,64618356498,5HTeZ5168DjjGWZgbvzGfysEAj9fnexF24gYFKJHENU5cc8a,5CyQFykVpfa9xgZVGgBsiNUpjbo1EihBTSkPvDC1FZbL1wxG
9082162,1789585186353,64798351920,64618356498,5HTeZ5168DjjGWZgbvzGfysEAj9fnexF24gYFKJHENU5cc8a,5CyQFykVpfa9xgZVGgBsiNUpjbo1EihBTSkPvDC1FZbL1wxG
9082522,1789589516235,64798351920,64618356498,5HTeZ5168DjjGWZgbvzGfysEAj9fnexF24gYFKJHENU5cc8a,5CyQFykVpfa9xgZVGgBsiNUpjbo1EihBTSkPvDC1FZbL1wxG
9082882,1789593846117,64798351920,64618356498,5HTeZ5168DjjGWZgbvzGfysEAj9fnexF24gYFKJHENU5cc8a,5CyQFykVpfa9xgZVGgBsiNUpjbo1EihBTSkPvDC1FZbL1wxG
9083242,1789598175999,64798351920,64618356498,5HTeZ5168DjjGWZgbvzGfysEAj9fnexF24gYFKJHENU5cc8a,5CyQFykVpfa9xgZVGgBsiNUpjbo1EihBTSkPvDC1FZbL1wxG
9083602,1789602505881,64798351920,64618356498,5HTeZ5168DjjGWZgbvzGfysEAj9fnexF24gYFKJHENU5cc8a,5CyQFykVpfa9xgZVGgBsiNUpjbo1EihBTSkPvDC1FZbL1wxG
9083962,1789606835763,64798351920,64618356498,5HTeZ5168DjjGWZgbvzGfysEAj9fnexF24gYFKJHENU5cc8a,5CyQFykVpfa9xgZVGgBsiNUpjbo1EihBTSkPvDC1FZbL1wxG
9084322,1789611165645,64798351920,64618356498,5HTeZ5168DjjGWZgbvzGfysEAj9fnexF24gYFKJHENU5cc8a,5CyQFykVpfa9xgZVGgBsiNUpjbo1EihBTSkPvDC1FZbL1wxG
9084682,1789615495527,64798351920,64618356498,5HTeZ5168DjjGWZgbvzGfysEAj9fnexF24gYFKJHENU5cc8a,5CyQFykVpfa9xgZVGgBsiNUpjbo1EihBTSkPvDC1FZbL1wxG
9085042,1789619825409,64798351920,64618356498,5HTeZ5168DjjGWZgbvzGfysEAj9fnexF24gYFKJHENU5cc8a,5CyQFykVpfa9xgZVGgBsiNUpjbo1EihBTSkPvDC1FZbL1wxG
9085402,1789624155291,64798351920,64618356498,5HTeZ5168DjjGWZgbvzGfysEAj9fnexF24gYFKJHENU5cc8a,5CyQFykVpfa9xgZVGgBsiNUpjbo1EihBTSkPvDC1FZbL1wxG
9085762,1789628485173,64798351920,64618356498,5HTeZ5168DjjGWZgbvzGfysEAj9fnexF24gYFKJHENU5cc8a,5CyQFykVpfa9xgZVGgBsiNUpjbo1EihBTSkPvDC1FZbL1wxG
9086122,1789632815055,64798351920,64618356498,5HTeZ5168DjjGWZgbvzGfysEAj9fnexF24gYFKJHENU5cc8a,5CyQFykVpfa9xgZVGgBsiNUpjbo1EihBTSkPvDC1FZbL1wxG
9086482,1789637144937,64798351920,64618356498,5HTeZ5168DjjGWZgbvzGfysEAj9fnexF24gYFKJHENU5cc8a,5CyQFykVpfa9xgZVGgBsiNUpjbo1EihBTSkPvDC1FZbL1wxG
9086842,1789641474819,64798351920,64618356498,5HTeZ5168DjjGWZgbvzGfysEAj9fnexF24gYFKJHENU5cc8a,5CyQFykVpfa9xgZVGgBsiNUpjbo1EihBTSkPvDC1FZbL1wxG
9087202,1789645804701,64798351920,64618356498,5HTeZ5168DjjGWZgbvzGfysEAj9fnexF24gYFKJHENU5cc8a,5CyQFykVpfa9xgZVGgBsiNUpjbo1EihBTSkPvDC1FZbL1wxG
9087562,1789650134584,64798351920,64618356498,5HTeZ5168DjjGWZgbvzGfysEAj9fnexF24gYFKJHENU5cc8a,5CyQFykVpfa9xgZVGgBsiNUpjbo1EihBTSkPvDC1FZbL1wxG
9087922,1789654464466,64798351920,64618356498,5HTeZ5168DjjGWZgbvzGfysEAj9fnexF24gYFKJHENU5cc8a,5CyQFykVpfa9xgZVGgBsiNUpjbo1EihBTSkPvDC1FZbL1wxG
9088282,1789658794348,64798351920,64618356498,5HTeZ5168DjjGWZgbvzGfysEAj9fnexF24gYFKJHENU5cc8a,5CyQFykVpfa9xgZVGgBsiNUpjbo1EihBTSkPvDC1FZbL1wxG
9088642,1789663124230,64798351920,64618356498,5HTeZ5168DjjGWZgbvzGfysEAj9fnexF24gYFKJHENU5cc8a,5CyQFykVpfa9xgZVGgBsiNUpjbo1EihBTSkPvDC1FZbL1wxG
9089002,1789667454112,64798351920,64618356498,5HTeZ5168DjjGWZgbvzGfysEAj9fnexF24gYFKJHENU5cc8a,5CyQFykVpfa9xgZVGgBsiNUpjbo1EihBTSkPvDC1FZbL1wxG
9089362,1789671783994,64798351920,64618356498,5HTeZ5168DjjGWZgbvzGfysEAj9fnexF24gYFKJHENU5cc8a,5CyQFykVpfa9xgZVGgBsiNUpjbo1EihBTSkPvDC1FZbL1wxG
9089722,1789676113876,64798351920,64618356498,5HTeZ5168DjjGWZgbvzGfysEAj9fnexF24gYFKJHENU5cc8a,5CyQFykVpfa9xgZVGgBsiNUpjbo1EihBTSkPvDC1FZbL1wxG
9090082,1789680443758,64798351920,64618356498,5HTeZ5168DjjGWZgbvzGfysEAj9fnexF24gYFKJHENU5cc8a,5CyQFykVpfa9xgZVGgBsiNUpjbo1EihBTSkPvDC1FZbL1wxG
9090442,1789684773640,64798351920,64618356498,5HTeZ5168DjjGWZgbvzGfysEAj9fnexF24gYFKJHENU5cc8a,5CyQFykVpfa9xgZVGgBsiNUpjbo1EihBTSkPvDC1FZbL1wxG
9090802,1789689103522,64798351920,64618356498,5HTeZ5168DjjGWZgbvzGfysEAj9fnexF24gYFKJHENU5cc8a,5CyQFykVpfa9xgZVGgBsiNUpjbo1EihBTSkPvDC1FZbL1wxG
9091162,1789693433404,64798351920,64618356498,5HTeZ5168DjjGWZgbvzGfysEAj9fnexF24gYFKJHENU5cc8a,5CyQFykVpfa9xgZVGgBsiNUpjbo1EihBTSkPvDC1FZbL1wxG
9091522,1789697763286,64798351920,64618356498,5HTeZ5168DjjGWZgbvzGfysEAj9fnexF24gYFKJHENU5cc8a,5CyQFykVpfa9xgZVGgBsiNUpjbo1EihBTSkPvDC1FZbL1wxG
9091882,1789702093168,64798351920,64618356498,5HTeZ5168DjjGWZgbvzGfysEAj9fnexF24gYFKJHENU5cc8a,5CyQFykVpfa9xgZVGgBsiNUpjbo1EihBTSkPvDC1FZbL1wxG
9092242,1789706423050,64798351920,64618356498,5HTeZ5168DjjGWZgbvzGfysEAj9fnexF24gYFKJHENU5cc8a,5CyQFykVpfa9xgZVGgBsiNUpjbo1EihBTSkPvDC1FZbL1wxG
9092602,1789710752932,64798351920,64618356498,5HTeZ5168DjjGWZgbvzGfysEAj9fnexF24gYFKJHENU5cc8a,5CyQFykVpfa9xgZVGgBsiNUpjbo1EihBTSkPvDC1FZbL1wxG
9092962,1789715082814,64798351920,64618356498,5HTeZ5168DjjGWZgbvzGfysEAj9fnexF24gYFKJHENU5cc8a,5CyQFykVpfa9xgZVGgBsiNUpjbo1EihBTSkPvDC1FZbL1wxG
9093322,1789719412696,64798351920,64618356498,5HTeZ5168DjjGWZgbvzGfysEAj9fnexF24gYFKJHENU5cc8a,5CyQFykVpfa9xgZVGgBsiNUpjbo1EihBTSkPvDC1FZbL1wxG
9093682,1789723742579,64798351920,64618356498,5HTeZ5168DjjGWZgbvzGfysEAj9fnexF24gYFKJHENU5cc8a,5CyQFykVpfa9xgZVGgBsiNUpjbo1EihBTSkPvDC1FZbL1wxG
9094042,1789728072461,64798351920,64618356498,5HTeZ5168DjjGWZgbvzGfysEAj9fnexF24gYFKJHENU5cc8a,5CyQFykVpfa9xgZVGgBsiNUpjbo1EihBTSkPvDC1FZbL1wxG
9094402,1789732402343,64798351920,64618356498,5HTeZ5168DjjGWZgbvzGfysEAj9fnexF24gYFKJHENU5cc8a,5CyQFykVpfa9xgZVGgBsiNUpjbo1EihBTSkPvDC1FZbL1wxG
9094762,1789736732225,64798351920,64618356498,5HTeZ5168DjjGWZgbvzGfysEAj9fnexF24gYFKJHENU5cc8a,5CyQFykVpfa9xgZVGgBsiNUpjbo1EihBTSkPvDC1FZbL1wxG
9095122,1789741062107,64798351920,64618356498,5HTeZ5168DjjGWZgbvzGfysEAj9fnexF24gYFKJHENU5cc8a,5CyQFykVpfa9xgZVGgBsiNUpjbo1EihBTSkPvDC1FZbL1wxG
9095482,1789745391989,64798351920,64618356498,5HTeZ5168DjjGWZgbvzGfysEAj9fnexF24gYFKJHENU5cc8a,5CyQFykVpfa9xgZVGgBsiNUpjbo1EihBTSkPvDC1FZbL1wxG
9095842,1789749721871,64798351920,64618356498,5HTeZ5168DjjGWZgbvzGfysEAj9fnexF24gYFKJHENU5cc8a,5CyQFykVpfa9xgZVGgBsiNUpjbo1EihBTSkPvDC1FZbL1wxG
9096202,1789754051753,64798351920,64618356498,5HTeZ5168DjjGWZgbvzGfysEAj9fnexF24gYFKJHENU5cc8a,5CyQFykVpfa9xgZVGgBsiNUpjbo1EihBTSkPvDC1FZbL1wxG
9096562,1789758381635,64798351920,64618356498,5HTeZ5168DjjGWZgbvzGfysEAj9fnexF24gYFKJHENU5cc8a,5CyQFykVpfa9xgZVGgBsiNUpjbo1EihBTSkPvDC1FZbL1wxG
9096922,1789762711517,64798351920,64618356498,5HTeZ5168DjjGWZgbvzGfysEAj9fnexF24gYFKJHENU5cc8a,5CyQFykVpfa9xgZVGgBsiNUpjbo1EihBTSkPvDC1FZbL1wxG
9097282,1789767041399,64798351920,64618356498,5HTeZ5168DjjGWZgbvzGfysEAj9fnexF24gYFKJHENU5cc8a,5CyQFykVpfa9xgZVGgBsiNUpjbo1EihBTSkPvDC1FZbL1wxG
9097642,1789771371281,64798351920,64618356498,5HTeZ5168DjjGWZgbvzGfysEAj9fnexF24gYFKJHENU5cc8a,5CyQFykVpfa9xgZVGgBsiNUpjbo1EihBTSkPvDC1FZbL1wxG
9098002,1789775701163,64798351920,64618356498,5HTeZ5168DjjGWZgbvzGfysEAj9fnexF24gYFKJHENU5cc8a,5CyQFykVpfa9xgZVGgBsiNUpjbo1EihBTSkPvDC1FZbL1wxG
9098362,1789780031045,64798351920,64618356498,5HTeZ5168DjjGWZgbvzGfysEAj9fnexF24gYFKJHENU5cc8a,5CyQFykVpfa9xgZVGgBsiNUpjbo1EihBTSkPvDC1FZbL1wxG
9098722,1789784360927,64798351920,64618356498,5HTeZ5168DjjGWZgbvzGfysEAj9fnexF24gYFKJHENU5cc8a,5CyQFykVpfa9xgZVGgBsiNUpjbo1EihBTSkPvDC1FZbL1wxG
9099082,1789788690809,64798351920,64618356498,5HTeZ5168DjjGWZgbvzGfysEAj9fnexF24gYFKJHENU5cc8a,5CyQFykVpfa9xgZVGgBsiNUpjbo1EihBTSkPvDC1FZbL1wxG
9099442,1789793020691,64798351920,64618356498,5HTeZ5168DjjGWZgbvzGfysEAj9fnexF24gYFKJHENU5cc8a,5CyQFykVpfa9xgZVGgBsiNUpjbo1EihBTSkPvDC1FZbL1wxG
9099802,1789797350574,64798351920,64618356498,5HTeZ5168DjjGWZgbvzGfysEAj9fnexF24gYFKJHENU5cc8a,5CyQFykVpfa9xgZVGgBsiNUpjbo1EihBTSkPvDC1FZbL1wxG
9100162,1789801680456,64798351920,64618356498,5HTeZ5168DjjGWZgbvzGfysEAj9fnexF24gYFKJHENU5cc8a,5CyQFykVpfa9xgZVGgBsiNUpjbo1EihBTSkPvDC1FZbL1wxG
9100522,1789806010338,64798351920,64618356498,5HTeZ5168DjjGWZgbvzGfysEAj9fnexF24gYFKJHENU5cc8a,5CyQFykVpfa9xgZVGgBsiNUpjbo1EihBTSkPvDC1FZbL1wxG
9100882,1789810340220,64798351920,64618356498,5HTeZ5168DjjGWZgbvzGfysEAj9fnexF24gYFKJHENU5cc8a,5CyQFykVpfa9xgZVGgBsiNUpjbo1EihBTSkPvDC1FZbL1wxG
9101242,1789814670102,64798351920,64618356498,5HTeZ5168DjjGWZgbvzGfysEAj9fnexF24gYFKJHENU5cc8a,5CyQFykVpfa9xgZVGgBsiNUpjbo1EihBTSkPvDC1FZbL1wxG
9101602,1789818999984,64798351920,64618356498,5HTeZ5168DjjGWZgbvzGfysEAj9fnexF24gYFKJHENU5cc8a,5CyQFykVpfa9xgZVGgBsiNUpjbo1EihBTSkPvDC1FZbL1wxG
9101962,1789823329866,64798351920,64618356498,5HTeZ5168DjjGWZgbvzGfysEAj9fnexF24gYFKJHENU5cc8a,5CyQFykVpfa9xgZVGgBsiNUpjbo1EihBTSkPvDC1FZbL1wxG
9102322,1789827659748,64798351920,64618356498,5HTeZ5168DjjGWZgbvzGfysEAj9fnexF24gYFKJHENU5cc8a,5CyQFykVpfa9xgZVGgBsiNUpjbo1EihBTSkPvDC1FZbL1wxG
9102682,1789831989630,64798351920,64618356498,5HTeZ5168DjjGWZgbvzGfysEAj9fnexF24gYFKJHENU5cc8a,5CyQFykVpfa9xgZVGgBsiNUpjbo1EihBTSkPvDC1FZbL1wxG
9103042,1789836319512,64798351920,64618356498,5HTeZ5168DjjGWZgbvzGfysEAj9fnexF24gYFKJHENU5cc8a,5CyQFykVpfa9xgZVGgBsiNUpjbo1EihBTSkPvDC1FZbL1wxG
9103402,1789840649394,64798351920,64618356498,5HTeZ5168DjjGWZgbvzGfysEAj9fnexF24gYFKJHENU5cc8a,5CyQFykVpfa9xgZVGgBsiNUpjbo1EihBTSkPvDC1FZbL1wxG
9103762,1789844979276,64798351920,64618356498,5HTeZ5168DjjGWZgbvzGfysEAj9fnexF24gYFKJHENU5cc8a,5CyQFykVpfa9xgZVGgBsiNUpjbo1EihBTSkPvDC1FZbL1wxG
9104122,1789849309158,64798351920,64618356498,5HTeZ5168DjjGWZgbvzGfysEAj9fnexF24gYFKJHENU5cc8a,5CyQFykVpfa9xgZVGgBsiNUpjbo1EihBTSkPvDC1FZbL1wxG
9104482,1789853639040,64798351920,64618356498,5HTeZ5168DjjGWZgbvzGfysEAj9fnexF24gYFKJHENU5cc8a,5CyQFykVpfa9xgZVGgBsiNUpjbo1EihBTSkPvDC1FZbL1wxG
9104842,1789857968922,64798351920,64618356498,5HTeZ5168DjjGWZgbvzGfysEAj9fnexF24gYFKJHENU5cc8a,5CyQFykVpfa9xgZVGgBsiNUpjbo1EihBTSkPvDC1FZbL1wxG
9105202,1789862298804,64798351920,64618356498,5HTeZ5168DjjGWZgbvzGfysEAj9fnexF24gYFKJHENU5cc8a,5CyQFykVpfa9xgZVGgBsiNUpjbo1EihBTSkPvDC1FZbL1wxG
9105562,1789866628687,64798351920,64618356498,5HTeZ5168DjjGWZgbvzGfysEAj9fnexF24gYFKJHENU5cc8a,5CyQFykVpfa9xgZVGgBsiNUpjbo1EihBTSkPvDC1FZbL1wxG
9105922,1789870958569,64798351920,64618356498,5HTeZ5168DjjGWZgbvzGfysEAj9fnexF24gYFKJHENU5cc8a,5CyQFykVpfa9xgZVGgBsiNUpjbo1EihBTSkPvDC1FZbL1wxG
9106282,1789875288451,64798351920,64618356498,5HTeZ5168DjjGWZgbvzGfysEAj9fnexF24gYFKJHENU5cc8a,5CyQFykVpfa9xgZVGgBsiNUpjbo1EihBTSkPvDC1FZbL1wxG
9106642,1789879618333,64798351920,64618356498,5HTeZ5168DjjGWZgbvzGfysEAj9fnexF24gYFKJHENU5cc8a,5CyQFykVpfa9xgZVGgBsiNUpjbo1EihBTSkPvDC1FZbL1wxG
9107002,1789883948215,64798351920,64618356498,5HTeZ5168DjjGWZgbvzGfysEAj9fnexF24gYFKJHENU5cc8a,5CyQFykVpfa9xgZVGgBsiNUpjbo1EihBTSkPvDC1FZbL1wxG
9107362,1789888278097,64798351920,64618356498,5HTeZ5168DjjGWZgbvzGfysEAj9fnexF24gYFKJHENU5cc8a,5CyQFykVpfa9xgZVGgBsiNUpjbo1EihBTSkPvDC1FZbL1wxG
9107722,1789892607979,64798351920,64618356498,5HTeZ5168DjjGWZgbvzGfysEAj9fnexF24gYFKJHENU5cc8a,5CyQFykVpfa9xgZVGgBsiNUpjbo1EihBTSkPvDC1FZbL1wxG
9108082,1789896937861,64798351920,64618356498,5HTeZ5168DjjGWZgbvzGfysEAj9fnexF24gYFKJHENU5cc8a,5CyQFykVpfa9xgZVGgBsiNUpjbo1EihBTSkPvDC1FZbL1wxG
9108442,1789901267743,64798351920,64618356498,5HTeZ5168DjjGWZgbvzGfysEAj9fnexF24gYFKJHENU5cc8a,5CyQFykVpfa9xgZVGgBsiNUpjbo1EihBTSkPvDC1FZbL1wxG
9108802,1789905597625,64798351920,64618356498,5HTeZ5168DjjGWZgbvzGfysEAj9fnexF24gYFKJHENU5cc8a,5CyQFykVpfa9xgZVGgBsiNUpjbo1EihBTSkPvDC1FZbL1wxG
9109162,1789909927507,64798351920,64618356498,5HTeZ5168DjjGWZgbvzGfysEAj9fnexF24gYFKJHENU5cc8a,5CyQFykVpfa9xgZVGgBsiNUpjbo1EihBTSkPvDC1FZbL1wxG
9109522,1789914257389,64798351920,64618356498,5HTeZ5168DjjGWZgbvzGfysEAj9fnexF24gYFKJHENU5cc8a,5CyQFykVpfa9xgZVGgBsiNUpjbo1EihBTSkPvDC1FZbL1wxG
9109882,1789918587271,64798351920,64618356498,5HTeZ5168DjjGWZgbvzGfysEAj9fnexF24gYFKJHENU5cc8a,5CyQFykVpfa9xgZVGgBsiNUpjbo1EihBTSkPvDC1FZbL1wxG
9110242,1789922917153,64798351920,64618356498,5HTeZ5168DjjGWZgbvzGfysEAj9fnexF24gYFKJHENU5cc8a,5CyQFykVpfa9xgZVGgBsiNUpjbo1EihBTSkPvDC1FZbL1wxG
9110602,1789927247035,64798351920,64618356498,5HTeZ5168DjjGWZgbvzGfysEAj9fnexF24gYFKJHENU5cc8a,5CyQFykVpfa9xgZVGgBsiNUpjbo1EihBTSkPvDC1FZbL1wxG
9110962,1789931576917,64798351920,64618356498,5HTeZ5168DjjGWZgbvzGfysEAj9fnexF24gYFKJHENU5cc8a,5CyQFykVpfa9xgZVGgBsiNUpjbo1EihBTSkPvDC1FZbL1wxG
9111322,1789935906799,64798351920,64618356498,5HTeZ5168DjjGWZgbvzGfysEAj9fnexF24gYFKJHENU5cc8a,5CyQFykVpfa9xgZVGgBsiNUpjbo1EihBTSkPvDC1FZbL1wxG
9111682,1789940236682,64798351920,64618356498,5HTeZ5168DjjGWZgbvzGfysEAj9fnexF24gYFKJHENU5cc8a,5CyQFykVpfa9xgZVGgBsiNUpjbo1EihBTSkPvDC1FZbL1wxG
9112042,1789944566564,64798351920,64618356498,5HTeZ5168DjjGWZgbvzGfysEAj9fnexF24gYFKJHENU5cc8a,5CyQFykVpfa9xgZVGgBsiNUpjbo1EihBTSkPvDC1FZbL1wxG
9112402,1789948896446,64798351920,64618356498,5HTeZ5168DjjGWZgbvzGfysEAj9fnexF24gYFKJHENU5cc8a,5CyQFykVpfa9xgZVGgBsiNUpjbo1EihBTSkPvDC1FZbL1wxG
9112762,1789953226328,64798351920,64618356498,5HTeZ5168DjjGWZgbvzGfysEAj9fnexF24gYFKJHENU5cc8a,5CyQFykVpfa9xgZVGgBsiNUpjbo1EihBTSkPvDC1FZbL1wxG
9113122,1789957556210,64798351920,64618356498,5HTeZ5168DjjGWZgbvzGfysEAj9fnexF24gYFKJHENU5cc8a,5CyQFykVpfa9xgZVGgBsiNUpjbo1EihBTSkPvDC1FZbL1wxG
9113482,1789961886092,64798351920,64618356498,5HTeZ5168DjjGWZgbvzGfysEAj9fnexF24gYFKJHENU5cc8a,5CyQFykVpfa9xgZVGgBsiNUpjbo1EihBTSkPvDC1FZbL1wxG
9113842,1789966215974,64798351920,64618356498,5HTeZ5168DjjGWZgbvzGfysEAj9fnexF24gYFKJHENU5cc8a,5CyQFykVpfa9xgZVGgBsiNUpjbo1EihBTSkPvDC1FZbL1wxG
9114202,1789970545856,64798351920,64618356498,5HTeZ5168DjjGWZgbvzGfysEAj9fnexF24gYFKJHENU5cc8a,5CyQFykVpfa9xgZVGgBsiNUpjbo1EihBTSkPvDC1FZbL1wxG
9114562,1789974875738,64798351920,64618356498,5HTeZ5168DjjGWZgbvzGfysEAj9fnexF24gYFKJHENU5cc8a,5CyQFykVpfa9xgZVGgBsiNUpjbo1EihBTSkPvDC1FZbL1wxG
9114922,1789979205620,64798351920,64618356498,5HTeZ5168DjjGWZgbvzGfysEAj9fnexF24gYFKJHENU5cc8a,5CyQFykVpfa9xgZVGgBsiNUpjbo1EihBTSkPvDC1FZbL1wxG
9115282,1789983535502,64798351920,64618356498,5HTeZ5168DjjGWZgbvzGfysEAj9fnexF24gYFKJHENU5cc8a,5CyQFykVpfa9xgZVGgBsiNUpjbo1EihBTSkPvDC1FZbL1wxG
9115642,1789987865384,64798351920,64618356498,5HTeZ5168DjjGWZgbvzGfysEAj9fnexF24gYFKJHENU5cc8a,5CyQFykVpfa9xgZVGgBsiNUpjbo1EihBTSkPvDC1FZbL1wxG
9116002,1789992195266,64798351920,64618356498,5HTeZ5168DjjGWZgbvzGfysEAj9fnexF24gYFKJHENU5cc8a,5CyQFykVpfa9xgZVGgBsiNUpjbo1EihBTSkPvDC1FZbL1wxG
9116362,1789996525148,64798351920,64618356498,5HTeZ5168DjjGWZgbvzGfysEAj9fnexF24gYFKJHENU5cc8a,5CyQFykVpfa9xgZVGgBsiNUpjbo1EihBTSkPvDC1FZbL1wxG
9116722,1790000855030,64798351920,64618356498,5HTeZ5168DjjGWZgbvzGfysEAj9fnexF24gYFKJHENU5cc8a,5CyQFykVpfa9xgZVGgBsiNUpjbo1EihBTSkPvDC1FZbL1wxG
9117082,1790005184912,64798351920,64618356498,5HTeZ5168DjjGWZgbvzGfysEAj9fnexF24gYFKJHENU5cc8a,5CyQFykVpfa9xgZVGgBsiNUpjbo1EihBTSkPvDC1FZbL1wxG
9117442,1790009514795,64798351920,64618356498,5HTeZ5168DjjGWZgbvzGfysEAj9fnexF24gYFKJHENU5cc8a,5CyQFykVpfa9xgZVGgBsiNUpjbo1EihBTSkPvDC1FZbL1wxG
9117802,1790013844677,64798351920,64618356498,5HTeZ5168DjjGWZgbvzGfysEAj9fnexF24gYFKJHENU5cc8a,5CyQFykVpfa9xgZVGgBsiNUpjbo1EihBTSkPvDC1FZbL1wxG
9118162,1790018174559,64798351920,64618356498,5HTeZ5168DjjGWZgbvzGfysEAj9fnexF24gYFKJHENU5cc8a,5CyQFykVpfa9xgZVGgBsiNUpjbo1EihBTSkPvDC1FZbL1wxG
9118522,1790022504441,64798351920,64618356498,5HTeZ5168DjjGWZgbvzGfysEAj9fnexF24gYFKJHENU5cc8a,5CyQFykVpfa9xgZVGgBsiNUpjbo1EihBTSkPvDC1FZbL1wxG
9118882,1790026834323,64798351920,64618356498,5HTeZ5168DjjGWZgbvzGfysEAj9fnexF24gYFKJHENU5cc8a,5CyQFykVpfa9xgZVGgBsiNUpjbo1EihBTSkPvDC1FZbL1wxG
9119242,1790031164205,64798351920,64618356498,5HTeZ5168DjjGWZgbvzGfysEAj9fnexF24gYFKJHENU5cc8a,5CyQFykVpfa9xgZVGgBsiNUpjbo1EihBTSkPvDC1FZbL1wxG
9119602,1790035494087,64798351920,64618356498,5HTeZ5168DjjGWZgbvzGfysEAj9fnexF24gYFKJHENU5cc8a,5CyQFykVpfa9xgZVGgBsiNUpjbo1EihBTSkPvDC1FZbL1wxG
9119962,1790039823969,64798351920,64618356498,5HTeZ5168DjjGWZgbvzGfysEAj9fnexF24gYFKJHENU5cc8a,5CyQFykVpfa9xgZVGgBsiNUpjbo1EihBTSkPvDC1FZbL1wxG
9120322,1790044153851,64798351920,64618356498,5HTeZ5168DjjGWZgbvzGfysEAj9fnexF24gYFKJHENU5cc8a,5CyQFykVpfa9xgZVGgBsiNUpjbo1EihBTSkPvDC1FZbL1wxG
9120682,1790048483733,64798351920,64618356498,5HTeZ5168DjjGWZgbvzGfysEAj9fnexF24gYFKJHENU5cc8a,5CyQFykVpfa9xgZVGgBsiNUpjbo1EihBTSkPvDC1FZbL1wxG
9121042,1790052813615,64798351920,64618356498,5HTeZ5168DjjGWZgbvzGfysEAj9fnexF24gYFKJHENU5cc8a,5CyQFykVpfa9xgZVGgBsiNUpjbo1EihBTSkPvDC1FZbL1wxG
9121402,1790057143497,64798351920,64618356498,5HTeZ5168DjjGWZgbvzGfysEAj9fnexF24gYFKJHENU5cc8a,5CyQFykVpfa9xgZVGgBsiNUpjbo1EihBTSkPvDC1FZbL1wxG
9121762,1790061473379,64798351920,64618356498,5HTeZ5168DjjGWZgbvzGfysEAj9fnexF24gYFKJHENU5cc8a,5CyQFykVpfa9xgZVGgBsiNUpjbo1EihBTSkPvDC1FZbL1wxG
9122122,1790065803261,64798351920,64618356498,5HTeZ5168DjjGWZgbvzGfysEAj9fnexF24gYFKJHENU5cc8a,5CyQFykVpfa9xgZVGgBsiNUpjbo1EihBTSkPvDC1FZbL1wxG
9122482,1790070133143,64798351920,64618356498,5HTeZ5168DjjGWZgbvzGfysEAj9fnexF24gYFKJHENU5cc8a,5CyQFykVpfa9xgZVGgBsiNUpjbo1EihBTSkPvDC1FZbL1wxG
9122842,1790074463025,64798351920,64618356498,5HTeZ5168DjjGWZgbvzGfysEAj9fnexF24gYFKJHENU5cc8a,5CyQFykVpfa9xgZVGgBsiNUpjbo1EihBTSkPvDC1FZbL1wxG
9123202,1790078792907,64798351920,64618356498,5HTeZ5168DjjGWZgbvzGfysEAj9fnexF24gYFKJHENU5cc8a,5CyQFykVpfa9xgZVGgBsiNUpjbo1EihBTSkPvDC1FZbL1wxG
9123562,1790083122790,64798351920,64618356498,5HTeZ5168DjjGWZgbvzGfysEAj9fnexF24gYFKJHENU5cc8a,5CyQFykVpfa9xgZVGgBsiNUpjbo1EihBTSkPvDC1FZbL1wxG
9123922,1790087452672,64798351920,64618356498,5HTeZ5168DjjGWZgbvzGfysEAj9fnexF24gYFKJHENU5cc8a,5CyQFykVpfa9xgZVGgBsiNUpjbo1EihBTSkPvDC1FZbL1wxG
9124282,1790091782554,64798351920,64618356498,5HTeZ5168DjjGWZgbvzGfysEAj9fnexF24gYFKJHENU5cc8a,5CyQFykVpfa9xgZVGgBsiNUpjbo1EihBTSkPvDC1FZbL1wxG
9124642,1790096112436,64798351920,64618356498,5HTeZ5168DjjGWZgbvzGfysEAj9fnexF24gYFKJHENU5cc8a,5CyQFykVpfa9xgZVGgBsiNUpjbo1EihBTSkPvDC1FZbL1wxG
9125002,1790100442318,64798351920,64618356498,5HTeZ5168DjjGWZgbvzGfysEAj9fnexF24gYFKJHENU5cc8a,5CyQFykVpfa9xgZVGgBsiNUpjbo1EihBTSkPvDC1FZbL1wxG
9125362,1790104772200,64798351920,64618356498,5HTeZ5168DjjGWZgbvzGfysEAj9fnexF24gYFKJHENU5cc8a,5CyQFykVpfa9xgZVGgBsiNUpjbo1EihBTSkPvDC1FZbL1wxG
9125722,1790109102082,64798351920,64618356498,5HTeZ5168DjjGWZgbvzGfysEAj9fnexF24gYFKJHENU5cc8a,5CyQFykVpfa9xgZVGgBsiNUpjbo1EihBTSkPvDC1FZbL1wxG
9126082,1790113431964,64798351920,64618356498,5HTeZ5168DjjGWZgbvzGfysEAj9fnexF24gYFKJHENU5cc8a,5CyQFykVpfa9xgZVGgBsiNUpjbo1EihBTSkPvDC1FZbL1wxG
9126442,1790117761846,64798351920,64618356498,5HTeZ5168DjjGWZgbvzGfysEAj9fnexF24gYFKJHENU5cc8a,5CyQFykVpfa9xgZVGgBsiNUpjbo1EihBTSkPvDC1FZbL1wxG
9126802,1790122091728,64798351920,64618356498,5HTeZ5168DjjGWZgbvzGfysEAj9fnexF24gYFKJHENU5cc8a,5CyQFykVpfa9xgZVGgBsiNUpjbo1EihBTSkPvDC1FZbL1wxG
9127162,1790126421610,64798351920,64618356498,5HTeZ5168DjjGWZgbvzGfysEAj9fnexF24gYFKJHENU5cc8a,5CyQFykVpfa9xgZVGgBsiNUpjbo1EihBTSkPvDC1FZbL1wxG
9127522,1790130751492,64798351920,64618356498,5HTeZ5168DjjGWZgbvzGfysEAj9fnexF24gYFKJHENU5cc8a,5CyQFykVpfa9xgZVGgBsiNUpjbo1EihBTSkPvDC1FZbL1wxG
9127882,1790135081374,64798351920,64618356498,5HTeZ5168DjjGWZgbvzGfysEAj9fnexF24gYFKJHENU5cc8a,5CyQFykVpfa9xgZVGgBsiNUpjbo1EihBTSkPvDC1FZbL1wxG
9128242,1790139411256,64798351920,64618356498,5HTeZ5168DjjGWZgbvzGfysEAj9fnexF24gYFKJHENU5cc8a,5CyQFykVpfa9xgZVGgBsiNUpjbo1EihBTSkPvDC1FZbL1wxG
9128602,1790143741138,64798351920,64618356498,5HTeZ5168DjjGWZgbvzGfysEAj9fnexF24gYFKJHENU5cc8a,5CyQFykVpfa9xgZVGgBsiNUpjbo1EihBTSkPvDC1FZbL1wxG
9128962,1790148071020,64798351920,64618356498,5HTeZ5168DjjGWZgbvzGfysEAj9fnexF24gYFKJHENU5cc8a,5CyQFykVpfa9xgZVGgBsiNUpjbo1EihBTSkPvDC1FZbL1wxG
9129322,1790152400902,64798351920,64618356498,5HTeZ5168DjjGWZgbvzGfysEAj9fnexF24gYFKJHENU5cc8a,5CyQFykVpfa9xgZVGgBsiNUpjbo1EihBTSkPvDC1FZbL1wxG
9129682,1790156730785,64798351920,64618356498,5HTeZ5168DjjGWZgbvzGfysEAj9fnexF24gYFKJHENU5cc8a,5CyQFykVpfa9xgZVGgBsiNUpjbo1EihBTSkPvDC1FZbL1wxG
9130042,1790161060667,64798351920,64618356498,5HTeZ5168DjjGWZgbvzGfysEAj9fnexF24gYFKJHENU5cc8a,5CyQFykVpfa9xgZVGgBsiNUpjbo1EihBTSkPvDC1FZbL1wxG
9130402,1790165390549,64798351920,64618356498,5HTeZ5168DjjGWZgbvzGfysEAj9fnexF24gYFKJHENU5cc8a,5CyQFykVpfa9xgZVGgBsiNUpjbo1EihBTSkPvDC1FZbL1wxG
9130762,1790169720431,64798351920,64618356498,5HTeZ5168DjjGWZgbvzGfysEAj9fnexF24gYFKJHENU5cc8a,5CyQFykVpfa9xgZVGgBsiNUpjbo1EihBTSkPvDC1FZbL1wxG
9131122,1790174050313,64798351920,64618356498,5HTeZ5168DjjGWZgbvzGfysEAj9fnexF24gYFKJHENU5cc8a,5CyQFykVpfa9xgZVGgBsiNUpjbo1EihBTSkPvDC1FZbL1wxG
9131482,1790178380195,64798351920,64618356498,5HTeZ5168DjjGWZgbvzGfysEAj9fnexF24gYFKJHENU5cc8a,5CyQFykVpfa9xgZVGgBsiNUpjbo1EihBTSkPvDC1FZbL1wxG
9131842,1790182710077,64798351920,64618356498,5HTeZ5168DjjGWZgbvzGfysEAj9fnexF24gYFKJHENU5cc8a,5CyQFykVpfa9xgZVGgBsiNUpjbo1EihBTSkPvDC1FZbL1wxG
9132202,1790187039959,64798351920,64618356498,5HTeZ5168DjjGWZgbvzGfysEAj9fnexF24gYFKJHENU5cc8a,5CyQFykVpfa9xgZVGgBsiNUpjbo1EihBTSkPvDC1FZbL1wxG
9132562,1790191369841,64798351920,64618356498,5HTeZ5168DjjGWZgbvzGfysEAj9fnexF24gYFKJHENU5cc8a,5CyQFykVpfa9xgZVGgBsiNUpjbo1EihBTSkPvDC1FZbL1wxG
9132922,1790195699723,64798351920,64618356498,5HTeZ5168DjjGWZgbvzGfysEAj9fnexF24gYFKJHENU5cc8a,5CyQFykVpfa9xgZVGgBsiNUpjbo1EihBTSkPvDC1FZbL1wxG
9133282,1790200029605,64798351920,64618356498,5HTeZ5168DjjGWZgbvzGfysEAj9fnexF24gYFKJHENU5cc8a,5CyQFykVpfa9xgZVGgBsiNUpjbo1EihBTSkPvDC1FZbL1wxG
9133642,1790204359487,64798351920,64618356498,5HTeZ5168DjjGWZgbvzGfysEAj9fnexF24gYFKJHENU5cc8a,5CyQFykVpfa9xgZVGgBsiNUpjbo1EihBTSkPvDC1FZbL1wxG
9134002,1790208689369,64798351920,64618356498,5HTeZ5168DjjGWZgbvzGfysEAj9fnexF24gYFKJHENU5cc8a,5CyQFykVpfa9xgZVGgBsiNUpjbo1EihBTSkPvDC1FZbL1wxG
9134362,1790213019251,64798351920,64618356498,5HTeZ5168DjjGWZgbvzGfysEAj9fnexF24gYFKJHENU5cc8a,5CyQFykVpfa9xgZVGgBsiNUpjbo1EihBTSkPvDC1FZbL1wxG
9134722,1790217349133,64798351920,64618356498,5HTeZ5168DjjGWZgbvzGfysEAj9fnexF24gYFKJHENU5cc8a,5CyQFykVpfa9xgZVGgBsiNUpjbo1EihBTSkPvDC1FZbL1wxG
9135082,1790221679015,64798351920,64618356498,5HTeZ5168DjjGWZgbvzGfysEAj9fnexF24gYFKJHENU5cc8a,5CyQFykVpfa9xgZVGgBsiNUpjbo1EihBTSkPvDC1FZbL1wxG
9135442,1790226008898,64798351920,64618356498,5HTeZ5168DjjGWZgbvzGfysEAj9fnexF24gYFKJHENU5cc8a,5CyQFykVpfa9xgZVGgBsiNUpjbo1EihBTSkPvDC1FZbL1wxG
9135802,1790230338780,64798351920,64618356498,5HTeZ5168DjjGWZgbvzGfysEAj9fnexF24gYFKJHENU5cc8a,5CyQFykVpfa9xgZVGgBsiNUpjbo1EihBTSkPvDC1FZbL1wxG
9136162,1790234668662,64798351920,64618356498,5HTeZ5168DjjGWZgbvzGfysEAj9fnexF24gYFKJHENU5cc8a,5CyQFykVpfa9xgZVGgBsiNUpjbo1EihBTSkPvDC1FZbL1wxG
9136522,1790238998544,64798351920,64618356498,5HTeZ5168DjjGWZgbvzGfysEAj9fnexF24gYFKJHENU5cc8a,5CyQFykVpfa9xgZVGgBsiNUpjbo1EihBTSkPvDC1FZbL1wxG
9136882,1790243328426,64798351920,64618356498,5HTeZ5168DjjGWZgbvzGfysEAj9fnexF24gYFKJHENU5cc8a,5CyQFykVpfa9xgZVGgBsiNUpjbo1EihBTSkPvDC1FZbL1wxG
9137242,1790247658308,64798351920,64618356498,5HTeZ5168DjjGWZgbvzGfysEAj9fnexF24gYFKJHENU5cc8a,5CyQFykVpfa9xgZVGgBsiNUpjbo1EihBTSkPvDC1FZbL1wxG
9137602,1790251988190,64798351920,64618356498,5HTeZ5168DjjGWZgbvzGfysEAj9fnexF24gYFKJHENU5cc8a,5CyQFykVpfa9xgZVGgBsiNUpjbo1EihBTSkPvDC1FZbL1wxG
9137962,1790256318072,64798351920,64618356498,5HTeZ5168DjjGWZgbvzGfysEAj9fnexF24gYFKJHENU5cc8a,5CyQFykVpfa9xgZVGgBsiNUpjbo1EihBTSkPvDC1FZbL1wxG
9138322,1790260647954,64798351920,64618356498,5HTeZ5168DjjGWZgbvzGfysEAj9fnexF24gYFKJHENU5cc8a,5CyQFykVpfa9xgZVGgBsiNUpjbo1EihBTSkPvDC1FZbL1wxG
9138682,1790264977836,64798351920,64618356498,5HTeZ5168DjjGWZgbvzGfysEAj9fnexF24gYFKJHENU5cc8a,5CyQFykVpfa9xgZVGgBsiNUpjbo1EihBTSkPvDC1FZbL1wxG
9139042,1790269307718,64798351920,64618356498,5HTeZ5168DjjGWZgbvzGfysEAj9fnexF24gYFKJHENU5cc8a,5CyQFykVpfa9xgZVGgBsiNUpjbo1EihBTSkPvDC1FZbL1wxG
9139402,1790273637600,64798351920,64618356498,5HTeZ5168DjjGWZgbvzGfysEAj9fnexF24gYFKJHENU5cc8a,5CyQFykVpfa9xgZVGgBsiNUpjbo1EihBTSkPvDC1FZbL1wxG
9139762,1790277967482,64798351920,64618356498,5HTeZ5168DjjGWZgbvzGfysEAj9fnexF24gYFKJHENU5cc8a,5CyQFykVpfa9xgZVGgBsiNUpjbo1EihBTSkPvDC1FZbL1wxG
9140122,1790282297364,64798351920,64618356498,5HTeZ5168DjjGWZgbvzGfysEAj9fnexF24gYFKJHENU5cc8a,5CyQFykVpfa9xgZVGgBsiNUpjbo1EihBTSkPvDC1FZbL1wxG
9140482,1790286627246,64798351920,64618356498,5HTeZ5168DjjGWZgbvzGfysEAj9fnexF24gYFKJHENU5cc8a,5CyQFykVpfa9xgZVGgBsiNUpjbo1EihBTSkPvDC1FZbL1wxG
9140842,1790290957128,64798351920,64618356498,5HTeZ5168DjjGWZgbvzGfysEAj9fnexF24gYFKJHENU5cc8a,5CyQFykVpfa9xgZVGgBsiNUpjbo1EihBTSkPvDC1FZbL1wxG
9141202,1790295287010,64798351920,64618356498,5HTeZ5168DjjGWZgbvzGfysEAj9fnexF24gYFKJHENU5cc8a,5CyQFykVpfa9xgZVGgBsiNUpjbo1EihBTSkPvDC1FZbL1wxG
9141562,1790299616893,64798351920,64618356498,5HTeZ5168DjjGWZgbvzGfysEAj9fnexF24gYFKJHENU5cc8a,5CyQFykVpfa9xgZVGgBsiNUpjbo1EihBTSkPvDC1FZbL1wxG
9141922,1790303946775,64798351920,64618356498,5HTeZ5168DjjGWZgbvzGfysEAj9fnexF24gYFKJHENU5cc8a,5CyQFykVpfa9xgZVGgBsiNUpjbo1EihBTSkPvDC1FZbL1wxG
9142282,1790308276657,64798351920,64618356498,5HTeZ5168DjjGWZgbvzGfysEAj9fnexF24gYFKJHENU5cc8a,5CyQFykVpfa9xgZVGgBsiNUpjbo1EihBTSkPvDC1FZbL1wxG
9142642,1790312606539,64798351920,64618356498,5HTeZ5168DjjGWZgbvzGfysEAj9fnexF24gYFKJHENU5cc8a,5CyQFykVpfa9xgZVGgBsiNUpjbo1EihBTSkPvDC1FZbL1wxG
9143002,1790316936421,64798351920,64618356498,5HTeZ5168DjjGWZgbvzGfysEAj9fnexF24gYFKJHENU5cc8a,5CyQFykVpfa9xgZVGgBsiNUpjbo1EihBTSkPvDC1FZbL1wxG
9143362,1790321266303,64798351920,64618356498,5HTeZ5168DjjGWZgbvzGfysEAj9fnexF24gYFKJHENU5cc8a,5CyQFykVpfa9xgZVGgBsiNUpjbo1EihBTSkPvDC1FZbL1wxG
9143722,1790325596185,64798351920,64618356498,5HTeZ5168DjjGWZgbvzGfysEAj9fnexF24gYFKJHENU5cc8a,5CyQFykVpfa9xgZVGgBsiNUpjbo1EihBTSkPvDC1FZbL1wxG
9144082,1790329926067,64798351920,64618356498,5HTeZ5168DjjGWZgbvzGfysEAj9fnexF24gYFKJHENU5cc8a,5CyQFykVpfa9xgZVGgBsiNUpjbo1EihBTSkPvDC1FZbL1wxG
9144442,1790334255949,64798351920,64618356498,5HTeZ5168DjjGWZgbvzGfysEAj9fnexF24gYFKJHENU5cc8a,5CyQFykVpfa9xgZVGgBsiNUpjbo1EihBTSkPvDC1FZbL1wxG
9144802,1790338585831,64798351920,64618356498,5HTeZ5168DjjGWZgbvzGfysEAj9fnexF24gYFKJHENU5cc8a,5CyQFykVpfa9xgZVGgBsiNUpjbo1EihBTSkPvDC1FZbL1wxG
9145162,1790342915713,64798351920,64618356498,5HTeZ5168DjjGWZgbvzGfysEAj9fnexF24gYFKJHENU5cc8a,5CyQFykVpfa9xgZVGgBsiNUpjbo1EihBTSkPvDC1FZbL1wxG
9145522,1790347245595,64798351920,64618356498,5HTeZ5168DjjGWZgbvzGfysEAj9fnexF24gYFKJHENU5cc8a,5CyQFykVpfa9xgZVGgBsiNUpjbo1EihBTSkPvDC1FZbL1wxG
9145882,1790351575477,64798351920,64618356498,5HTeZ5168DjjGWZgbvzGfysEAj9fnexF24gYFKJHENU5cc8a,5CyQFykVpfa9xgZVGgBsiNUpjbo1EihBTSkPvDC1FZbL1wxG
9146242,1790355905359,64798351920,64618356498,5HTeZ5168DjjGWZgbvzGfysEAj9fnexF24gYFKJHENU5cc8a,5CyQFykVpfa9xgZVGgBsiNUpjbo1EihBTSkPvDC1FZbL1wxG
9146602,1790360235241,64798351920,64618356498,5HTeZ5168DjjGWZgbvzGfysEAj9fnexF24gYFKJHENU5cc8a,5CyQFykVpfa9xgZVGgBsiNUpjbo1EihBTSkPvDC1FZbL1wxG
9146962,1790364565123,64798351920,64618356498,5HTeZ5168DjjGWZgbvzGfysEAj9fnexF24gYFKJHENU5cc8a,5CyQFykVpfa9xgZVGgBsiNUpjbo1EihBTSkPvDC1FZbL1wxG
9147322,1790368895005,64798351920,64618356498,5HTeZ5168DjjGWZgbvzGfysEAj9fnexF24gYFKJHENU5cc8a,5CyQFykVpfa9xgZVGgBsiNUpjbo1EihBTSkPvDC1FZbL1wxG
9147682,1790373224888,64798351920,64618356498,5HTeZ5168DjjGWZgbvzGfysEAj9fnexF24gYFKJHENU5cc8a,5CyQFykVpfa9xgZVGgBsiNUpjbo1EihBTSkPvDC1FZbL1wxG
9148042,1790377554770,64798351920,64618356498,5HTeZ5168DjjGWZgbvzGfysEAj9fnexF24gYFKJHENU5cc8a,5CyQFykVpfa9xgZVGgBsiNUpjbo1EihBTSkPvDC1FZbL1wxG
9148402,1790381884652,64798351920,64618356498,5HTeZ5168DjjGWZgbvzGfysEAj9fnexF24gYFKJHENU5cc8a,5CyQFykVpfa9xgZVGgBsiNUpjbo1EihBTSkPvDC1FZbL1wxG
9148762,1790386214534,64798351920,64618356498,5HTeZ5168DjjGWZgbvzGfysEAj9fnexF24gYFKJHENU5cc8a,5CyQFykVpfa9xgZVGgBsiNUpjbo1EihBTSkPvDC1FZbL1wxG
9149122,1790390544416,64798351920,64618356498,5HTeZ5168DjjGWZgbvzGfysEAj9fnexF24gYFKJHENU5cc8a,5CyQFykVpfa9xgZVGgBsiNUpjbo1EihBTSkPvDC1FZbL1wxG
9149482,1790394874298,64798351920,64618356498,5HTeZ5168DjjGWZgbvzGfysEAj9fnexF24gYFKJHENU5cc8a,5CyQFykVpfa9xgZVGgBsiNUpjbo1EihBTSkPvDC1FZbL1wxG
9149842,1790399204180,64798351920,64618356498,5HTeZ5168DjjGWZgbvzGfysEAj9fnexF24gYFKJHENU5cc8a,5CyQFykVpfa9xgZVGgBsiNUpjbo1EihBTSkPvDC1FZbL1wxG
9150202,1790403534062,64798351920,64618356498,5HTeZ5168DjjGWZgbvzGfysEAj9fnexF24gYFKJHENU5cc8a,5CyQFykVpfa9xgZVGgBsiNUpjbo1EihBTSkPvDC1FZbL1wxG
9150562,1790407863944,64798351920,64618356498,5HTeZ5168DjjGWZgbvzGfysEAj9fnexF24gYFKJHENU5cc8a,5CyQFykVpfa9xgZVGgBsiNUpjbo1EihBTSkPvDC1FZbL1wxG
9150922,1790412193826,64798351920,64618356498,5HTeZ5168DjjGWZgbvzGfysEAj9fnexF24gYFKJHENU5cc8a,5CyQFykVpfa9xgZVGgBsiNUpjbo1EihBTSkPvDC1FZbL1wxG
9151282,1790416523708,64798351920,64618356498,5HTeZ5168DjjGWZgbvzGfysEAj9fnexF24gYFKJHENU5cc8a,5CyQFykVpfa9xgZVGgBsiNUpjbo1EihBTSkPvDC1FZbL1wxG
9151642,1790420853590,64798351920,64618356498,5HTeZ5168DjjGWZgbvzGfysEAj9fnexF24gYFKJHENU5cc8a,5CyQFykVpfa9xgZVGgBsiNUpjbo1EihBTSkPvDC1FZbL1wxG
9152002,1790425183472,64798351920,64618356498,5HTeZ5168DjjGWZgbvzGfysEAj9fnexF24gYFKJHENU5cc8a,5CyQFykVpfa9xgZVGgBsiNUpjbo1EihBTSkPvDC1FZbL1wxG
9152362,1790429513354,64798351920,64618356498,5HTeZ5168DjjGWZgbvzGfysEAj9fnexF24gYFKJHENU5cc8a,5CyQFykVpfa9xgZVGgBsiNUpjbo1EihBTSkPvDC1FZbL1wxG
9152722,1790433843236,64798351920,64618356498,5HTeZ5168DjjGWZgbvzGfysEAj9fnexF24gYFKJHENU5cc8a,5CyQFykVpfa9xgZVGgBsiNUpjbo1EihBTSkPvDC1FZbL1wxG
9153082,1790438173118,64798351920,64618356498,5HTeZ5168DjjGWZgbvzGfysEAj9fnexF24gYFKJHENU5cc8a,5CyQFykVpfa9xgZVGgBsiNUpjbo1EihBTSkPvDC1FZbL1wxG
9153442,1790442503001,64798351920,64618356498,5HTeZ5168DjjGWZgbvzGfysEAj9fnexF24gYFKJHENU5cc8a,5CyQFykVpfa9xgZVGgBsiNUpjbo1EihBTSkPvDC1FZbL1wxG
9153802,1790446832883,64798351920,64618356498,5HTeZ5168DjjGWZgbvzGfysEAj9fnexF24gYFKJHENU5cc8a,5CyQFykVpfa9xgZVGgBsiNUpjbo1EihBTSkPvDC1FZbL1wxG
9154162,1790451162765,64798351920,64618356498,5HTeZ5168DjjGWZgbvzGfysEAj9fnexF24gYFKJHENU5cc8a,5CyQFykVpfa9xgZVGgBsiNUpjbo1EihBTSkPvDC1FZbL1wxG
9154522,1790455492647,64798351920,64618356498,5HTeZ5168DjjGWZgbvzGfysEAj9fnexF24gYFKJHENU5cc8a,5CyQFykVpfa9xgZVGgBsiNUpjbo1EihBTSkPvDC1FZbL1wxG
9154882,1790459822529,64798351920,64618356498,5HTeZ5168DjjGWZgbvzGfysEAj9fnexF24gYFKJHENU5cc8a,5CyQFykVpfa9xgZVGgBsiNUpjbo1EihBTSkPvDC1FZbL1wxG
9155242,1790464152411,64798351920,64618356498,5HTeZ5168DjjGWZgbvzGfysEAj9fnexF24gYFKJHENU5cc8a,5CyQFykVpfa9xgZVGgBsiNUpjbo1EihBTSkPvDC1FZbL1wxG
9155602,1790468482293,64798351920,64618356498,5HTeZ5168DjjGWZgbvzGfysEAj9fnexF24gYFKJHENU5cc8a,5CyQFykVpfa9xgZVGgBsiNUpjbo1EihBTSkPvDC1FZbL1wxG
9155962,1790472812175,64798351920,64618356498,5HTeZ5168DjjGWZgbvzGfysEAj9fnexF24gYFKJHENU5cc8a,5CyQFykVpfa9xgZVGgBsiNUpjbo1EihBTSkPvDC1FZbL1wxG
9156322,1790477142057,64798351920,64618356498,5HTeZ5168DjjGWZgbvzGfysEAj9fnexF24gYFKJHENU5cc8a,5CyQFykVpfa9xgZVGgBsiNUpjbo1EihBTSkPvDC1FZbL1wxG
9156682,1790481471939,64798351920,64618356498,5HTeZ5168DjjGWZgbvzGfysEAj9fnexF24gYFKJHENU5cc8a,5CyQFykVpfa9xgZVGgBsiNUpjbo1EihBTSkPvDC1FZbL1wxG
9157042,1790485801821,64798351920,64618356498,5HTeZ5168DjjGWZgbvzGfysEAj9fnexF24gYFKJHENU5cc8a,5CyQFykVpfa9xgZVGgBsiNUpjbo1EihBTSkPvDC1FZbL1wxG
9157402,1790490131703,64798351920,64618356498,5HTeZ5168DjjGWZgbvzGfysEAj9fnexF24gYFKJHENU5cc8a,5CyQFykVpfa9xgZVGgBsiNUpjbo1EihBTSkPvDC1FZbL1wxG
9157762,1790494461585,64798351920,64618356498,5HTeZ5168DjjGWZgbvzGfysEAj9fnexF24gYFKJHENU5cc8a,5CyQFykVpfa9xgZVGgBsiNUpjbo1EihBTSkPvDC1FZbL1wxG
9158122,1790498791467,64798351920,64618356498,5HTeZ5168DjjGWZgbvzGfysEAj9fnexF24gYFKJHENU5cc8a,5CyQFykVpfa9xgZVGgBsiNUpjbo1EihBTSkPvDC1FZbL1wxG
9158482,1790503121349,64798351920,64618356498,5HTeZ5168DjjGWZgbvzGfysEAj9fnexF24gYFKJHENU5cc8a,5CyQFykVpfa9xgZVGgBsiNUpjbo1EihBTSkPvDC1FZbL1wxG
9158842,1790507451231,64798351920,64618356498,5HTeZ5168DjjGWZgbvzGfysEAj9fnexF24gYFKJHENU5cc8a,5CyQFykVpfa9xgZVGgBsiNUpjbo1EihBTSkPvDC1FZbL1wxG
9159202,1790511781113,64798351920,64618356498,5HTeZ5168DjjGWZgbvzGfysEAj9fnexF24gYFKJHENU5cc8a,5CyQFykVpfa9xgZVGgBsiNUpjbo1EihBTSkPvDC1FZbL1wxG
9159562,1790516110996,64798351920,64618356498,5HTeZ5168DjjGWZgbvzGfysEAj9fnexF24gYFKJHENU5cc8a,5CyQFykVpfa9xgZVGgBsiNUpjbo1EihBTSkPvDC1FZbL1wxG
9159922,1790520440878,64798351920,64618356498,5HTeZ5168DjjGWZgbvzGfysEAj9fnexF24gYFKJHENU5cc8a,5CyQFykVpfa9xgZVGgBsiNUpjbo1EihBTSkPvDC1FZbL1wxG
9160282,1790524770760,64798351920,64618356498,5HTeZ5168DjjGWZgbvzGfysEAj9fnexF24gYFKJHENU5cc8a,5CyQFykVpfa9xgZVGgBsiNUpjbo1EihBTSkPvDC1FZbL1wxG
9160642,1790529100642,64798351920,64618356498,5HTeZ5168DjjGWZgbvzGfysEAj9fnexF24gYFKJHENU5cc8a,5CyQFykVpfa9xgZVGgBsiNUpjbo1EihBTSkPvDC1FZbL1wxG
9161002,1790533430524,64798351920,64618356498,5HTeZ5168DjjGWZgbvzGfysEAj9fnexF24gYFKJHENU5cc8a,5CyQFykVpfa9xgZVGgBsiNUpjbo1EihBTSkPvDC1FZbL1wxG
9161362,1790537760406,64798351920,64618356498,5HTeZ5168DjjGWZgbvzGfysEAj9fnexF24gYFKJHENU5cc8a,5CyQFykVpfa9xgZVGgBsiNUpjbo1EihBTSkPvDC1FZbL1wxG
9161722,1790542090288,64798351920,64618356498,5HTeZ5168DjjGWZgbvzGfysEAj9fnexF24gYFKJHENU5cc8a,5CyQFykVpfa9xgZVGgBsiNUpjbo1EihBTSkPvDC1FZbL1wxG
9162082,1790546420170,64798351920,64618356498,5HTeZ5168DjjGWZgbvzGfysEAj9fnexF24gYFKJHENU5cc8a,5CyQFykVpfa9xgZVGgBsiNUpjbo1EihBTSkPvDC1FZbL1wxG
9162442,1790550750052,64798351920,64618356498,5HTeZ5168DjjGWZgbvzGfysEAj9fnexF24gYFKJHENU5cc8a,5CyQFykVpfa9xgZVGgBsiNUpjbo1EihBTSkPvDC1FZbL1wxG
9162802,1790555079934,64798351920,64618356498,5HTeZ5168DjjGWZgbvzGfysEAj9fnexF24gYFKJHENU5cc8a,5CyQFykVpfa9xgZVGgBsiNUpjbo1EihBTSkPvDC1FZbL1wxG
9163162,1790559409816,64798351920,64618356498,5HTeZ5168DjjGWZgbvzGfysEAj9fnexF24gYFKJHENU5cc8a,5CyQFykVpfa9xgZVGgBsiNUpjbo1EihBTSkPvDC1FZbL1wxG
9163522,1790563739698,64798351920,64618356498,5HTeZ5168DjjGWZgbvzGfysEAj9fnexF24gYFKJHENU5cc8a,5CyQFykVpfa9xgZVGgBsiNUpjbo1EihBTSkPvDC1FZbL1wxG
9163882,1790568069580,64798351920,64618356498,5HTeZ5168DjjGWZgbvzGfysEAj9fnexF24gYFKJHENU5cc8a,5CyQFykVpfa9xgZVGgBsiNUpjbo1EihBTSkPvDC1FZbL1wxG
9164242,1790572399462,64798351920,64618356498,5HTeZ5168DjjGWZgbvzGfysEAj9fnexF24gYFKJHENU5cc8a,5CyQFykVpfa9xgZVGgBsiNUpjbo1EihBTSkPvDC1FZbL1wxG
9164602,1790576729344,64798351920,64618356498,5HTeZ5168DjjGWZgbvzGfysEAj9fnexF24gYFKJHENU5cc8a,5CyQFykVpfa9xgZVGgBsiNUpjbo1EihBTSkPvDC1FZbL1wxG
9164962,1790581059226,64798351920,64618356498,5HTeZ5168DjjGWZgbvzGfysEAj9fnexF24gYFKJHENU5cc8a,5CyQFykVpfa9xgZVGgBsiNUpjbo1EihBTSkPvDC1FZbL1wxG
9165322,1790585389108,64798351920,64618356498,5HTeZ5168DjjGWZgbvzGfysEAj9fnexF24gYFKJHENU5cc8a,5CyQFykVpfa9xgZVGgBsiNUpjbo1EihBTSkPvDC1FZbL1wxG
9165682,1790589718991,64798351920,64618356498,5HTeZ5168DjjGWZgbvzGfysEAj9fnexF24gYFKJHENU5cc8a,5CyQFykVpfa9xgZVGgBsiNUpjbo1EihBTSkPvDC1FZbL1wxG
9166042,1790594048873,64798351920,64618356498,5HTeZ5168DjjGWZgbvzGfysEAj9fnexF24gYFKJHENU5cc8a,5CyQFykVpfa9xgZVGgBsiNUpjbo1EihBTSkPvDC1FZbL1wxG
9166402,1790598378755,64798351920,64618356498,5HTeZ5168DjjGWZgbvzGfysEAj9fnexF24gYFKJHENU5cc8a,5CyQFykVpfa9xgZVGgBsiNUpjbo1EihBTSkPvDC1FZbL1wxG
9166762,1790602708637,64798351920,64618356498,5HTeZ5168DjjGWZgbvzGfysEAj9fnexF24gYFKJHENU5cc8a,5CyQFykVpfa9xgZVGgBsiNUpjbo1EihBTSkPvDC1FZbL1wxG
9167122,1790607038519,64798351920,64618356498,5HTeZ5168DjjGWZgbvzGfysEAj9fnexF24gYFKJHENU5cc8a,5CyQFykVpfa9xgZVGgBsiNUpjbo1EihBTSkPvDC1FZbL1wxG
9167482,1790611368401,64798351920,64618356498,5HTeZ5168DjjGWZgbvzGfysEAj9fnexF24gYFKJHENU5cc8a,5CyQFykVpfa9xgZVGgBsiNUpjbo1EihBTSkPvDC1FZbL1wxG
9167842,1790615698283,64798351920,64618356498,5HTeZ5168DjjGWZgbvzGfysEAj9fnexF24gYFKJHENU5cc8a,5CyQFykVpfa9xgZVGgBsiNUpjbo1EihBTSkPvDC1FZbL1wxG
9168202,1790620028165,64798351920,64618356498,5HTeZ5168DjjGWZgbvzGfysEAj9fnexF24gYFKJHENU5cc8a,5CyQFykVpfa9xgZVGgBsiNUpjbo1EihBTSkPvDC1FZbL1wxG
9168562,1790624358047,64798351920,64618356498,5HTeZ5168DjjGWZgbvzGfysEAj9fnexF24gYFKJHENU5cc8a,5CyQFykVpfa9xgZVGgBsiNUpjbo1EihBTSkPvDC1FZbL1wxG
9168922,1790628687929,64798351920,64618356498,5HTeZ5168DjjGWZgbvzGfysEAj9fnexF24gYFKJHENU5cc8a,5CyQFykVpfa9xgZVGgBsiNUpjbo1EihBTSkPvDC1FZbL1wxG
9169282,1790633017811,64798351920,64618356498,5HTeZ5168DjjGWZgbvzGfysEAj9fnexF24gYFKJHENU5cc8a,5CyQFykVpfa9xgZVGgBsiNUpjbo1EihBTSkPvDC1FZbL1wxG
9169642,1790637347693,64798351920,64618356498,5HTeZ5168DjjGWZgbvzGfysEAj9fnexF24gYFKJHENU5cc8a,5CyQFykVpfa9xgZVGgBsiNUpjbo1EihBTSkPvDC1FZbL1wxG
9170002,1790641677575,64798351920,64618356498,5HTeZ5168DjjGWZgbvzGfysEAj9fnexF24gYFKJHENU5cc8a,5CyQFykVpfa9xgZVGgBsiNUpjbo1EihBTSkPvDC1FZbL1wxG
9170362,1790646007457,64798351920,64618356498,5HTeZ5168DjjGWZgbvzGfysEAj9fnexF24gYFKJHENU5cc8a,5CyQFykVpfa9xgZVGgBsiNUpjbo1EihBTSkPvDC1FZbL1wxG
9170722,1790650337339,64798351920,64618356498,5HTeZ5168DjjGWZgbvzGfysEAj9fnexF24gYFKJHENU5cc8a,5CyQFykVpfa9xgZVGgBsiNUpjbo1EihBTSkPvDC1FZbL1wxG
9171082,1790654667221,64798351920,64618356498,5HTeZ5168DjjGWZgbvzGfysEAj9fnexF24gYFKJHENU5cc8a,5CyQFykVpfa9xgZVGgBsiNUpjbo1EihBTSkPvDC1FZbL1wxG
9171442,1790658997104,64798351920,64618356498,5HTeZ5168DjjGWZgbvzGfysEAj9fnexF24gYFKJHENU5cc8a,5CyQFykVpfa9xgZVGgBsiNUpjbo1EihBTSkPvDC1FZbL1wxG
9171802,1790663326986,64798351920,64618356498,5HTeZ5168DjjGWZgbvzGfysEAj9fnexF24gYFKJHENU5cc8a,5CyQFykVpfa9xgZVGgBsiNUpjbo1EihBTSkPvDC1FZbL1wxG
9172162,1790667656868,64798351920,64618356498,5HTeZ5168DjjGWZgbvzGfysEAj9fnexF24gYFKJHENU5cc8a,5CyQFykVpfa9xgZVGgBsiNUpjbo1EihBTSkPvDC1FZbL1wxG
9172522,1790671986750,64798351920,64618356498,5HTeZ5168DjjGWZgbvzGfysEAj9fnexF24gYFKJHENU5cc8a,5CyQFykVpfa9xgZVGgBsiNUpjbo1EihBTSkPvDC1FZbL1wxG
9172882,1790676316632,64798351920,64618356498,5HTeZ5168DjjGWZgbvzGfysEAj9fnexF24gYFKJHENU5cc8a,5CyQFykVpfa9xgZVGgBsiNUpjbo1EihBTSkPvDC1FZbL1wxG
9173242,1790680646514,64798351920,64618356498,5HTeZ5168DjjGWZgbvzGfysEAj9fnexF24gYFKJHENU5cc8a,5CyQFykVpfa9xgZVGgBsiNUpjbo1EihBTSkPvDC1FZbL1wxG
9173602,1790684976396,64798351920,64618356498,5HTeZ5168DjjGWZgbvzGfysEAj9fnexF24gYFKJHENU5cc8a,5CyQFykVpfa9xgZVGgBsiNUpjbo1EihBTSkPvDC1FZbL1wxG
9173962,1790689306278,64798351920,64618356498,5HTeZ5168DjjGWZgbvzGfysEAj9fnexF24gYFKJHENU5cc8a,5CyQFykVpfa9xgZVGgBsiNUpjbo1EihBTSkPvDC1FZbL1wxG
9174322,1790693636160,64798351920,64618356498,5HTeZ5168DjjGWZgbvzGfysEAj9fnexF24gYFKJHENU5cc8a,5CyQFykVpfa9xgZVGgBsiNUpjbo1EihBTSkPvDC1FZbL1wxG
9174682,1790697966042,64798351920,64618356498,5HTeZ5168DjjGWZgbvzGfysEAj9fnexF24gYFKJHENU5cc8a,5CyQFykVpfa9xgZVGgBsiNUpjbo1EihBTSkPvDC1FZbL1wxG
9175042,1790702295924,64798351920,64618356498,5HTeZ5168DjjGWZgbvzGfysEAj9fnexF24gYFKJHENU5cc8a,5CyQFykVpfa9xgZVGgBsiNUpjbo1EihBTSkPvDC1FZbL1wxG
9175402,1790706625806,64798351920,64618356498,5HTeZ5168DjjGWZgbvzGfysEAj9fnexF24gYFKJHENU5cc8a,5CyQFykVpfa9xgZVGgBsiNUpjbo1EihBTSkPvDC1FZbL1wxG
9175762,1790710955688,64798351920,64618356498,5HTeZ5168DjjGWZgbvzGfysEAj9fnexF24gYFKJHENU5cc8a,5CyQFykVpfa9xgZVGgBsiNUpjbo1EihBTSkPvDC1FZbL1wxG
9176122,1790715285570,64798351920,64618356498,5HTeZ5168DjjGWZgbvzGfysEAj9fnexF24gYFKJHENU5cc8a,5CyQFykVpfa9xgZVGgBsiNUpjbo1EihBTSkPvDC1FZbL1wxG
9176482,1790719615452,64798351920,64618356498,5HTeZ5168DjjGWZgbvzGfysEAj9fnexF24gYFKJHENU5cc8a,5CyQFykVpfa9xgZVGgBsiNUpjbo1EihBTSkPvDC1FZbL1wxG
9176842,1790723945334,64798351920,64618356498,5HTeZ5168DjjGWZgbvzGfysEAj9fnexF24gYFKJHENU5cc8a,5CyQFykVpfa9xgZVGgBsiNUpjbo1EihBTSkPvDC1FZbL1wxG
9177202,1790728275216,64798351920,64618356498,5HTeZ5168DjjGWZgbvzGfysEAj9fnexF24gYFKJHENU5cc8a,5CyQFykVpfa9xgZVGgBsiNUpjbo1EihBTSkPvDC1FZbL1wxG
9177562,1790732605099,64798351920,64618356498,5HTeZ5168DjjGWZgbvzGfysEAj9fnexF24gYFKJHENU5cc8a,5CyQFykVpfa9xgZVGgBsiNUpjbo1EihBTSkPvDC1FZbL1wxG
9177922,1790736934981,64798351920,64618356498,5HTeZ5168DjjGWZgbvzGfysEAj9fnexF24gYFKJHENU5cc8a,5CyQFykVpfa9xgZVGgBsiNUpjbo1EihBTSkPvDC1FZbL1wxG
9178282,1790741264863,64798351920,64618356498,5HTeZ5168DjjGWZgbvzGfysEAj9fnexF24gYFKJHENU5cc8a,5CyQFykVpfa9xgZVGgBsiNUpjbo1EihBTSkPvDC1FZbL1wxG
9178642,1790745594745,64798351920,64618356498,5HTeZ5168DjjGWZgbvzGfysEAj9fnexF24gYFKJHENU5cc8a,5CyQFykVpfa9xgZVGgBsiNUpjbo1EihBTSkPvDC1FZbL1wxG
9179002,1790749924627,64798351920,64618356498,5HTeZ5168DjjGWZgbvzGfysEAj9fnexF24gYFKJHENU5cc8a,5CyQFykVpfa9xgZVGgBsiNUpjbo1EihBTSkPvDC1FZbL1wxG
9179362,1790754254509,64798351920,64618356498,5HTeZ5168DjjGWZgbvzGfysEAj9fnexF24gYFKJHENU5cc8a,5CyQFykVpfa9xgZVGgBsiNUpjbo1EihBTSkPvDC1FZbL1wxG
9179722,1790758584391,64798351920,64618356498,5HTeZ5168DjjGWZgbvzGfysEAj9fnexF24gYFKJHENU5cc8a,5CyQFykVpfa9xgZVGgBsiNUpjbo1EihBTSkPvDC1FZbL1wxG
9180082,1790762914273,64798351920,64618356498,5HTeZ5168DjjGWZgbvzGfysEAj9fnexF24gYFKJHENU5cc8a,5CyQFykVpfa9xgZVGgBsiNUpjbo1EihBTSkPvDC1FZbL1wxG
9180442,1790767244155,64798351920,64618356498,5HTeZ5168DjjGWZgbvzGfysEAj9fnexF24gYFKJHENU5cc8a,5CyQFykVpfa9xgZVGgBsiNUpjbo1EihBTSkPvDC1FZbL1wxG
9180802,1790771574037,64798351920,64618356498,5HTeZ5168DjjGWZgbvzGfysEAj9fnexF24gYFKJHENU5cc8a,5CyQFykVpfa9xgZVGgBsiNUpjbo1EihBTSkPvDC1FZbL1wxG
9181162,1790775903919,64798351920,64618356498,5HTeZ5168DjjGWZgbvzGfysEAj9fnexF24gYFKJHENU5cc8a,5CyQFykVpfa9xgZVGgBsiNUpjbo1EihBTSkPvDC1FZbL1wxG
9181522,1790780233801,64798351920,64618356498,5HTeZ5168DjjGWZgbvzGfysEAj9fnexF24gYFKJHENU5cc8a,5CyQFykVpfa9xgZVGgBsiNUpjbo1EihBTSkPvDC1FZbL1wxG
9181882,1790784563683,64798351920,64618356498,5HTeZ5168DjjGWZgbvzGfysEAj9fnexF24gYFKJHENU5cc8a,5CyQFykVpfa9xgZVGgBsiNUpjbo1EihBTSkPvDC1FZbL1wxG
9182242,1790788893565,64798351920,64618356498,5HTeZ5168DjjGWZgbvzGfysEAj9fnexF24gYFKJHENU5cc8a,5CyQFykVpfa9xgZVGgBsiNUpjbo1EihBTSkPvDC1FZbL1wxG
9182602,1790793223447,64798351920,64618356498,5HTeZ5168DjjGWZgbvzGfysEAj9fnexF24gYFKJHENU5cc8a,5CyQFykVpfa9xgZVGgBsiNUpjbo1EihBTSkPvDC1FZbL1wxG
9182962,1790797553329,64798351920,64618356498,5HTeZ5168DjjGWZgbvzGfysEAj9fnexF24gYFKJHENU5cc8a,5CyQFykVpfa9xgZVGgBsiNUpjbo1EihBTSkPvDC1FZbL1wxG
9183322,1790801883211,64798351920,64618356498,5HTeZ5168DjjGWZgbvzGfysEAj9fnexF24gYFKJHENU5cc8a,5CyQFykVpfa9xgZVGgBsiNUpjbo1EihBTSkPvDC1FZbL1wxG
9183682,1790806213094,64798351920,64618356498,5HTeZ5168DjjGWZgbvzGfysEAj9fnexF24gYFKJHENU5cc8a,5CyQFykVpfa9xgZVGgBsiNUpjbo1EihBTSkPvDC1FZbL1wxG
9184042,1790810542976,64798351920,64618356498,5HTeZ5168DjjGWZgbvzGfysEAj9fnexF24gYFKJHENU5cc8a,5CyQFykVpfa9xgZVGgBsiNUpjbo1EihBTSkPvDC1FZbL1wxG
9184402,1790814872858,64798351920,64618356498,5HTeZ5168DjjGWZgbvzGfysEAj9fnexF24gYFKJHENU5cc8a,5CyQFykVpfa9xgZVGgBsiNUpjbo1EihBTSkPvDC1FZbL1wxG
9184762,1790819202740,64798351920,64618356498,5HTeZ5168DjjGWZgbvzGfysEAj9fnexF24gYFKJHENU5cc8a,5CyQFykVpfa9xgZVGgBsiNUpjbo1EihBTSkPvDC1FZbL1wxG
9185122,1790823532622,64798351920,64618356498,5HTeZ5168DjjGWZgbvzGfysEAj9fnexF24gYFKJHENU5cc8a,5CyQFykVpfa9xgZVGgBsiNUpjbo1EihBTSkPvDC1FZbL1wxG
9185482,1790827862504,64798351920,64618356498,5HTeZ5168DjjGWZgbvzGfysEAj9fnexF24gYFKJHENU5cc8a,5CyQFykVpfa9xgZVGgBsiNUpjbo1EihBTSkPvDC1FZbL1wxG
9185842,1790832192386,64798351920,64618356498,5HTeZ5168DjjGWZgbvzGfysEAj9fnexF24gYFKJHENU5cc8a,5CyQFykVpfa9xgZVGgBsiNUpjbo1EihBTSkPvDC1FZbL1wxG
9186202,1790836522268,64798351920,64618356498,5HTeZ5168DjjGWZgbvzGfysEAj9fnexF24gYFKJHENU5cc8a,5CyQFykVpfa9xgZVGgBsiNUpjbo1EihBTSkPvDC1FZbL1wxG
9186562,1790840852150,64798351920,64618356498,5HTeZ5168DjjGWZgbvzGfysEAj9fnexF24gYFKJHENU5cc8a,5CyQFykVpfa9xgZVGgBsiNUpjbo1EihBTSkPvDC1FZbL1wxG
9186922,1790845182032,64798351920,64618356498,5HTeZ5168DjjGWZgbvzGfysEAj9fnexF24gYFKJHENU5cc8a,5CyQFykVpfa9xgZVGgBsiNUpjbo1EihBTSkPvDC1FZbL1wxG
9187282,1790849511914,64798351920,64618356498,5HTeZ5168DjjGWZgbvzGfysEAj9fnexF24gYFKJHENU5cc8a,5CyQFykVpfa9xgZVGgBsiNUpjbo1EihBTSkPvDC1FZbL1wxG
9187642,1790853841796,64798351920,64618356498,5HTeZ5168DjjGWZgbvzGfysEAj9fnexF24gYFKJHENU5cc8a,5CyQFykVpfa9xgZVGgBsiNUpjbo1EihBTSkPvDC1FZbL1wxG
9188002,1790858171678,64798351920,64618356498,5HTeZ5168DjjGWZgbvzGfysEAj9fnexF24gYFKJHENU5cc8a,5CyQFykVpfa9xgZVGgBsiNUpjbo1EihBTSkPvDC1FZbL1wxG
9188362,1790862501560,64798351920,64618356498,5HTeZ5168DjjGWZgbvzGfysEAj9fnexF24gYFKJHENU5cc8a,5CyQFykVpfa9xgZVGgBsiNUpjbo1EihBTSkPvDC1FZbL1wxG
9188722,1790866831442,64798351920,64618356498,5HTeZ5168DjjGWZgbvzGfysEAj9fnexF24gYFKJHENU5cc8a,5CyQFykVpfa9xgZVGgBsiNUpjbo1EihBTSkPvDC1FZbL1wxG
9189082,1790871161324,64798351920,64618356498,5HTeZ5168DjjGWZgbvzGfysEAj9fnexF24gYFKJHENU5cc8a,5CyQFykVpfa9xgZVGgBsiNUpjbo1EihBTSkPvDC1FZbL1wxG
9189442,1790875491207,64798351920,64618356498,5HTeZ5168DjjGWZgbvzGfysEAj9fnexF24gYFKJHENU5cc8a,5CyQFykVpfa9xgZVGgBsiNUpjbo1EihBTSkPvDC1FZbL1wxG
9189802,1790879821089,64798351920,64618356498,5HTeZ5168DjjGWZgbvzGfysEAj9fnexF24gYFKJHENU5cc8a,5CyQFykVpfa9xgZVGgBsiNUpjbo1EihBTSkPvDC1FZbL1wxG
9190162,1790884150971,64798351920,64618356498,5HTeZ5168DjjGWZgbvzGfysEAj9fnexF24gYFKJHENU5cc8a,5CyQFykVpfa9xgZVGgBsiNUpjbo1EihBTSkPvDC1FZbL1wxG
9190522,1790888480853,64798351920,64618356498,5HTeZ5168DjjGWZgbvzGfysEAj9fnexF24gYFKJHENU5cc8a,5CyQFykVpfa9xgZVGgBsiNUpjbo1EihBTSkPvDC1FZbL1wxG
9190882,1790892810735,64798351920,64618356498,5HTeZ5168DjjGWZgbvzGfysEAj9fnexF24gYFKJHENU5cc8a,5CyQFykVpfa9xgZVGgBsiNUpjbo1EihBTSkPvDC1FZbL1wxG
9191242,1790897140617,64798351920,64618356498,5HTeZ5168DjjGWZgbvzGfysEAj9fnexF24gYFKJHENU5cc8a,5CyQFykVpfa9xgZVGgBsiNUpjbo1EihBTSkPvDC1FZbL1wxG
9191602,1790901470499,64798351920,64618356498,5HTeZ5168DjjGWZgbvzGfysEAj9fnexF24gYFKJHENU5cc8a,5CyQFykVpfa9xgZVGgBsiNUpjbo1EihBTSkPvDC1FZbL1wxG
9191962,1790905800381,64798351920,64618356498,5HTeZ5168DjjGWZgbvzGfysEAj9fnexF24gYFKJHENU5cc8a,5CyQFykVpfa9xgZVGgBsiNUpjbo1EihBTSkPvDC1FZbL1wxG
9192322,1790910130263,64798351920,64618356498,5HTeZ5168DjjGWZgbvzGfysEAj9fnexF24gYFKJHENU5cc8a,5CyQFykVpfa9xgZVGgBsiNUpjbo1EihBTSkPvDC1FZbL1wxG
9192682,1790914460145,64798351920,64618356498,5HTeZ5168DjjGWZgbvzGfysEAj9fnexF24gYFKJHENU5cc8a,5CyQFykVpfa9xgZVGgBsiNUpjbo1EihBTSkPvDC1FZbL1wxG
9193042,1790918790027,64798351920,64618356498,5HTeZ5168DjjGWZgbvzGfysEAj9fnexF24gYFKJHENU5cc8a,5CyQFykVpfa9xgZVGgBsiNUpjbo1EihBTSkPvDC1FZbL1wxG
9193402,1790923119909,64798351920,64618356498,5HTeZ5168DjjGWZgbvzGfysEAj9fnexF24gYFKJHENU5cc8a,5CyQFykVpfa9xgZVGgBsiNUpjbo1EihBTSkPvDC1FZbL1wxG
9193762,1790927449791,64798351920,64618356498,5HTeZ5168DjjGWZgbvzGfysEAj9fnexF24gYFKJHENU5cc8a,5CyQFykVpfa9xgZVGgBsiNUpjbo1EihBTSkPvDC1FZbL1wxG
9194122,1790931779673,64798351920,64618356498,5HTeZ5168DjjGWZgbvzGfysEAj9fnexF24gYFKJHENU5cc8a,5CyQFykVpfa9xgZVGgBsiNUpjbo1EihBTSkPvDC1FZbL1wxG
9194482,1790936109555,64798351920,64618356498,5HTeZ5168DjjGWZgbvzGfysEAj9fnexF24gYFKJHENU5cc8a,5CyQFykVpfa9xgZVGgBsiNUpjbo1EihBTSkPvDC1FZbL1wxG
9194842,1790940439437,64798351920,64618356498,5HTeZ5168DjjGWZgbvzGfysEAj9fnexF24gYFKJHENU5cc8a,5CyQFykVpfa9xgZVGgBsiNUpjbo1EihBTSkPvDC1FZbL1wxG
9195202,1790944769319,64798351920,64618356498,5HTeZ5168DjjGWZgbvzGfysEAj9fnexF24gYFKJHENU5cc8a,5CyQFykVpfa9xgZVGgBsiNUpjbo1EihBTSkPvDC1FZbL1wxG
9195562,1790949099202,64798351920,64618356498,5HTeZ5168DjjGWZgbvzGfysEAj9fnexF24gYFKJHENU5cc8a,5CyQFykVpfa9xgZVGgBsiNUpjbo1EihBTSkPvDC1FZbL1wxG
9195922,1790953429084,64798351920,64618356498,5HTeZ5168DjjGWZgbvzGfysEAj9fnexF24gYFKJHENU5cc8a,5CyQFykVpfa9xgZVGgBsiNUpjbo1EihBTSkPvDC1FZbL1wxG
9196282,1790957758966,64798351920,64618356498,5HTeZ5168DjjGWZgbvzGfysEAj9fnexF24gYFKJHENU5cc8a,5CyQFykVpfa9xgZVGgBsiNUpjbo1EihBTSkPvDC1FZbL1wxG
9196642,1790962088848,64798351920,64618356498,5HTeZ5168DjjGWZgbvzGfysEAj9fnexF24gYFKJHENU5cc8a,5CyQFykVpfa9xgZVGgBsiNUpjbo1EihBTSkPvDC1FZbL1wxG
9197002,1790966418730,64798351920,64618356498,5HTeZ5168DjjGWZgbvzGfysEAj9fnexF24gYFKJHENU5cc8a,5CyQFykVpfa9xgZVGgBsiNUpjbo1EihBTSkPvDC1FZbL1wxG
9197362,1790970748612,64798351920,64618356498,5HTeZ5168DjjGWZgbvzGfysEAj9fnexF24gYFKJHENU5cc8a,5CyQFykVpfa9xgZVGgBsiNUpjbo1EihBTSkPvDC1FZbL1wxG
9197722,1790975078494,64798351920,64618356498,5HTeZ5168DjjGWZgbvzGfysEAj9fnexF24gYFKJHENU5cc8a,5CyQFykVpfa9xgZVGgBsiNUpjbo1EihBTSkPvDC1FZbL1wxG
9198082,1790979408376,64798351920,64618356498,5HTeZ5168DjjGWZgbvzGfysEAj9fnexF24gYFKJHENU5cc8a,5CyQFykVpfa9xgZVGgBsiNUpjbo1EihBTSkPvDC1FZbL1wxG
9198442,1790983738258,64798351920,64618356498,5HTeZ5168DjjGWZgbvzGfysEAj9fnexF24gYFKJHENU5cc8a,5CyQFykVpfa9xgZVGgBsiNUpjbo1EihBTSkPvDC1FZbL1wxG
9198802,1790988068140,64798351920,64618356498,5HTeZ5168DjjGWZgbvzGfysEAj9fnexF24gYFKJHENU5cc8a,5CyQFykVpfa9xgZVGgBsiNUpjbo1EihBTSkPvDC1FZbL1wxG
9199162,1790992398022,64798351920,64618356498,5HTeZ5168DjjGWZgbvzGfysEAj9fnexF24gYFKJHENU5cc8a,5CyQFykVpfa9xgZVGgBsiNUpjbo1EihBTSkPvDC1FZbL1wxG
9199522,1790996727904,64798351920,64618356498,5HTeZ5168DjjGWZgbvzGfysEAj9fnexF24gYFKJHENU5cc8a,5CyQFykVpfa9xgZVGgBsiNUpjbo1EihBTSkPvDC1FZbL1wxG
9199882,1791001057786,64798351920,64618356498,5HTeZ5168DjjGWZgbvzGfysEAj9fnexF24gYFKJHENU5cc8a,5CyQFykVpfa9xgZVGgBsiNUpjbo1EihBTSkPvDC1FZbL1wxG
9200242,1791005387668,64798351920,64618356498,5HTeZ5168DjjGWZgbvzGfysEAj9fnexF24gYFKJHENU5cc8a,5CyQFykVpfa9xgZVGgBsiNUpjbo1EihBTSkPvDC1FZbL1wxG
9200602,1791009717550,64798351920,64618356498,5HTeZ5168DjjGWZgbvzGfysEAj9fnexF24gYFKJHENU5cc8a,5CyQFykVpfa9xgZVGgBsiNUpjbo1EihBTSkPvDC1FZbL1wxG
9200962,1791014047432,64798351920,64618356498,5HTeZ5168DjjGWZgbvzGfysEAj9fnexF24gYFKJHENU5cc8a,5CyQFykVpfa9xgZVGgBsiNUpjbo1EihBTSkPvDC1FZbL1wxG
9201322,1791018377314,64798351920,64618356498,5HTeZ5168DjjGWZgbvzGfysEAj9fnexF24gYFKJHENU5cc8a,5CyQFykVpfa9xgZVGgBsiNUpjbo1EihBTSkPvDC1FZbL1wxG
9201682,1791022707197,64798351920,64618356498,5HTeZ5168DjjGWZgbvzGfysEAj9fnexF24gYFKJHENU5cc8a,5CyQFykVpfa9xgZVGgBsiNUpjbo1EihBTSkPvDC1FZbL1wxG
9202042,1791027037079,64798351920,64618356498,5HTeZ5168DjjGWZgbvzGfysEAj9fnexF24gYFKJHENU5cc8a,5CyQFykVpfa9xgZVGgBsiNUpjbo1EihBTSkPvDC1FZbL1wxG
9202402,1791031366961,64798351920,64618356498,5HTeZ5168DjjGWZgbvzGfysEAj9fnexF24gYFKJHENU5cc8a,5CyQFykVpfa9xgZVGgBsiNUpjbo1EihBTSkPvDC1FZbL1wxG
9202762,1791035696843,64798351920,64618356498,5HTeZ5168DjjGWZgbvzGfysEAj9fnexF24gYFKJHENU5cc8a,5CyQFykVpfa9xgZVGgBsiNUpjbo1EihBTSkPvDC1FZbL1wxG
8745562,1785543216233,64798351920,64618356498,5F6aRdsBHajN2NhZHBTB6ibBFu7YuZZEWruWzB8x6B6GiZ4D,5F6aRdsBHajN2NhZHBTB6ibBFu7YuZZEWruWzB8x6B6GiZ4D
8745922,1785547537467,64798351920,64618356498,5F6aRdsBHajN2NhZHBTB6ibBFu7YuZZEWruWzB8x6B6GiZ4D,5F6aRdsBHajN2NhZHBTB6ibBFu7YuZZEWruWzB8x6B6GiZ4D
8746282,1785551858702,64798351920,64618356498,5F6aRdsBHajN2NhZHBTB6ibBFu7YuZZEWruWzB8x6B6GiZ4D,5F6aRdsBHajN2NhZHBTB6ibBFu7YuZZEWruWzB8x6B6GiZ4D
8746642,1785556179936,64798351920,64618356498,5F6aRdsBHajN2NhZHBTB6ibBFu7YuZZEWruWzB8x6B6GiZ4D,5F6aRdsBHajN2NhZHBTB6ibBFu7YuZZEWruWzB8x6B6GiZ4D
8747002,1785560501170,64798351920,64618356498,5F6aRdsBHajN2NhZHBTB6ibBFu7YuZZEWruWzB8x6B6GiZ4D,5F6aRdsBHajN2NhZHBTB6ibBFu7YuZZEWruWzB8x6B6GiZ4D
8747362,1785564822405,64798351920,64618356498,5F6aRdsBHajN2NhZHBTB6ibBFu7YuZZEWruWzB8x6B6GiZ4D,5F6aRdsBHajN2NhZHBTB6ibBFu7YuZZEWruWzB8x6B6GiZ4D
8747722,1785569143639,64798351920,64618356498,5F6aRdsBHajN2NhZHBTB6ibBFu7YuZZEWruWzB8x6B6GiZ4D,5F6aRdsBHajN2NhZHBTB6ibBFu7YuZZEWruWzB8x6B6GiZ4D
8748082,1785573464874,64798351920,64618356498,5F6aRdsBHajN2NhZHBTB6ibBFu7YuZZEWruWzB8x6B6GiZ4D,5F6aRdsBHajN2NhZHBTB6ibBFu7YuZZEWruWzB8x6B6GiZ4D
8748442,1785577786108,64798351920,64618356498,5F6aRdsBHajN2NhZHBTB6ibBFu7YuZZEWruWzB8x6B6GiZ4D,5F6aRdsBHajN2NhZHBTB6ibBFu7YuZZEWruWzB8x6B6GiZ4D
8748802,1785582107343,64798351920,64618356498,5F6aRdsBHajN2NhZHBTB6ibBFu7YuZZEWruWzB8x6B6GiZ4D,5F6aRdsBHajN2NhZHBTB6ibBFu7YuZZEWruWzB8x6B6GiZ4D
8749162,1785586428577,64798351920,64618356498,5F6aRdsBHajN2NhZHBTB6ibBFu7YuZZEWruWzB8x6B6GiZ4D,5F6aRdsBHajN2NhZHBTB6ibBFu7YuZZEWruWzB8x6B6GiZ4D
8749522,1785590749812,64798351920,64618356498,5F6aRdsBHajN2NhZHBTB6ibBFu7YuZZEWruWzB8x6B6GiZ4D,5F6aRdsBHajN2NhZHBTB6ibBFu7YuZZEWruWzB8x6B6GiZ4D
8749882,1785595071046,64798351920,64618356498,5F6aRdsBHajN2NhZHBTB6ibBFu7YuZZEWruWzB8x6B6GiZ4D,5F6aRdsBHajN2NhZHBTB6ibBFu7YuZZEWruWzB8x6B6GiZ4D
8750242,1785599392280,64798351920,64618356498,5F6aRdsBHajN2NhZHBTB6ibBFu7YuZZEWruWzB8x6B6GiZ4D,5F6aRdsBHajN2NhZHBTB6ibBFu7YuZZEWruWzB8x6B6GiZ4D
8750602,1785603713515,64798351920,64618356498,5F6aRdsBHajN2NhZHBTB6ibBFu7YuZZEWruWzB8x6B6GiZ4D,5F6aRdsBHajN2NhZHBTB6ibBFu7YuZZEWruWzB8x6B6GiZ4D
8750962,1785608034749,64798351920,64618356498,5F6aRdsBHajN2NhZHBTB6ibBFu7YuZZEWruWzB8x6B6GiZ4D,5F6aRdsBHajN2NhZHBTB6ibBFu7YuZZEWruWzB8x6B6GiZ4D
8751322,1785612355984,64798351920,64618356498,5F6aRdsBHajN2NhZHBTB6ibBFu7YuZZEWruWzB8x6B6GiZ4D,5F6aRdsBHajN2NhZHBTB6ibBFu7YuZZEWruWzB8x6B6GiZ4D
8751682,1785616677218,64798351920,64618356498,5F6aRdsBHajN2NhZHBTB6ibBFu7YuZZEWruWzB8x6B6GiZ4D,5F6aRdsBHajN2NhZHBTB6ibBFu7YuZZEWruWzB8x6B6GiZ4D
8752042,1785620998453,64798351920,64618356498,5F6aRdsBHajN2NhZHBTB6ibBFu7YuZZEWruWzB8x6B6GiZ4D,5F6aRdsBHajN2NhZHBTB6ibBFu7YuZZEWruWzB8x6B6GiZ4D
8752402,1785625319687,64798351920,64618356498,5F6aRdsBHajN2NhZHBTB6ibBFu7YuZZEWruWzB8x6B6GiZ4D,5F6aRdsBHajN2NhZHBTB6ibBFu7YuZZEWruWzB8x6B6GiZ4D
8752762,1785629640922,64798351920,64618356498,5F6aRdsBHajN2NhZHBTB6ibBFu7YuZZEWruWzB8x6B6GiZ4D,5F6aRdsBHajN2NhZHBTB6ibBFu7YuZZEWruWzB8x6B6GiZ4D
8753122,1785633962156,64798351920,64618356498,5F6aRdsBHajN2NhZHBTB6ibBFu7YuZZEWruWzB8x6B6GiZ4D,5F6aRdsBHajN2NhZHBTB6ibBFu7YuZZEWruWzB8x6B6GiZ4D
8753482,1785638283390,64798351920,64618356498,5F6aRdsBHajN2NhZHBTB6ibBFu7YuZZEWruWzB8x6B6GiZ4D,5F6aRdsBHajN2NhZHBTB6ibBFu7YuZZEWruWzB8x6B6GiZ4D
8753842,1785642604625,64798351920,64618356498,5F6aRdsBHajN2NhZHBTB6ibBFu7YuZZEWruWzB8x6B6GiZ4D,5F6aRdsBHajN2NhZHBTB6ibBFu7YuZZEWruWzB8x6B6GiZ4D
8754202,1785646925859,64798351920,64618356498,5F6aRdsBHajN2NhZHBTB6ibBFu7YuZZEWruWzB8x6B6GiZ4D,5F6aRdsBHajN2NhZHBTB6ibBFu7YuZZEWruWzB8x6B6GiZ4D
8754562,1785651247094,64798351920,64618356498,5F6aRdsBHajN2NhZHBTB6ibBFu7YuZZEWruWzB8x6B6GiZ4D,5F6aRdsBHajN2NhZHBTB6ibBFu7YuZZEWruWzB8x6B6GiZ4D
8754922,1785655568328,64798351920,64618356498,5F6aRdsBHajN2NhZHBTB6ibBFu7YuZZEWruWzB8x6B6GiZ4D,5F6aRdsBHajN2NhZHBTB6ibBFu7YuZZEWruWzB8x6B6GiZ4D
8755282,1785659889563,64798351920,64618356498,5F6aRdsBHajN2NhZHBTB6ibBFu7YuZZEWruWzB8x6B6GiZ4D,5F6aRdsBHajN2NhZHBTB6ibBFu7YuZZEWruWzB8x6B6GiZ4D
8755642,1785664210797,64798351920,64618356498,5F6aRdsBHajN2NhZHBTB6ibBFu7YuZZEWruWzB8x6B6GiZ4D,5F6aRdsBHajN2NhZHBTB6ibBFu7YuZZEWruWzB8x6B6GiZ4D
8756002,1785668532031,64798351920,64618356498,5F6aRdsBHajN2NhZHBTB6ibBFu7YuZZEWruWzB8x6B6GiZ4D,5F6aRdsBHajN2NhZHBTB6ibBFu7YuZZEWruWzB8x6B6GiZ4D
8756362,1785672853266,64798351920,64618356498,5F6aRdsBHajN2NhZHBTB6ibBFu7YuZZEWruWzB8x6B6GiZ4D,5F6aRdsBHajN2NhZHBTB6ibBFu7YuZZEWruWzB8x6B6GiZ4D
8756722,1785677174500,64798351920,64618356498,5F6aRdsBHajN2NhZHBTB6ibBFu7YuZZEWruWzB8x6B6GiZ4D,5F6aRdsBHajN2NhZHBTB6ibBFu7YuZZEWruWzB8x6B6GiZ4D
8757082,1785681495735,64798351920,64618356498,5F6aRdsBHajN2NhZHBTB6ibBFu7YuZZEWruWzB8x6B6GiZ4D,5F6aRdsBHajN2NhZHBTB6ibBFu7YuZZEWruWzB8x6B6GiZ4D
8757442,1785685816969,64798351920,64618356498,5F6aRdsBHajN2NhZHBTB6ibBFu7YuZZEWruWzB8x6B6GiZ4D,5F6aRdsBHajN2NhZHBTB6ibBFu7YuZZEWruWzB8x6B6GiZ4D
8757802,1785690138204,64798351920,64618356498,5F6aRdsBHajN2NhZHBTB6ibBFu7YuZZEWruWzB8x6B6GiZ4D,5F6aRdsBHajN2NhZHBTB6ibBFu7YuZZEWruWzB8x6B6GiZ4D
8758162,1785694459438,64798351920,64618356498,5F6aRdsBHajN2NhZHBTB6ibBFu7YuZZEWruWzB8x6B6GiZ4D,5F6aRdsBHajN2NhZHBTB6ibBFu7YuZZEWruWzB8x6B6GiZ4D
8758522,1785698780673,64798351920,64618356498,5F6aRdsBHajN2NhZHBTB6ibBFu7YuZZEWruWzB8x6B6GiZ4D,5F6aRdsBHajN2NhZHBTB6ibBFu7YuZZEWruWzB8x6B6GiZ4D
8758882,1785703101907,64798351920,64618356498,5F6aRdsBHajN2NhZHBTB6ibBFu7YuZZEWruWzB8x6B6GiZ4D,5F6aRdsBHajN2NhZHBTB6ibBFu7YuZZEWruWzB8x6B6GiZ4D
8759242,1785707423141,64798351920,64618356498,5F6aRdsBHajN2NhZHBTB6ibBFu7YuZZEWruWzB8x6B6GiZ4D,5F6aRdsBHajN2NhZHBTB6ibBFu7YuZZEWruWzB8x6B6GiZ4D
8759602,1785711744376,64798351920,64618356498,5F6aRdsBHajN2NhZHBTB6ibBFu7YuZZEWruWzB8x6B6GiZ4D,5F6aRdsBHajN2NhZHBTB6ibBFu7YuZZEWruWzB8x6B6GiZ4D
8759962,1785716065610,64798351920,64618356498,5F6aRdsBHajN2NhZHBTB6ibBFu7YuZZEWruWzB8x6B6GiZ4D,5F6aRdsBHajN2NhZHBTB6ibBFu7YuZZEWruWzB8x6B6GiZ4D
8760322,1785720386845,64798351920,64618356498,5F6aRdsBHajN2NhZHBTB6ibBFu7YuZZEWruWzB8x6B6GiZ4D,5F6aRdsBHajN2NhZHBTB6ibBFu7YuZZEWruWzB8x6B6GiZ4D
8760682,1785724708079,64798351920,64618356498,5F6aRdsBHajN2NhZHBTB6ibBFu7YuZZEWruWzB8x6B6GiZ4D,5F6aRdsBHajN2NhZHBTB6ibBFu7YuZZEWruWzB8x6B6GiZ4D
8761042,1785729029314,64798351920,64618356498,5F6aRdsBHajN2NhZHBTB6ibBFu7YuZZEWruWzB8x6B6GiZ4D,5F6aRdsBHajN2NhZHBTB6ibBFu7YuZZEWruWzB8x6B6GiZ4D
8761402,1785733350548,64798351920,64618356498,5F6aRdsBHajN2NhZHBTB6ibBFu7YuZZEWruWzB8x6B6GiZ4D,5F6aRdsBHajN2NhZHBTB6ibBFu7YuZZEWruWzB8x6B6GiZ4D
8761762,1785737671783,64798351920,64618356498,5F6aRdsBHajN2NhZHBTB6ibBFu7YuZZEWruWzB8x6B6GiZ4D,5F6aRdsBHajN2NhZHBTB6ibBFu7YuZZEWruWzB8x6B6GiZ4D
8762122,1785741993017,64798351920,64618356498,5F6aRdsBHajN2NhZHBTB6ibBFu7YuZZEWruWzB8x6B6GiZ4D,5F6aRdsBHajN2NhZHBTB6ibBFu7YuZZEWruWzB8x6B6GiZ4D
8762482,1785746314251,64798351920,64618356498,5F6aRdsBHajN2NhZHBTB6ibBFu7YuZZEWruWzB8x6B6GiZ4D,5F6aRdsBHajN2NhZHBTB6ibBFu7YuZZEWruWzB8x6B6GiZ4D
8762842,1785750635486,64798351920,64618356498,5F6aRdsBHajN2NhZHBTB6ibBFu7YuZZEWruWzB8x6B6GiZ4D,5F6aRdsBHajN2NhZHBTB6ibBFu7YuZZEWruWzB8x6B6GiZ4D
8763202,1785754956720,64798351920,64618356498,5F6aRdsBHajN2NhZHBTB6ibBFu7YuZZEWruWzB8x6B6GiZ4D,5F6aRdsBHajN2NhZHBTB6ibBFu7YuZZEWruWzB8x6B6GiZ4D
8763562,1785759277955,64798351920,64618356498,5F6aRdsBHajN2NhZHBTB6ibBFu7YuZZEWruWzB8x6B6GiZ4D,5F6aRdsBHajN2NhZHBTB6ibBFu7YuZZEWruWzB8x6B6GiZ4D
8763922,1785763599189,64798351920,64618356498,5F6aRdsBHajN2NhZHBTB6ibBFu7YuZZEWruWzB8x6B6GiZ4D,5F6aRdsBHajN2NhZHBTB6ibBFu7YuZZEWruWzB8x6B6GiZ4D
8764282,1785767920424,64798351920,64618356498,5F6aRdsBHajN2NhZHBTB6ibBFu7YuZZEWruWzB8x6B6GiZ4D,5F6aRdsBHajN2NhZHBTB6ibBFu7YuZZEWruWzB8x6B6GiZ4D
8764642,1785772241658,64798351920,64618356498,5F6aRdsBHajN2NhZHBTB6ibBFu7YuZZEWruWzB8x6B6GiZ4D,5F6aRdsBHajN2NhZHBTB6ibBFu7YuZZEWruWzB8x6B6GiZ4D
8765002,1785776562893,64798351920,64618356498,5F6aRdsBHajN2NhZHBTB6ibBFu7YuZZEWruWzB8x6B6GiZ4D,5F6aRdsBHajN2NhZHBTB6ibBFu7YuZZEWruWzB8x6B6GiZ4D
8765362,1785780884127,64798351920,64618356498,5F6aRdsBHajN2NhZHBTB6ibBFu7YuZZEWruWzB8x6B6GiZ4D,5F6aRdsBHajN2NhZHBTB6ibBFu7YuZZEWruWzB8x6B6GiZ4D
8765722,1785785205361,64798351920,64618356498,5F6aRdsBHajN2NhZHBTB6ibBFu7YuZZEWruWzB8x6B6GiZ4D,5F6aRdsBHajN2NhZHBTB6ibBFu7YuZZEWruWzB8x6B6GiZ4D
8766082,1785789526596,64798351920,64618356498,5F6aRdsBHajN2NhZHBTB6ibBFu7YuZZEWruWzB8x6B6GiZ4D,5F6aRdsBHajN2NhZHBTB6ibBFu7YuZZEWruWzB8x6B6GiZ4D
8766442,1785793847830,64798351920,64618356498,5F6aRdsBHajN2NhZHBTB6ibBFu7YuZZEWruWzB8x6B6GiZ4D,5F6aRdsBHajN2NhZHBTB6ibBFu7YuZZEWruWzB8x6B6GiZ4D
8766802,1785798169065,64798351920,64618356498,5F6aRdsBHajN2NhZHBTB6ibBFu7YuZZEWruWzB8x6B6GiZ4D,5F6aRdsBHajN2NhZHBTB6ibBFu7YuZZEWruWzB8x6B6GiZ4D
8767162,1785802490299,64798351920,64618356498,5F6aRdsBHajN2NhZHBTB6ibBFu7YuZZEWruWzB8x6B6GiZ4D,5F6aRdsBHajN2NhZHBTB6ibBFu7YuZZEWruWzB8x6B6GiZ4D
8767522,1785806811534,64798351920,64618356498,5F6aRdsBHajN2NhZHBTB6ibBFu7YuZZEWruWzB8x6B6GiZ4D,5F6aRdsBHajN2NhZHBTB6ibBFu7YuZZEWruWzB8x6B6GiZ4D
8767882,1785811132768,64798351920,64618356498,5F6aRdsBHajN2NhZHBTB6ibBFu7YuZZEWruWzB8x6B6GiZ4D,5F6aRdsBHajN2NhZHBTB6ibBFu7YuZZEWruWzB8x6B6GiZ4D
8768242,1785815454002,64798351920,64618356498,5F6aRdsBHajN2NhZHBTB6ibBFu7YuZZEWruWzB8x6B6GiZ4D,5F6aRdsBHajN2NhZHBTB6ibBFu7YuZZEWruWzB8x6B6GiZ4D
8768602,1785819775237,64798351920,64618356498,5F6aRdsBHajN2NhZHBTB6ibBFu7YuZZEWruWzB8x6B6GiZ4D,5F6aRdsBHajN2NhZHBTB6ibBFu7YuZZEWruWzB8x6B6GiZ4D
8768962,1785824096471,64798351920,64618356498,5F6aRdsBHajN2NhZHBTB6ibBFu7YuZZEWruWzB8x6B6GiZ4D,5F6aRdsBHajN2NhZHBTB6ibBFu7YuZZEWruWzB8x6B6GiZ4D
8769322,1785828417706,64798351920,64618356498,5F6aRdsBHajN2NhZHBTB6ibBFu7YuZZEWruWzB8x6B6GiZ4D,5F6aRdsBHajN2NhZHBTB6ibBFu7YuZZEWruWzB8x6B6GiZ4D
8769682,1785832738940,64798351920,64618356498,5F6aRdsBHajN2NhZHBTB6ibBFu7YuZZEWruWzB8x6B6GiZ4D,5F6aRdsBHajN2NhZHBTB6ibBFu7YuZZEWruWzB8x6B6GiZ4D
8770042,1785837060175,64798351920,64618356498,5F6aRdsBHajN2NhZHBTB6ibBFu7YuZZEWruWzB8x6B6GiZ4D,5F6aRdsBHajN2NhZHBTB6ibBFu7YuZZEWruWzB8x6B6GiZ4D
8770402,1785841381409,64798351920,64618356498,5F6aRdsBHajN2NhZHBTB6ibBFu7YuZZEWruWzB8x6B6GiZ4D,5F6aRdsBHajN2NhZHBTB6ibBFu7YuZZEWruWzB8x6B6GiZ4D
8770762,1785845702644,64798351920,64618356498,5F6aRdsBHajN2NhZHBTB6ibBFu7YuZZEWruWzB8x6B6GiZ4D,5F6aRdsBHajN2NhZHBTB6ibBFu7YuZZEWruWzB8x6B6GiZ4D
8771122,1785850023878,64798351920,64618356498,5F6aRdsBHajN2NhZHBTB6ibBFu7YuZZEWruWzB8x6B6GiZ4D,5F6aRdsBHajN2NhZHBTB6ibBFu7YuZZEWruWzB8x6B6GiZ4D
8771482,1785854345112,64798351920,64618356498,5F6aRdsBHajN2NhZHBTB6ibBFu7YuZZEWruWzB8x6B6GiZ4D,5F6aRdsBHajN2NhZHBTB6ibBFu7YuZZEWruWzB8x6B6GiZ4D
8771842,1785858666347,64798351920,64618356498,5F6aRdsBHajN2NhZHBTB6ibBFu7YuZZEWruWzB8x6B6GiZ4D,5F6aRdsBHajN2NhZHBTB6ibBFu7YuZZEWruWzB8x6B6GiZ4D
8772202,1785862987581,64798351920,64618356498,5F6aRdsBHajN2NhZHBTB6ibBFu7YuZZEWruWzB8x6B6GiZ4D,5F6aRdsBHajN2NhZHBTB6ibBFu7YuZZEWruWzB8x6B6GiZ4D
8772562,1785867308816,64798351920,64618356498,5F6aRdsBHajN2NhZHBTB6ibBFu7YuZZEWruWzB8x6B6GiZ4D,5F6aRdsBHajN2NhZHBTB6ibBFu7YuZZEWruWzB8x6B6GiZ4D
8772922,1785871630050,64798351920,64618356498,5F6aRdsBHajN2NhZHBTB6ibBFu7YuZZEWruWzB8x6B6GiZ4D,5F6aRdsBHajN2NhZHBTB6ibBFu7YuZZEWruWzB8x6B6GiZ4D
8773282,1785875951285,64798351920,64618356498,5F6aRdsBHajN2NhZHBTB6ibBFu7YuZZEWruWzB8x6B6GiZ4D,5F6aRdsBHajN2NhZHBTB6ibBFu7YuZZEWruWzB8x6B6GiZ4D
8773642,1785880272519,64798351920,64618356498,5F6aRdsBHajN2NhZHBTB6ibBFu7YuZZEWruWzB8x6B6GiZ4D,5F6aRdsBHajN2NhZHBTB6ibBFu7YuZZEWruWzB8x6B6GiZ4D
8774002,1785884593754,64798351920,64618356498,5F6aRdsBHajN2NhZHBTB6ibBFu7YuZZEWruWzB8x6B6GiZ4D,5F6aRdsBHajN2NhZHBTB6ibBFu7YuZZEWruWzB8x6B6GiZ4D
8774362,1785888914988,64798351920,64618356498,5F6aRdsBHajN2NhZHBTB6ibBFu7YuZZEWruWzB8x6B6GiZ4D,5F6aRdsBHajN2NhZHBTB6ibBFu7YuZZEWruWzB8x6B6GiZ4D
8774722,1785893236222,64798351920,64618356498,5F6aRdsBHajN2NhZHBTB6ibBFu7YuZZEWruWzB8x6B6GiZ4D,5F6aRdsBHajN2NhZHBTB6ibBFu7YuZZEWruWzB8x6B6GiZ4D
8775082,1785897557457,64798351920,64618356498,5F6aRdsBHajN2NhZHBTB6ibBFu7YuZZEWruWzB8x6B6GiZ4D,5F6aRdsBHajN2NhZHBTB6ibBFu7YuZZEWruWzB8x6B6GiZ4D
8775442,1785901878691,64798351920,64618356498,5F6aRdsBHajN2NhZHBTB6ibBFu7YuZZEWruWzB8x6B6GiZ4D,5F6aRdsBHajN2NhZHBTB6ibBFu7YuZZEWruWzB8x6B6GiZ4D
8775802,1785906199926,64798351920,64618356498,5F6aRdsBHajN2NhZHBTB6ibBFu7YuZZEWruWzB8x6B6GiZ4D,5F6aRdsBHajN2NhZHBTB6ibBFu7YuZZEWruWzB8x6B6GiZ4D
8776162,1785910521160,64798351920,64618356498,5F6aRdsBHajN2NhZHBTB6ibBFu7YuZZEWruWzB8x6B6GiZ4D,5F6aRdsBHajN2NhZHBTB6ibBFu7YuZZEWruWzB8x6B6GiZ4D
8776522,1785914842395,64798351920,64618356498,5F6aRdsBHajN2NhZHBTB6ibBFu7YuZZEWruWzB8x6B6GiZ4D,5F6aRdsBHajN2NhZHBTB6ibBFu7YuZZEWruWzB8x6B6GiZ4D
8776882,1785919163629,64798351920,64618356498,5F6aRdsBHajN2NhZHBTB6ibBFu7YuZZEWruWzB8x6B6GiZ4D,5F6aRdsBHajN2NhZHBTB6ibBFu7YuZZEWruWzB8x6B6GiZ4D
8777242,1785923484864,64798351920,64618356498,5F6aRdsBHajN2NhZHBTB6ibBFu7YuZZEWruWzB8x6B6GiZ4D,5F6aRdsBHajN2NhZHBTB6ibBFu7YuZZEWruWzB8x6B6GiZ4D
8777602,1785927806098,64798351920,64618356498,5F6aRdsBHajN2NhZHBTB6ibBFu7YuZZEWruWzB8x6B6GiZ4D,5F6aRdsBHajN2NhZHBTB6ibBFu7YuZZEWruWzB8x6B6GiZ4D
8777962,1785932127332,64798351920,64618356498,5F6aRdsBHajN2NhZHBTB6ibBFu7YuZZEWruWzB8x6B6GiZ4D,5F6aRdsBHajN2NhZHBTB6ibBFu7YuZZEWruWzB8x6B6GiZ4D
8778322,1785936448567,64798351920,64618356498,5F6aRdsBHajN2NhZHBTB6ibBFu7YuZZEWruWzB8x6B6GiZ4D,5F6aRdsBHajN2NhZHBTB6ibBFu7YuZZEWruWzB8x6B6GiZ4D
8778682,1785940769801,64798351920,64618356498,5F6aRdsBHajN2NhZHBTB6ibBFu7YuZZEWruWzB8x6B6GiZ4D,5F6aRdsBHajN2NhZHBTB6ibBFu7YuZZEWruWzB8x6B6GiZ4D
8779042,1785945091036,64798351920,64618356498,5F6aRdsBHajN2NhZHBTB6ibBFu7YuZZEWruWzB8x6B6GiZ4D,5F6aRdsBHajN2NhZHBTB6ibBFu7YuZZEWruWzB8x6B6GiZ4D
8779402,1785949412270,64798351920,64618356498,5F6aRdsBHajN2NhZHBTB6ibBFu7YuZZEWruWzB8x6B6GiZ4D,5F6aRdsBHajN2NhZHBTB6ibBFu7YuZZEWruWzB8x6B6GiZ4D
8779762,1785953733505,64798351920,64618356498,5F6aRdsBHajN2NhZHBTB6ibBFu7YuZZEWruWzB8x6B6GiZ4D,5F6aRdsBHajN2NhZHBTB6ibBFu7YuZZEWruWzB8x6B6GiZ4D
8780122,1785958054739,64798351920,64618356498,5F6aRdsBHajN2NhZHBTB6ibBFu7YuZZEWruWzB8x6B6GiZ4D,5F6aRdsBHajN2NhZHBTB6ibBFu7YuZZEWruWzB8x6B6GiZ4D
8780482,1785962375973,64798351920,64618356498,5F6aRdsBHajN2NhZHBTB6ibBFu7YuZZEWruWzB8x6B6GiZ4D,5F6aRdsBHajN2NhZHBTB6ibBFu7YuZZEWruWzB8x6B6GiZ4D
8780842,1785966697208,64798351920,64618356498,5F6aRdsBHajN2NhZHBTB6ibBFu7YuZZEWruWzB8x6B6GiZ4D,5F6aRdsBHajN2NhZHBTB6ibBFu7YuZZEWruWzB8x6B6GiZ4D
8781202,1785971018442,64798351920,64618356498,5F6aRdsBHajN2NhZHBTB6ibBFu7YuZZEWruWzB8x6B6GiZ4D,5F6aRdsBHajN2NhZHBTB6ibBFu7YuZZEWruWzB8x6B6GiZ4D
8781562,1785975339677,64798351920,64618356498,5F6aRdsBHajN2NhZHBTB6ibBFu7YuZZEWruWzB8x6B6GiZ4D,5F6aRdsBHajN2NhZHBTB6ibBFu7YuZZEWruWzB8x6B6GiZ4D
8781922,1785979660911,64798351920,64618356498,5F6aRdsBHajN2NhZHBTB6ibBFu7YuZZEWruWzB8x6B6GiZ4D,5F6aRdsBHajN2NhZHBTB6ibBFu7YuZZEWruWzB8x6B6GiZ4D
8782282,1785983982146,64798351920,64618356498,5F6aRdsBHajN2NhZHBTB6ibBFu7YuZZEWruWzB8x6B6GiZ4D,5F6aRdsBHajN2NhZHBTB6ibBFu7YuZZEWruWzB8x6B6GiZ4D
8782642,1785988303380,64798351920,64618356498,5F6aRdsBHajN2NhZHBTB6ibBFu7YuZZEWruWzB8x6B6GiZ4D,5F6aRdsBHajN2NhZHBTB6ibBFu7YuZZEWruWzB8x6B6GiZ4D
8783002,1785992624615,64798351920,64618356498,5F6aRdsBHajN2NhZHBTB6ibBFu7YuZZEWruWzB8x6B6GiZ4D,5F6aRdsBHajN2NhZHBTB6ibBFu7YuZZEWruWzB8x6B6GiZ4D
8783362,1785996945849,64798351920,64618356498,5F6aRdsBHajN2NhZHBTB6ibBFu7YuZZEWruWzB8x6B6GiZ4D,5F6aRdsBHajN2NhZHBTB6ibBFu7YuZZEWruWzB8x6B6GiZ4D
8783722,1786001267083,64798351920,64618356498,5F6aRdsBHajN2NhZHBTB6ibBFu7YuZZEWruWzB8x6B6GiZ4D,5F6aRdsBHajN2NhZHBTB6ibBFu7YuZZEWruWzB8x6B6GiZ4D
8784082,1786005588318,64798351920,64618356498,5F6aRdsBHajN2NhZHBTB6ibBFu7YuZZEWruWzB8x6B6GiZ4D,5F6aRdsBHajN2NhZHBTB6ibBFu7YuZZEWruWzB8x6B6GiZ4D
8784442,1786009909552,64798351920,64618356498,5F6aRdsBHajN2NhZHBTB6ibBFu7YuZZEWruWzB8x6B6GiZ4D,5F6aRdsBHajN2NhZHBTB6ibBFu7YuZZEWruWzB8x6B6GiZ4D
8784802,1786014230787,64798351920,64618356498,5F6aRdsBHajN2NhZHBTB6ibBFu7YuZZEWruWzB8x6B6GiZ4D,5F6aRdsBHajN2NhZHBTB6ibBFu7YuZZEWruWzB8x6B6GiZ4D
8785162,1786018552021,64798351920,64618356498,5F6aRdsBHajN2NhZHBTB6ibBFu7YuZZEWruWzB8x6B6GiZ4D,5F6aRdsBHajN2NhZHBTB6ibBFu7YuZZEWruWzB8x6B6GiZ4D
8785522,1786022873256,64798351920,64618356498,5F6aRdsBHajN2NhZHBTB6ibBFu7YuZZEWruWzB8x6B6GiZ4D,5F6aRdsBHajN2NhZHBTB6ibBFu7YuZZEWruWzB8x6B6GiZ4D
8785882,1786027194490,64798351920,64618356498,5F6aRdsBHajN2NhZHBTB6ibBFu7YuZZEWruWzB8x6B6GiZ4D,5F6aRdsBHajN2NhZHBTB6ibBFu7YuZZEWruWzB8x6B6GiZ4D
8786242,1786031515725,64798351920,64618356498,5F6aRdsBHajN2NhZHBTB6ibBFu7YuZZEWruWzB8x6B6GiZ4D,5F6aRdsBHajN2NhZHBTB6ibBFu7YuZZEWruWzB8x6B6GiZ4D
8786602,1786035836959,64798351920,64618356498,5F6aRdsBHajN2NhZHBTB6ibBFu7YuZZEWruWzB8x6B6GiZ4D,5F6aRdsBHajN2NhZHBTB6ibBFu7YuZZEWruWzB8x6B6GiZ4D
8786962,1786040158193,64798351920,64618356498,5F6aRdsBHajN2NhZHBTB6ibBFu7YuZZEWruWzB8x6B6GiZ4D,5F6aRdsBHajN2NhZHBTB6ibBFu7YuZZEWruWzB8x6B6GiZ4D
8787322,1786044479428,64798351920,64618356498,5F6aRdsBHajN2NhZHBTB6ibBFu7YuZZEWruWzB8x6B6GiZ4D,5F6aRdsBHajN2NhZHBTB6ibBFu7YuZZEWruWzB8x6B6GiZ4D
8787682,1786048800662,64798351920,64618356498,5F6aRdsBHajN2NhZHBTB6ibBFu7YuZZEWruWzB8x6B6GiZ4D,5F6aRdsBHajN2NhZHBTB6ibBFu7YuZZEWruWzB8x6B6GiZ4D
8788042,1786053121897,64798351920,64618356498,5F6aRdsBHajN2NhZHBTB6ibBFu7YuZZEWruWzB8x6B6GiZ4D,5F6aRdsBHajN2NhZHBTB6ibBFu7YuZZEWruWzB8x6B6GiZ4D
8788402,1786057443131,64798351920,64618356498,5F6aRdsBHajN2NhZHBTB6ibBFu7YuZZEWruWzB8x6B6GiZ4D,5F6aRdsBHajN2NhZHBTB6ibBFu7YuZZEWruWzB8x6B6GiZ4D
8788762,1786061764366,64798351920,64618356498,5F6aRdsBHajN2NhZHBTB6ibBFu7YuZZEWruWzB8x6B6GiZ4D,5F6aRdsBHajN2NhZHBTB6ibBFu7YuZZEWruWzB8x6B6GiZ4D
8789122,1786066085600,64798351920,64618356498,5F6aRdsBHajN2NhZHBTB6ibBFu7YuZZEWruWzB8x6B6GiZ4D,5F6aRdsBHajN2NhZHBTB6ibBFu7YuZZEWruWzB8x6B6GiZ4D
8789482,1786070406835,64798351920,64618356498,5F6aRdsBHajN2NhZHBTB6ibBFu7YuZZEWruWzB8x6B6GiZ4D,5F6aRdsBHajN2NhZHBTB6ibBFu7YuZZEWruWzB8x6B6GiZ4D
8789842,1786074728069,64798351920,64618356498,5F6aRdsBHajN2NhZHBTB6ibBFu7YuZZEWruWzB8x6B6GiZ4D,5F6aRdsBHajN2NhZHBTB6ibBFu7YuZZEWruWzB8x6B6GiZ4D
8790202,1786079049303,64798351920,64618356498,5F6aRdsBHajN2NhZHBTB6ibBFu7YuZZEWruWzB8x6B6GiZ4D,5F6aRdsBHajN2NhZHBTB6ibBFu7YuZZEWruWzB8x6B6GiZ4D
8790562,1786083370538,64798351920,64618356498,5F6aRdsBHajN2NhZHBTB6ibBFu7YuZZEWruWzB8x6B6GiZ4D,5F6aRdsBHajN2NhZHBTB6ibBFu7YuZZEWruWzB8x6B6GiZ4D
8790922,1786087691772,64798351920,64618356498,5F6aRdsBHajN2NhZHBTB6ibBFu7YuZZEWruWzB8x6B6GiZ4D,5F6aRdsBHajN2NhZHBTB6ibBFu7YuZZEWruWzB8x6B6GiZ4D
8791282,1786092013007,64798351920,64618356498,5F6aRdsBHajN2NhZHBTB6ibBFu7YuZZEWruWzB8x6B6GiZ4D,5F6aRdsBHajN2NhZHBTB6ibBFu7YuZZEWruWzB8x6B6GiZ4D
8791642,1786096334241,64798351920,64618356498,5F6aRdsBHajN2NhZHBTB6ibBFu7YuZZEWruWzB8x6B6GiZ4D,5F6aRdsBHajN2NhZHBTB6ibBFu7YuZZEWruWzB8x6B6GiZ4D
8792002,1786100655476,64798351920,64618356498,5F6aRdsBHajN2NhZHBTB6ibBFu7YuZZEWruWzB8x6B6GiZ4D,5F6aRdsBHajN2NhZHBTB6ibBFu7YuZZEWruWzB8x6B6GiZ4D
8792362,1786104976710,64798351920,64618356498,5F6aRdsBHajN2NhZHBTB6ibBFu7YuZZEWruWzB8x6B6GiZ4D,5F6aRdsBHajN2NhZHBTB6ibBFu7YuZZEWruWzB8x6B6GiZ4D
8792722,1786109297945,64798351920,64618356498,5F6aRdsBHajN2NhZHBTB6ibBFu7YuZZEWruWzB8x6B6GiZ4D,5F6aRdsBHajN2NhZHBTB6ibBFu7YuZZEWruWzB8x6B6GiZ4D
8793082,1786113619179,64798351920,64618356498,5F6aRdsBHajN2NhZHBTB6ibBFu7YuZZEWruWzB8x6B6GiZ4D,5F6aRdsBHajN2NhZHBTB6ibBFu7YuZZEWruWzB8x6B6GiZ4D
8793442,1786117940413,64798351920,64618356498,5F6aRdsBHajN2NhZHBTB6ibBFu7YuZZEWruWzB8x6B6GiZ4D,5F6aRdsBHajN2NhZHBTB6ibBFu7YuZZEWruWzB8x6B6GiZ4D
8793802,1786122261648,64798351920,64618356498,5F6aRdsBHajN2NhZHBTB6ibBFu7YuZZEWruWzB8x6B6GiZ4D,5F6aRdsBHajN2NhZHBTB6ibBFu7YuZZEWruWzB8x6B6GiZ4D
8794162,1786126582882,64798351920,64618356498,5F6aRdsBHajN2NhZHBTB6ibBFu7YuZZEWruWzB8x6B6GiZ4D,5F6aRdsBHajN2NhZHBTB6ibBFu7YuZZEWruWzB8x6B6GiZ4D
8794522,1786130904117,64798351920,64618356498,5F6aRdsBHajN2NhZHBTB6ibBFu7YuZZEWruWzB8x6B6GiZ4D,5F6aRdsBHajN2NhZHBTB6ibBFu7YuZZEWruWzB8x6B6GiZ4D
8794882,1786135225351,64798351920,64618356498,5F6aRdsBHajN2NhZHBTB6ibBFu7YuZZEWruWzB8x6B6GiZ4D,5F6aRdsBHajN2NhZHBTB6ibBFu7YuZZEWruWzB8x6B6GiZ4D
8795242,1786139546586,64798351920,64618356498,5F6aRdsBHajN2NhZHBTB6ibBFu7YuZZEWruWzB8x6B6GiZ4D,5F6aRdsBHajN2NhZHBTB6ibBFu7YuZZEWruWzB8x6B6GiZ4D
8795602,1786143867820,64798351920,64618356498,5F6aRdsBHajN2NhZHBTB6ibBFu7YuZZEWruWzB8x6B6GiZ4D,5F6aRdsBHajN2NhZHBTB6ibBFu7YuZZEWruWzB8x6B6GiZ4D
8795962,1786148189054,64798351920,64618356498,5F6aRdsBHajN2NhZHBTB6ibBFu7YuZZEWruWzB8x6B6GiZ4D,5F6aRdsBHajN2NhZHBTB6ibBFu7YuZZEWruWzB8x6B6GiZ4D
8796322,1786152510289,64798351920,64618356498,5F6aRdsBHajN2NhZHBTB6ibBFu7YuZZEWruWzB8x6B6GiZ4D,5F6aRdsBHajN2NhZHBTB6ibBFu7YuZZEWruWzB8x6B6GiZ4D
8796682,1786156831523,64798351920,64618356498,5F6aRdsBHajN2NhZHBTB6ibBFu7YuZZEWruWzB8x6B6GiZ4D,5F6aRdsBHajN2NhZHBTB6ibBFu7YuZZEWruWzB8x6B6GiZ4D
8797042,1786161152758,64798351920,64618356498,5F6aRdsBHajN2NhZHBTB6ibBFu7YuZZEWruWzB8x6B6GiZ4D,5F6aRdsBHajN2NhZHBTB6ibBFu7YuZZEWruWzB8x6B6GiZ4D
8797402,1786165473992,64798351920,64618356498,5F6aRdsBHajN2NhZHBTB6ibBFu7YuZZEWruWzB8x6B6GiZ4D,5F6aRdsBHajN2NhZHBTB6ibBFu7YuZZEWruWzB8x6B6GiZ4D
8797762,1786169795227,64798351920,64618356498,5F6aRdsBHajN2NhZHBTB6ibBFu7YuZZEWruWzB8x6B6GiZ4D,5F6aRdsBHajN2NhZHBTB6ibBFu7YuZZEWruWzB8x6B6GiZ4D
8798122,1786174116461,64798351920,64618356498,5F6aRdsBHajN2NhZHBTB6ibBFu7YuZZEWruWzB8x6B6GiZ4D,5F6aRdsBHajN2NhZHBTB6ibBFu7YuZZEWruWzB8x6B6GiZ4D
8798482,1786178437696,64798351920,64618356498,5F6aRdsBHajN2NhZHBTB6ibBFu7YuZZEWruWzB8x6B6GiZ4D,5F6aRdsBHajN2NhZHBTB6ibBFu7YuZZEWruWzB8x6B6GiZ4D
8798842,1786182758930,64798351920,64618356498,5F6aRdsBHajN2NhZHBTB6ibBFu7YuZZEWruWzB8x6B6GiZ4D,5F6aRdsBHajN2NhZHBTB6ibBFu7YuZZEWruWzB8x6B6GiZ4D
8799202,1786187080164,64798351920,64618356498,5F6aRdsBHajN2NhZHBTB6ibBFu7YuZZEWruWzB8x6B6GiZ4D,5F6aRdsBHajN2NhZHBTB6ibBFu7YuZZEWruWzB8x6B6GiZ4D
8799562,1786191401399,64798351920,64618356498,5F6aRdsBHajN2NhZHBTB6ibBFu7YuZZEWruWzB8x6B6GiZ4D,5F6aRdsBHajN2NhZHBTB6ibBFu7YuZZEWruWzB8x6B6GiZ4D
8799922,1786195722633,64798351920,64618356498,5F6aRdsBHajN2NhZHBTB6ibBFu7YuZZEWruWzB8x6B6GiZ4D,5F6aRdsBHajN2NhZHBTB6ibBFu7YuZZEWruWzB8x6B6GiZ4D
8800282,1786200043868,64798351920,64618356498,5F6aRdsBHajN2NhZHBTB6ibBFu7YuZZEWruWzB8x6B6GiZ4D,5F6aRdsBHajN2NhZHBTB6ibBFu7YuZZEWruWzB8x6B6GiZ4D
8800642,1786204365102,64798351920,64618356498,5F6aRdsBHajN2NhZHBTB6ibBFu7YuZZEWruWzB8x6B6GiZ4D,5F6aRdsBHajN2NhZHBTB6ibBFu7YuZZEWruWzB8x6B6GiZ4D
8801002,1786208686337,64798351920,64618356498,5F6aRdsBHajN2NhZHBTB6ibBFu7YuZZEWruWzB8x6B6GiZ4D,5F6aRdsBHajN2NhZHBTB6ibBFu7YuZZEWruWzB8x6B6GiZ4D
8801362,1786213007571,64798351920,64618356498,5F6aRdsBHajN2NhZHBTB6ibBFu7YuZZEWruWzB8x6B6GiZ4D,5F6aRdsBHajN2NhZHBTB6ibBFu7YuZZEWruWzB8x6B6GiZ4D
8801722,1786217328806,64798351920,64618356498,5F6aRdsBHajN2NhZHBTB6ibBFu7YuZZEWruWzB8x6B6GiZ4D,5F6aRdsBHajN2NhZHBTB6ibBFu7YuZZEWruWzB8x6B6GiZ4D
8802082,1786221650040,64798351920,64618356498,5F6aRdsBHajN2NhZHBTB6ibBFu7YuZZEWruWzB8x6B6GiZ4D,5F6aRdsBHajN2NhZHBTB6ibBFu7YuZZEWruWzB8x6B6GiZ4D
8802442,1786225971274,64798351920,64618356498,5F6aRdsBHajN2NhZHBTB6ibBFu7YuZZEWruWzB8x6B6GiZ4D,5F6aRdsBHajN2NhZHBTB6ibBFu7YuZZEWruWzB8x6B6GiZ4D
8802802,1786230292509,64798351920,64618356498,5F6aRdsBHajN2NhZHBTB6ibBFu7YuZZEWruWzB8x6B6GiZ4D,5F6aRdsBHajN2NhZHBTB6ibBFu7YuZZEWruWzB8x6B6GiZ4D
8803162,1786234613743,64798351920,64618356498,5F6aRdsBHajN2NhZHBTB6ibBFu7YuZZEWruWzB8x6B6GiZ4D,5F6aRdsBHajN2NhZHBTB6ibBFu7YuZZEWruWzB8x6B6GiZ4D
8803522,1786238934978,64798351920,64618356498,5F6aRdsBHajN2NhZHBTB6ibBFu7YuZZEWruWzB8x6B6GiZ4D,5F6aRdsBHajN2NhZHBTB6ibBFu7YuZZEWruWzB8x6B6GiZ4D
8803882,1786243256212,64798351920,64618356498,5F6aRdsBHajN2NhZHBTB6ibBFu7YuZZEWruWzB8x6B6GiZ4D,5F6aRdsBHajN2NhZHBTB6ibBFu7YuZZEWruWzB8x6B6GiZ4D
8804242,1786247577447,64798351920,64618356498,5F6aRdsBHajN2NhZHBTB6ibBFu7YuZZEWruWzB8x6B6GiZ4D,5F6aRdsBHajN2NhZHBTB6ibBFu7YuZZEWruWzB8x6B6GiZ4D
8804602,1786251898681,64798351920,64618356498,5F6aRdsBHajN2NhZHBTB6ibBFu7YuZZEWruWzB8x6B6GiZ4D,5F6aRdsBHajN2NhZHBTB6ibBFu7YuZZEWruWzB8x6B6GiZ4D
8804962,1786256219916,64798351920,64618356498,5F6aRdsBHajN2NhZHBTB6ibBFu7YuZZEWruWzB8x6B6GiZ4D,5F6aRdsBHajN2NhZHBTB6ibBFu7YuZZEWruWzB8x6B6GiZ4D
8805322,1786260541150,64798351920,64618356498,5F6aRdsBHajN2NhZHBTB6ibBFu7YuZZEWruWzB8x6B6GiZ4D,5F6aRdsBHajN2NhZHBTB6ibBFu7YuZZEWruWzB8x6B6GiZ4D
8805682,1786264862384,64798351920,64618356498,5F6aRdsBHajN2NhZHBTB6ibBFu7YuZZEWruWzB8x6B6GiZ4D,5F6aRdsBHajN2NhZHBTB6ibBFu7YuZZEWruWzB8x6B6GiZ4D
8806042,1786269183619,64798351920,64618356498,5F6aRdsBHajN2NhZHBTB6ibBFu7YuZZEWruWzB8x6B6GiZ4D,5F6aRdsBHajN2NhZHBTB6ibBFu7YuZZEWruWzB8x6B6GiZ4D
8806402,1786273504853,64798351920,64618356498,5F6aRdsBHajN2NhZHBTB6ibBFu7YuZZEWruWzB8x6B6GiZ4D,5F6aRdsBHajN2NhZHBTB6ibBFu7YuZZEWruWzB8x6B6GiZ4D
8806762,1786277826088,64798351920,64618356498,5F6aRdsBHajN2NhZHBTB6ibBFu7YuZZEWruWzB8x6B6GiZ4D,5F6aRdsBHajN2NhZHBTB6ibBFu7YuZZEWruWzB8x6B6GiZ4D
8807122,1786282147322,64798351920,64618356498,5F6aRdsBHajN2NhZHBTB6ibBFu7YuZZEWruWzB8x6B6GiZ4D,5F6aRdsBHajN2NhZHBTB6ibBFu7YuZZEWruWzB8x6B6GiZ4D
8807482,1786286468557,64798351920,64618356498,5F6aRdsBHajN2NhZHBTB6ibBFu7YuZZEWruWzB8x6B6GiZ4D,5F6aRdsBHajN2NhZHBTB6ibBFu7YuZZEWruWzB8x6B6GiZ4D
8807842,1786290789791,64798351920,64618356498,5F6aRdsBHajN2NhZHBTB6ibBFu7YuZZEWruWzB8x6B6GiZ4D,5F6aRdsBHajN2NhZHBTB6ibBFu7YuZZEWruWzB8x6B6GiZ4D
8808202,1786295111025,64798351920,64618356498,5F6aRdsBHajN2NhZHBTB6ibBFu7YuZZEWruWzB8x6B6GiZ4D,5F6aRdsBHajN2NhZHBTB6ibBFu7YuZZEWruWzB8x6B6GiZ4D
8808562,1786299432260,64798351920,64618356498,5F6aRdsBHajN2NhZHBTB6ibBFu7YuZZEWruWzB8x6B6GiZ4D,5F6aRdsBHajN2NhZHBTB6ibBFu7YuZZEWruWzB8x6B6GiZ4D
8808922,1786303753494,64798351920,64618356498,5F6aRdsBHajN2NhZHBTB6ibBFu7YuZZEWruWzB8x6B6GiZ4D,5F6aRdsBHajN2NhZHBTB6ibBFu7YuZZEWruWzB8x6B6GiZ4D
8809282,1786308074729,64798351920,64618356498,5F6aRdsBHajN2NhZHBTB6ibBFu7YuZZEWruWzB8x6B6GiZ4D,5F6aRdsBHajN2NhZHBTB6ibBFu7YuZZEWruWzB8x6B6GiZ4D
8809642,1786312395963,64798351920,64618356498,5F6aRdsBHajN2NhZHBTB6ibBFu7YuZZEWruWzB8x6B6GiZ4D,5F6aRdsBHajN2NhZHBTB6ibBFu7YuZZEWruWzB8x6B6GiZ4D
8810002,1786316717198,64798351920,64618356498,5F6aRdsBHajN2NhZHBTB6ibBFu7YuZZEWruWzB8x6B6GiZ4D,5F6aRdsBHajN2NhZHBTB6ibBFu7YuZZEWruWzB8x6B6GiZ4D
8810362,1786321038432,64798351920,64618356498,5F6aRdsBHajN2NhZHBTB6ibBFu7YuZZEWruWzB8x6B6GiZ4D,5F6aRdsBHajN2NhZHBTB6ibBFu7YuZZEWruWzB8x6B6GiZ4D
8810722,1786325359667,64798351920,64618356498,5F6aRdsBHajN2NhZHBTB6ibBFu7YuZZEWruWzB8x6B6GiZ4D,5F6aRdsBHajN2NhZHBTB6ibBFu7YuZZEWruWzB8x6B6GiZ4D
8811082,1786329680901,64798351920,64618356498,5F6aRdsBHajN2NhZHBTB6ibBFu7YuZZEWruWzB8x6B6GiZ4D,5F6aRdsBHajN2NhZHBTB6ibBFu7YuZZEWruWzB8x6B6GiZ4D
8811442,1786334002135,64798351920,64618356498,5F6aRdsBHajN2NhZHBTB6ibBFu7YuZZEWruWzB8x6B6GiZ4D,5F6aRdsBHajN2NhZHBTB6ibBFu7YuZZEWruWzB8x6B6GiZ4D
8811802,1786338323370,64798351920,64618356498,5F6aRdsBHajN2NhZHBTB6ibBFu7YuZZEWruWzB8x6B6GiZ4D,5F6aRdsBHajN2NhZHBTB6ibBFu7YuZZEWruWzB8x6B6GiZ4D
8812162,1786342644604,64798351920,64618356498,5F6aRdsBHajN2NhZHBTB6ibBFu7YuZZEWruWzB8x6B6GiZ4D,5F6aRdsBHajN2NhZHBTB6ibBFu7YuZZEWruWzB8x6B6GiZ4D
8812522,1786346965839,64798351920,64618356498,5F6aRdsBHajN2NhZHBTB6ibBFu7YuZZEWruWzB8x6B6GiZ4D,5F6aRdsBHajN2NhZHBTB6ibBFu7YuZZEWruWzB8x6B6GiZ4D
8812882,1786351287073,64798351920,64618356498,5F6aRdsBHajN2NhZHBTB6ibBFu7YuZZEWruWzB8x6B6GiZ4D,5F6aRdsBHajN2NhZHBTB6ibBFu7YuZZEWruWzB8x6B6GiZ4D
8813242,1786355608308,64798351920,64618356498,5F6aRdsBHajN2NhZHBTB6ibBFu7YuZZEWruWzB8x6B6GiZ4D,5F6aRdsBHajN2NhZHBTB6ibBFu7YuZZEWruWzB8x6B6GiZ4D
8813602,1786359929542,64798351920,64618356498,5F6aRdsBHajN2NhZHBTB6ibBFu7YuZZEWruWzB8x6B6GiZ4D,5F6aRdsBHajN2NhZHBTB6ibBFu7YuZZEWruWzB8x6B6GiZ4D
8813962,1786364250777,64798351920,64618356498,5F6aRdsBHajN2NhZHBTB6ibBFu7YuZZEWruWzB8x6B6GiZ4D,5F6aRdsBHajN2NhZHBTB6ibBFu7YuZZEWruWzB8x6B6GiZ4D
8814322,1786368572011,64798351920,64618356498,5F6aRdsBHajN2NhZHBTB6ibBFu7YuZZEWruWzB8x6B6GiZ4D,5F6aRdsBHajN2NhZHBTB6ibBFu7YuZZEWruWzB8x6B6GiZ4D
8814682,1786372893245,64798351920,64618356498,5F6aRdsBHajN2NhZHBTB6ibBFu7YuZZEWruWzB8x6B6GiZ4D,5F6aRdsBHajN2NhZHBTB6ibBFu7YuZZEWruWzB8x6B6GiZ4D
8815042,1786377214480,64798351920,64618356498,5F6aRdsBHajN2NhZHBTB6ibBFu7YuZZEWruWzB8x6B6GiZ4D,5F6aRdsBHajN2NhZHBTB6ibBFu7YuZZEWruWzB8x6B6GiZ4D
8815402,1786381535714,64798351920,64618356498,5F6aRdsBHajN2NhZHBTB6ibBFu7YuZZEWruWzB8x6B6GiZ4D,5F6aRdsBHajN2NhZHBTB6ibBFu7YuZZEWruWzB8x6B6GiZ4D
8815762,1786385856949,64798351920,64618356498,5F6aRdsBHajN2NhZHBTB6ibBFu7YuZZEWruWzB8x6B6GiZ4D,5F6aRdsBHajN2NhZHBTB6ibBFu7YuZZEWruWzB8x6B6GiZ4D
8816122,1786390178183,64798351920,64618356498,5F6aRdsBHajN2NhZHBTB6ibBFu7YuZZEWruWzB8x6B6GiZ4D,5F6aRdsBHajN2NhZHBTB6ibBFu7YuZZEWruWzB8x6B6GiZ4D
8816482,1786394499418,64798351920,64618356498,5F6aRdsBHajN2NhZHBTB6ibBFu7YuZZEWruWzB8x6B6GiZ4D,5F6aRdsBHajN2NhZHBTB6ibBFu7YuZZEWruWzB8x6B6GiZ4D
8816842,1786398820652,64798351920,64618356498,5F6aRdsBHajN2NhZHBTB6ibBFu7YuZZEWruWzB8x6B6GiZ4D,5F6aRdsBHajN2NhZHBTB6ibBFu7YuZZEWruWzB8x6B6GiZ4D
8817202,1786403141887,64798351920,64618356498,5F6aRdsBHajN2NhZHBTB6ibBFu7YuZZEWruWzB8x6B6GiZ4D,5F6aRdsBHajN2NhZHBTB6ibBFu7YuZZEWruWzB8x6B6GiZ4D
8817562,1786407463121,64798351920,64618356498,5F6aRdsBHajN2NhZHBTB6ibBFu7YuZZEWruWzB8x6B6GiZ4D,5F6aRdsBHajN2NhZHBTB6ibBFu7YuZZEWruWzB8x6B6GiZ4D
8817922,1786411784355,64798351920,64618356498,5F6aRdsBHajN2NhZHBTB6ibBFu7YuZZEWruWzB8x6B6GiZ4D,5F6aRdsBHajN2NhZHBTB6ibBFu7YuZZEWruWzB8x6B6GiZ4D
8818282,1786416105590,64798351920,64618356498,5F6aRdsBHajN2NhZHBTB6ibBFu7YuZZEWruWzB8x6B6GiZ4D,5F6aRdsBHajN2NhZHBTB6ibBFu7YuZZEWruWzB8x6B6GiZ4D
8818642,1786420426824,64798351920,64618356498,5F6aRdsBHajN2NhZHBTB6ibBFu7YuZZEWruWzB8x6B6GiZ4D,5F6aRdsBHajN2NhZHBTB6ibBFu7YuZZEWruWzB8x6B6GiZ4D
8819002,1786424748059,64798351920,64618356498,5F6aRdsBHajN2NhZHBTB6ibBFu7YuZZEWruWzB8x6B6GiZ4D,5F6aRdsBHajN2NhZHBTB6ibBFu7YuZZEWruWzB8x6B6GiZ4D
8819362,1786429069293,64798351920,64618356498,5F6aRdsBHajN2NhZHBTB6ibBFu7YuZZEWruWzB8x6B6GiZ4D,5F6aRdsBHajN2NhZHBTB6ibBFu7YuZZEWruWzB8x6B6GiZ4D
8819722,1786433390528,64798351920,64618356498,5F6aRdsBHajN2NhZHBTB6ibBFu7YuZZEWruWzB8x6B6GiZ4D,5F6aRdsBHajN2NhZHBTB6ibBFu7YuZZEWruWzB8x6B6GiZ4D
8820082,1786437711762,64798351920,64618356498,5F6aRdsBHajN2NhZHBTB6ibBFu7YuZZEWruWzB8x6B6GiZ4D,5F6aRdsBHajN2NhZHBTB6ibBFu7YuZZEWruWzB8x6B6GiZ4D
8820442,1786442032996,64798351920,64618356498,5F6aRdsBHajN2NhZHBTB6ibBFu7YuZZEWruWzB8x6B6GiZ4D,5F6aRdsBHajN2NhZHBTB6ibBFu7YuZZEWruWzB8x6B6GiZ4D
8820802,1786446354231,64798351920,64618356498,5F6aRdsBHajN2NhZHBTB6ibBFu7YuZZEWruWzB8x6B6GiZ4D,5F6aRdsBHajN2NhZHBTB6ibBFu7YuZZEWruWzB8x6B6GiZ4D
8821162,1786450675465,64798351920,64618356498,5F6aRdsBHajN2NhZHBTB6ibBFu7YuZZEWruWzB8x6B6GiZ4D,5F6aRdsBHajN2NhZHBTB6ibBFu7YuZZEWruWzB8x6B6GiZ4D
8821522,1786454996700,64798351920,64618356498,5F6aRdsBHajN2NhZHBTB6ibBFu7YuZZEWruWzB8x6B6GiZ4D,5F6aRdsBHajN2NhZHBTB6ibBFu7YuZZEWruWzB8x6B6GiZ4D
8821882,1786459317934,64798351920,64618356498,5F6aRdsBHajN2NhZHBTB6ibBFu7YuZZEWruWzB8x6B6GiZ4D,5F6aRdsBHajN2NhZHBTB6ibBFu7YuZZEWruWzB8x6B6GiZ4D
8822242,1786463639169,64798351920,64618356498,5F6aRdsBHajN2NhZHBTB6ibBFu7YuZZEWruWzB8x6B6GiZ4D,5F6aRdsBHajN2NhZHBTB6ibBFu7YuZZEWruWzB8x6B6GiZ4D
8822602,1786467960403,64798351920,64618356498,5F6aRdsBHajN2NhZHBTB6ibBFu7YuZZEWruWzB8x6B6GiZ4D,5F6aRdsBHajN2NhZHBTB6ibBFu7YuZZEWruWzB8x6B6GiZ4D
8822962,1786472281638,64798351920,64618356498,5F6aRdsBHajN2NhZHBTB6ibBFu7YuZZEWruWzB8x6B6GiZ4D,5F6aRdsBHajN2NhZHBTB6ibBFu7YuZZEWruWzB8x6B6GiZ4D
8823322,1786476602872,64798351920,64618356498,5F6aRdsBHajN2NhZHBTB6ibBFu7YuZZEWruWzB8x6B6GiZ4D,5F6aRdsBHajN2NhZHBTB6ibBFu7YuZZEWruWzB8x6B6GiZ4D
8823682,1786480924106,64798351920,64618356498,5F6aRdsBHajN2NhZHBTB6ibBFu7YuZZEWruWzB8x6B6GiZ4D,5F6aRdsBHajN2NhZHBTB6ibBFu7YuZZEWruWzB8x6B6GiZ4D
8824042,1786485245341,64798351920,64618356498,5F6aRdsBHajN2NhZHBTB6ibBFu7YuZZEWruWzB8x6B6GiZ4D,5F6aRdsBHajN2NhZHBTB6ibBFu7YuZZEWruWzB8x6B6GiZ4D
8824402,1786489566575,64798351920,64618356498,5F6aRdsBHajN2NhZHBTB6ibBFu7YuZZEWruWzB8x6B6GiZ4D,5F6aRdsBHajN2NhZHBTB6ibBFu7YuZZEWruWzB8x6B6GiZ4D
8824762,1786493887810,64798351920,64618356498,5F6aRdsBHajN2NhZHBTB6ibBFu7YuZZEWruWzB8x6B6GiZ4D,5F6aRdsBHajN2NhZHBTB6ibBFu7YuZZEWruWzB8x6B6GiZ4D
8825122,1786498209044,64798351920,64618356498,5F6aRdsBHajN2NhZHBTB6ibBFu7YuZZEWruWzB8x6B6GiZ4D,5F6aRdsBHajN2NhZHBTB6ibBFu7YuZZEWruWzB8x6B6GiZ4D
8825482,1786502530279,64798351920,64618356498,5F6aRdsBHajN2NhZHBTB6ibBFu7YuZZEWruWzB8x6B6GiZ4D,5F6aRdsBHajN2NhZHBTB6ibBFu7YuZZEWruWzB8x6B6GiZ4D
8825842,1786506851513,64798351920,64618356498,5F6aRdsBHajN2NhZHBTB6ibBFu7YuZZEWruWzB8x6B6GiZ4D,5F6aRdsBHajN2NhZHBTB6ibBFu7YuZZEWruWzB8x6B6GiZ4D
8826202,1786511172748,64798351920,64618356498,5F6aRdsBHajN2NhZHBTB6ibBFu7YuZZEWruWzB8x6B6GiZ4D,5F6aRdsBHajN2NhZHBTB6ibBFu7YuZZEWruWzB8x6B6GiZ4D
8826562,1786515493982,64798351920,64618356498,5F6aRdsBHajN2NhZHBTB6ibBFu7YuZZEWruWzB8x6B6GiZ4D,5F6aRdsBHajN2NhZHBTB6ibBFu7YuZZEWruWzB8x6B6GiZ4D
8826922,1786519815216,64798351920,64618356498,5F6aRdsBHajN2NhZHBTB6ibBFu7YuZZEWruWzB8x6B6GiZ4D,5F6aRdsBHajN2NhZHBTB6ibBFu7YuZZEWruWzB8x6B6GiZ4D
8827282,1786524136451,64798351920,64618356498,5F6aRdsBHajN2NhZHBTB6ibBFu7YuZZEWruWzB8x6B6GiZ4D,5F6aRdsBHajN2NhZHBTB6ibBFu7YuZZEWruWzB8x6B6GiZ4D
8827642,1786528457685,64798351920,64618356498,5F6aRdsBHajN2NhZHBTB6ibBFu7YuZZEWruWzB8x6B6GiZ4D,5F6aRdsBHajN2NhZHBTB6ibBFu7YuZZEWruWzB8x6B6GiZ4D
8828002,1786532778920,64798351920,64618356498,5F6aRdsBHajN2NhZHBTB6ibBFu7YuZZEWruWzB8x6B6GiZ4D,5F6aRdsBHajN2NhZHBTB6ibBFu7YuZZEWruWzB8x6B6GiZ4D
8828362,1786537100154,64798351920,64618356498,5F6aRdsBHajN2NhZHBTB6ibBFu7YuZZEWruWzB8x6B6GiZ4D,5F6aRdsBHajN2NhZHBTB6ibBFu7YuZZEWruWzB8x6B6GiZ4D
8828722,1786541421389,64798351920,64618356498,5F6aRdsBHajN2NhZHBTB6ibBFu7YuZZEWruWzB8x6B6GiZ4D,5F6aRdsBHajN2NhZHBTB6ibBFu7YuZZEWruWzB8x6B6GiZ4D
8829082,1786545742623,64798351920,64618356498,5F6aRdsBHajN2NhZHBTB6ibBFu7YuZZEWruWzB8x6B6GiZ4D,5F6aRdsBHajN2NhZHBTB6ibBFu7YuZZEWruWzB8x6B6GiZ4D
8829442,1786550063858,64798351920,64618356498,5F6aRdsBHajN2NhZHBTB6ibBFu7YuZZEWruWzB8x6B6GiZ4D,5F6aRdsBHajN2NhZHBTB6ibBFu7YuZZEWruWzB8x6B6GiZ4D
8829802,1786554385092,64798351920,64618356498,5F6aRdsBHajN2NhZHBTB6ibBFu7YuZZEWruWzB8x6B6GiZ4D,5F6aRdsBHajN2NhZHBTB6ibBFu7YuZZEWruWzB8x6B6GiZ4D
8830162,1786558706326,64798351920,64618356498,5F6aRdsBHajN2NhZHBTB6ibBFu7YuZZEWruWzB8x6B6GiZ4D,5F6aRdsBHajN2NhZHBTB6ibBFu7YuZZEWruWzB8x6B6GiZ4D
8830522,1786563027561,64798351920,64618356498,5F6aRdsBHajN2NhZHBTB6ibBFu7YuZZEWruWzB8x6B6GiZ4D,5F6aRdsBHajN2NhZHBTB6ibBFu7YuZZEWruWzB8x6B6GiZ4D
8830882,1786567348795,64798351920,64618356498,5F6aRdsBHajN2NhZHBTB6ibBFu7YuZZEWruWzB8x6B6GiZ4D,5F6aRdsBHajN2NhZHBTB6ibBFu7YuZZEWruWzB8x6B6GiZ4D
8831242,1786571670030,64798351920,64618356498,5F6aRdsBHajN2NhZHBTB6ibBFu7YuZZEWruWzB8x6B6GiZ4D,5F6aRdsBHajN2NhZHBTB6ibBFu7YuZZEWruWzB8x6B6GiZ4D
8831602,1786575991264,64798351920,64618356498,5F6aRdsBHajN2NhZHBTB6ibBFu7YuZZEWruWzB8x6B6GiZ4D,5F6aRdsBHajN2NhZHBTB6ibBFu7YuZZEWruWzB8x6B6GiZ4D
8831962,1786580312499,64798351920,64618356498,5F6aRdsBHajN2NhZHBTB6ibBFu7YuZZEWruWzB8x6B6GiZ4D,5F6aRdsBHajN2NhZHBTB6ibBFu7YuZZEWruWzB8x6B6GiZ4D
8832322,1786584633733,64798351920,64618356498,5F6aRdsBHajN2NhZHBTB6ibBFu7YuZZEWruWzB8x6B6GiZ4D,5F6aRdsBHajN2NhZHBTB6ibBFu7YuZZEWruWzB8x6B6GiZ4D
8832682,1786588954968,64798351920,64618356498,5F6aRdsBHajN2NhZHBTB6ibBFu7YuZZEWruWzB8x6B6GiZ4D,5F6aRdsBHajN2NhZHBTB6ibBFu7YuZZEWruWzB8x6B6GiZ4D
8833042,1786593276202,64798351920,64618356498,5F6aRdsBHajN2NhZHBTB6ibBFu7YuZZEWruWzB8x6B6GiZ4D,5F6aRdsBHajN2NhZHBTB6ibBFu7YuZZEWruWzB8x6B6GiZ4D
8833402,1786597597436,64798351920,64618356498,5F6aRdsBHajN2NhZHBTB6ibBFu7YuZZEWruWzB8x6B6GiZ4D,5F6aRdsBHajN2NhZHBTB6ibBFu7YuZZEWruWzB8x6B6GiZ4D
8833762,1786601918671,64798351920,64618356498,5F6aRdsBHajN2NhZHBTB6ibBFu7YuZZEWruWzB8x6B6GiZ4D,5F6aRdsBHajN2NhZHBTB6ibBFu7YuZZEWruWzB8x6B6GiZ4D
8834122,1786606239905,64798351920,64618356498,5F6aRdsBHajN2NhZHBTB6ibBFu7YuZZEWruWzB8x6B6GiZ4D,5F6aRdsBHajN2NhZHBTB6ibBFu7YuZZEWruWzB8x6B6GiZ4D
8834482,1786610561140,64798351920,64618356498,5F6aRdsBHajN2NhZHBTB6ibBFu7YuZZEWruWzB8x6B6GiZ4D,5F6aRdsBHajN2NhZHBTB6ibBFu7YuZZEWruWzB8x6B6GiZ4D
8834842,1786614882374,64798351920,64618356498,5F6aRdsBHajN2NhZHBTB6ibBFu7YuZZEWruWzB8x6B6GiZ4D,5F6aRdsBHajN2NhZHBTB6ibBFu7YuZZEWruWzB8x6B6GiZ4D
8835202,1786619203609,64798351920,64618356498,5F6aRdsBHajN2NhZHBTB6ibBFu7YuZZEWruWzB8x6B6GiZ4D,5F6aRdsBHajN2NhZHBTB6ibBFu7YuZZEWruWzB8x6B6GiZ4D
8835562,1786623524843,64798351920,64618356498,5F6aRdsBHajN2NhZHBTB6ibBFu7YuZZEWruWzB8x6B6GiZ4D,5F6aRdsBHajN2NhZHBTB6ibBFu7YuZZEWruWzB8x6B6GiZ4D
8835922,1786627846077,64798351920,64618356498,5F6aRdsBHajN2NhZHBTB6ibBFu7YuZZEWruWzB8x6B6GiZ4D,5F6aRdsBHajN2NhZHBTB6ibBFu7YuZZEWruWzB8x6B6GiZ4D
8836282,1786632167312,64798351920,64618356498,5F6aRdsBHajN2NhZHBTB6ibBFu7YuZZEWruWzB8x6B6GiZ4D,5F6aRdsBHajN2NhZHBTB6ibBFu7YuZZEWruWzB8x6B6GiZ4D
8836642,1786636488546,64798351920,64618356498,5F6aRdsBHajN2NhZHBTB6ibBFu7YuZZEWruWzB8x6B6GiZ4D,5F6aRdsBHajN2NhZHBTB6ibBFu7YuZZEWruWzB8x6B6GiZ4D
8837002,1786640809781,64798351920,64618356498,5F6aRdsBHajN2NhZHBTB6ibBFu7YuZZEWruWzB8x6B6GiZ4D,5F6aRdsBHajN2NhZHBTB6ibBFu7YuZZEWruWzB8x6B6GiZ4D
8837362,1786645131015,64798351920,64618356498,5F6aRdsBHajN2NhZHBTB6ibBFu7YuZZEWruWzB8x6B6GiZ4D,5F6aRdsBHajN2NhZHBTB6ibBFu7YuZZEWruWzB8x6B6GiZ4D
8837722,1786649452250,64798351920,64618356498,5F6aRdsBHajN2NhZHBTB6ibBFu7YuZZEWruWzB8x6B6GiZ4D,5F6aRdsBHajN2NhZHBTB6ibBFu7YuZZEWruWzB8x6B6GiZ4D
8838082,1786653773484,64798351920,64618356498,5F6aRdsBHajN2NhZHBTB6ibBFu7YuZZEWruWzB8x6B6GiZ4D,5F6aRdsBHajN2NhZHBTB6ibBFu7YuZZEWruWzB8x6B6GiZ4D
8838442,1786658094719,64798351920,64618356498,5F6aRdsBHajN2NhZHBTB6ibBFu7YuZZEWruWzB8x6B6GiZ4D,5F6aRdsBHajN2NhZHBTB6ibBFu7YuZZEWruWzB8x6B6GiZ4D
8838802,1786662415953,64798351920,64618356498,5F6aRdsBHajN2NhZHBTB6ibBFu7YuZZEWruWzB8x6B6GiZ4D,5F6aRdsBHajN2NhZHBTB6ibBFu7YuZZEWruWzB8x6B6GiZ4D
8839162,1786666737187,64798351920,64618356498,5F6aRdsBHajN2NhZHBTB6ibBFu7YuZZEWruWzB8x6B6GiZ4D,5F6aRdsBHajN2NhZHBTB6ibBFu7YuZZEWruWzB8x6B6GiZ4D
8839522,1786671058422,64798351920,64618356498,5F6aRdsBHajN2NhZHBTB6ibBFu7YuZZEWruWzB8x6B6GiZ4D,5F6aRdsBHajN2NhZHBTB6ibBFu7YuZZEWruWzB8x6B6GiZ4D
8839882,1786675379656,64798351920,64618356498,5F6aRdsBHajN2NhZHBTB6ibBFu7YuZZEWruWzB8x6B6GiZ4D,5F6aRdsBHajN2NhZHBTB6ibBFu7YuZZEWruWzB8x6B6GiZ4D
8840242,1786679700891,64798351920,64618356498,5F6aRdsBHajN2NhZHBTB6ibBFu7YuZZEWruWzB8x6B6GiZ4D,5F6aRdsBHajN2NhZHBTB6ibBFu7YuZZEWruWzB8x6B6GiZ4D
8840602,1786684022125,64798351920,64618356498,5F6aRdsBHajN2NhZHBTB6ibBFu7YuZZEWruWzB8x6B6GiZ4D,5F6aRdsBHajN2NhZHBTB6ibBFu7YuZZEWruWzB8x6B6GiZ4D
8840962,1786688343360,64798351920,64618356498,5F6aRdsBHajN2NhZHBTB6ibBFu7YuZZEWruWzB8x6B6GiZ4D,5F6aRdsBHajN2NhZHBTB6ibBFu7YuZZEWruWzB8x6B6GiZ4D
8841322,1786692664594,64798351920,64618356498,5F6aRdsBHajN2NhZHBTB6ibBFu7YuZZEWruWzB8x6B6GiZ4D,5F6aRdsBHajN2NhZHBTB6ibBFu7YuZZEWruWzB8x6B6GiZ4D
8841682,1786696985829,64798351920,64618356498,5F6aRdsBHajN2NhZHBTB6ibBFu7YuZZEWruWzB8x6B6GiZ4D,5F6aRdsBHajN2NhZHBTB6ibBFu7YuZZEWruWzB8x6B6GiZ4D
8842042,1786701307063,64798351920,64618356498,5F6aRdsBHajN2NhZHBTB6ibBFu7YuZZEWruWzB8x6B6GiZ4D,5F6aRdsBHajN2NhZHBTB6ibBFu7YuZZEWruWzB8x6B6GiZ4D
8842402,1786705628297,64798351920,64618356498,5F6aRdsBHajN2NhZHBTB6ibBFu7YuZZEWruWzB8x6B6GiZ4D,5F6aRdsBHajN2NhZHBTB6ibBFu7YuZZEWruWzB8x6B6GiZ4D
8842762,1786709949532,64798351920,64618356498,5F6aRdsBHajN2NhZHBTB6ibBFu7YuZZEWruWzB8x6B6GiZ4D,5F6aRdsBHajN2NhZHBTB6ibBFu7YuZZEWruWzB8x6B6GiZ4D
8843122,1786714270766,64798351920,64618356498,5F6aRdsBHajN2NhZHBTB6ibBFu7YuZZEWruWzB8x6B6GiZ4D,5F6aRdsBHajN2NhZHBTB6ibBFu7YuZZEWruWzB8x6B6GiZ4D
8843482,1786718592001,64798351920,64618356498,5F6aRdsBHajN2NhZHBTB6ibBFu7YuZZEWruWzB8x6B6GiZ4D,5F6aRdsBHajN2NhZHBTB6ibBFu7YuZZEWruWzB8x6B6GiZ4D
8843842,1786722913235,64798351920,64618356498,5F6aRdsBHajN2NhZHBTB6ibBFu7YuZZEWruWzB8x6B6GiZ4D,5F6aRdsBHajN2NhZHBTB6ibBFu7YuZZEWruWzB8x6B6GiZ4D
8844202,1786727234470,64798351920,64618356498,5F6aRdsBHajN2NhZHBTB6ibBFu7YuZZEWruWzB8x6B6GiZ4D,5F6aRdsBHajN2NhZHBTB6ibBFu7YuZZEWruWzB8x6B6GiZ4D
8844562,1786731555704,64798351920,64618356498,5F6aRdsBHajN2NhZHBTB6ibBFu7YuZZEWruWzB8x6B6GiZ4D,5F6aRdsBHajN2NhZHBTB6ibBFu7YuZZEWruWzB8x6B6GiZ4D
8844922,1786735876939,64798351920,64618356498,5F6aRdsBHajN2NhZHBTB6ibBFu7YuZZEWruWzB8x6B6GiZ4D,5F6aRdsBHajN2NhZHBTB6ibBFu7YuZZEWruWzB8x6B6GiZ4D
8845282,1786740198173,64798351920,64618356498,5F6aRdsBHajN2NhZHBTB6ibBFu7YuZZEWruWzB8x6B6GiZ4D,5F6aRdsBHajN2NhZHBTB6ibBFu7YuZZEWruWzB8x6B6GiZ4D
8845642,1786744519407,64798351920,64618356498,5F6aRdsBHajN2NhZHBTB6ibBFu7YuZZEWruWzB8x6B6GiZ4D,5F6aRdsBHajN2NhZHBTB6ibBFu7YuZZEWruWzB8x6B6GiZ4D
8846002,1786748840642,64798351920,64618356498,5F6aRdsBHajN2NhZHBTB6ibBFu7YuZZEWruWzB8x6B6GiZ4D,5F6aRdsBHajN2NhZHBTB6ibBFu7YuZZEWruWzB8x6B6GiZ4D
8846362,1786753161876,64798351920,64618356498,5F6aRdsBHajN2NhZHBTB6ibBFu7YuZZEWruWzB8x6B6GiZ4D,5F6aRdsBHajN2NhZHBTB6ibBFu7YuZZEWruWzB8x6B6GiZ4D
8846722,1786757483111,64798351920,64618356498,5F6aRdsBHajN2NhZHBTB6ibBFu7YuZZEWruWzB8x6B6GiZ4D,5F6aRdsBHajN2NhZHBTB6ibBFu7YuZZEWruWzB8x6B6GiZ4D
8847082,1786761804345,64798351920,64618356498,5F6aRdsBHajN2NhZHBTB6ibBFu7YuZZEWruWzB8x6B6GiZ4D,5F6aRdsBHajN2NhZHBTB6ibBFu7YuZZEWruWzB8x6B6GiZ4D
8847442,1786766125580,64798351920,64618356498,5F6aRdsBHajN2NhZHBTB6ibBFu7YuZZEWruWzB8x6B6GiZ4D,5F6aRdsBHajN2NhZHBTB6ibBFu7YuZZEWruWzB8x6B6GiZ4D
8847802,1786770446814,64798351920,64618356498,5F6aRdsBHajN2NhZHBTB6ibBFu7YuZZEWruWzB8x6B6GiZ4D,5F6aRdsBHajN2NhZHBTB6ibBFu7YuZZEWruWzB8x6B6GiZ4D
8848162,1786774768048,64798351920,64618356498,5F6aRdsBHajN2NhZHBTB6ibBFu7YuZZEWruWzB8x6B6GiZ4D,5F6aRdsBHajN2NhZHBTB6ibBFu7YuZZEWruWzB8x6B6GiZ4D
8848522,1786779089283,64798351920,64618356498,5F6aRdsBHajN2NhZHBTB6ibBFu7YuZZEWruWzB8x6B6GiZ4D,5F6aRdsBHajN2NhZHBTB6ibBFu7YuZZEWruWzB8x6B6GiZ4D
8848882,1786783410517,64798351920,64618356498,5F6aRdsBHajN2NhZHBTB6ibBFu7YuZZEWruWzB8x6B6GiZ4D,5F6aRdsBHajN2NhZHBTB6ibBFu7YuZZEWruWzB8x6B6GiZ4D
8849242,1786787731752,64798351920,64618356498,5F6aRdsBHajN2NhZHBTB6ibBFu7YuZZEWruWzB8x6B6GiZ4D,5F6aRdsBHajN2NhZHBTB6ibBFu7YuZZEWruWzB8x6B6GiZ4D
8849602,1786792052986,64798351920,64618356498,5F6aRdsBHajN2NhZHBTB6ibBFu7YuZZEWruWzB8x6B6GiZ4D,5F6aRdsBHajN2NhZHBTB6ibBFu7YuZZEWruWzB8x6B6GiZ4D
8849962,1786796374221,64798351920,64618356498,5F6aRdsBHajN2NhZHBTB6ibBFu7YuZZEWruWzB8x6B6GiZ4D,5F6aRdsBHajN2NhZHBTB6ibBFu7YuZZEWruWzB8x6B6GiZ4D
8850322,1786800695455,64798351920,64618356498,5F6aRdsBHajN2NhZHBTB6ibBFu7YuZZEWruWzB8x6B6GiZ4D,5F6aRdsBHajN2NhZHBTB6ibBFu7YuZZEWruWzB8x6B6GiZ4D
8850682,1786805016690,64798351920,64618356498,5F6aRdsBHajN2NhZHBTB6ibBFu7YuZZEWruWzB8x6B6GiZ4D,5F6aRdsBHajN2NhZHBTB6ibBFu7YuZZEWruWzB8x6B6GiZ4D
8851042,1786809337924,64798351920,64618356498,5F6aRdsBHajN2NhZHBTB6ibBFu7YuZZEWruWzB8x6B6GiZ4D,5F6aRdsBHajN2NhZHBTB6ibBFu7YuZZEWruWzB8x6B6GiZ4D
8851402,1786813659158,64798351920,64618356498,5F6aRdsBHajN2NhZHBTB6ibBFu7YuZZEWruWzB8x6B6GiZ4D,5F6aRdsBHajN2NhZHBTB6ibBFu7YuZZEWruWzB8x6B6GiZ4D
8851762,1786817980393,64798351920,64618356498,5F6aRdsBHajN2NhZHBTB6ibBFu7YuZZEWruWzB8x6B6GiZ4D,5F6aRdsBHajN2NhZHBTB6ibBFu7YuZZEWruWzB8x6B6GiZ4D
8852122,1786822301627,64798351920,64618356498,5F6aRdsBHajN2NhZHBTB6ibBFu7YuZZEWruWzB8x6B6GiZ4D,5F6aRdsBHajN2NhZHBTB6ibBFu7YuZZEWruWzB8x6B6GiZ4D
8852482,1786826622862,64798351920,64618356498,5F6aRdsBHajN2NhZHBTB6ibBFu7YuZZEWruWzB8x6B6GiZ4D,5F6aRdsBHajN2NhZHBTB6ibBFu7YuZZEWruWzB8x6B6GiZ4D
8852842,1786830944096,64798351920,64618356498,5F6aRdsBHajN2NhZHBTB6ibBFu7YuZZEWruWzB8x6B6GiZ4D,5F6aRdsBHajN2NhZHBTB6ibBFu7YuZZEWruWzB8x6B6GiZ4D
8853202,1786835265331,64798351920,64618356498,5F6aRdsBHajN2NhZHBTB6ibBFu7YuZZEWruWzB8x6B6GiZ4D,5F6aRdsBHajN2NhZHBTB6ibBFu7YuZZEWruWzB8x6B6GiZ4D
8853562,1786839586565,64798351920,64618356498,5F6aRdsBHajN2NhZHBTB6ibBFu7YuZZEWruWzB8x6B6GiZ4D,5F6aRdsBHajN2NhZHBTB6ibBFu7YuZZEWruWzB8x6B6GiZ4D
8853922,1786843907800,64798351920,64618356498,5F6aRdsBHajN2NhZHBTB6ibBFu7YuZZEWruWzB8x6B6GiZ4D,5F6aRdsBHajN2NhZHBTB6ibBFu7YuZZEWruWzB8x6B6GiZ4D
8854282,1786848229034,64798351920,64618356498,5F6aRdsBHajN2NhZHBTB6ibBFu7YuZZEWruWzB8x6B6GiZ4D,5F6aRdsBHajN2NhZHBTB6ibBFu7YuZZEWruWzB8x6B6GiZ4D
8854642,1786852550268,64798351920,64618356498,5F6aRdsBHajN2NhZHBTB6ibBFu7YuZZEWruWzB8x6B6GiZ4D,5F6aRdsBHajN2NhZHBTB6ibBFu7YuZZEWruWzB8x6B6GiZ4D
8855002,1786856871503,64798351920,64618356498,5F6aRdsBHajN2NhZHBTB6ibBFu7YuZZEWruWzB8x6B6GiZ4D,5F6aRdsBHajN2NhZHBTB6ibBFu7YuZZEWruWzB8x6B6GiZ4D
8855362,1786861192737,64798351920,64618356498,5F6aRdsBHajN2NhZHBTB6ibBFu7YuZZEWruWzB8x6B6GiZ4D,5F6aRdsBHajN2NhZHBTB6ibBFu7YuZZEWruWzB8x6B6GiZ4D
8855722,1786865513972,64798351920,64618356498,5F6aRdsBHajN2NhZHBTB6ibBFu7YuZZEWruWzB8x6B6GiZ4D,5F6aRdsBHajN2NhZHBTB6ibBFu7YuZZEWruWzB8x6B6GiZ4D
8856082,1786869835206,64798351920,64618356498,5F6aRdsBHajN2NhZHBTB6ibBFu7YuZZEWruWzB8x6B6GiZ4D,5F6aRdsBHajN2NhZHBTB6ibBFu7YuZZEWruWzB8x6B6GiZ4D
8856442,1786874156441,64798351920,64618356498,5F6aRdsBHajN2NhZHBTB6ibBFu7YuZZEWruWzB8x6B6GiZ4D,5F6aRdsBHajN2NhZHBTB6ibBFu7YuZZEWruWzB8x6B6GiZ4D
8856802,1786878477675,64798351920,64618356498,5F6aRdsBHajN2NhZHBTB6ibBFu7YuZZEWruWzB8x6B6GiZ4D,5F6aRdsBHajN2NhZHBTB6ibBFu7YuZZEWruWzB8x6B6GiZ4D
8857162,1786882798910,64798351920,64618356498,5F6aRdsBHajN2NhZHBTB6ibBFu7YuZZEWruWzB8x6B6GiZ4D,5F6aRdsBHajN2NhZHBTB6ibBFu7YuZZEWruWzB8x6B6GiZ4D
8857522,1786887120144,64798351920,64618356498,5F6aRdsBHajN2NhZHBTB6ibBFu7YuZZEWruWzB8x6B6GiZ4D,5F6aRdsBHajN2NhZHBTB6ibBFu7YuZZEWruWzB8x6B6GiZ4D
8857882,1786891441378,64798351920,64618356498,5F6aRdsBHajN2NhZHBTB6ibBFu7YuZZEWruWzB8x6B6GiZ4D,5F6aRdsBHajN2NhZHBTB6ibBFu7YuZZEWruWzB8x6B6GiZ4D
8858242,1786895762613,64798351920,64618356498,5F6aRdsBHajN2NhZHBTB6ibBFu7YuZZEWruWzB8x6B6GiZ4D,5F6aRdsBHajN2NhZHBTB6ibBFu7YuZZEWruWzB8x6B6GiZ4D
8858602,1786900083847,64798351920,64618356498,5F6aRdsBHajN2NhZHBTB6ibBFu7YuZZEWruWzB8x6B6GiZ4D,5F6aRdsBHajN2NhZHBTB6ibBFu7YuZZEWruWzB8x6B6GiZ4D
8858962,1786904405082,64798351920,64618356498,5F6aRdsBHajN2NhZHBTB6ibBFu7YuZZEWruWzB8x6B6GiZ4D,5F6aRdsBHajN2NhZHBTB6ibBFu7YuZZEWruWzB8x6B6GiZ4D
8859322,1786908726316,64798351920,64618356498,5F6aRdsBHajN2NhZHBTB6ibBFu7YuZZEWruWzB8x6B6GiZ4D,5F6aRdsBHajN2NhZHBTB6ibBFu7YuZZEWruWzB8x6B6GiZ4D
8859682,1786913047551,64798351920,64618356498,5F6aRdsBHajN2NhZHBTB6ibBFu7YuZZEWruWzB8x6B6GiZ4D,5F6aRdsBHajN2NhZHBTB6ibBFu7YuZZEWruWzB8x6B6GiZ4D
8860042,1786917368785,64798351920,64618356498,5F6aRdsBHajN2NhZHBTB6ibBFu7YuZZEWruWzB8x6B6GiZ4D,5F6aRdsBHajN2NhZHBTB6ibBFu7YuZZEWruWzB8x6B6GiZ4D
8860402,1786921690019,64798351920,64618356498,5F6aRdsBHajN2NhZHBTB6ibBFu7YuZZEWruWzB8x6B6GiZ4D,5F6aRdsBHajN2NhZHBTB6ibBFu7YuZZEWruWzB8x6B6GiZ4D
8860762,1786926011254,64798351920,64618356498,5F6aRdsBHajN2NhZHBTB6ibBFu7YuZZEWruWzB8x6B6GiZ4D,5F6aRdsBHajN2NhZHBTB6ibBFu7YuZZEWruWzB8x6B6GiZ4D
8861122,1786930332488,64798351920,64618356498,5F6aRdsBHajN2NhZHBTB6ibBFu7YuZZEWruWzB8x6B6GiZ4D,5F6aRdsBHajN2NhZHBTB6ibBFu7YuZZEWruWzB8x6B6GiZ4D
8861482,1786934653723,64798351920,64618356498,5F6aRdsBHajN2NhZHBTB6ibBFu7YuZZEWruWzB8x6B6GiZ4D,5F6aRdsBHajN2NhZHBTB6ibBFu7YuZZEWruWzB8x6B6GiZ4D
8861842,1786938974957,64798351920,64618356498,5F6aRdsBHajN2NhZHBTB6ibBFu7YuZZEWruWzB8x6B6GiZ4D,5F6aRdsBHajN2NhZHBTB6ibBFu7YuZZEWruWzB8x6B6GiZ4D
8862202,1786943296192,64798351920,64618356498,5F6aRdsBHajN2NhZHBTB6ibBFu7YuZZEWruWzB8x6B6GiZ4D,5F6aRdsBHajN2NhZHBTB6ibBFu7YuZZEWruWzB8x6B6GiZ4D
8862562,1786947617426,64798351920,64618356498,5F6aRdsBHajN2NhZHBTB6ibBFu7YuZZEWruWzB8x6B6GiZ4D,5F6aRdsBHajN2NhZHBTB6ibBFu7YuZZEWruWzB8x6B6GiZ4D
8862922,1786951938661,64798351920,64618356498,5F6aRdsBHajN2NhZHBTB6ibBFu7YuZZEWruWzB8x6B6GiZ4D,5F6aRdsBHajN2NhZHBTB6ibBFu7YuZZEWruWzB8x6B6GiZ4D
8863282,1786956259895,64798351920,64618356498,5F6aRdsBHajN2NhZHBTB6ibBFu7YuZZEWruWzB8x6B6GiZ4D,5F6aRdsBHajN2NhZHBTB6ibBFu7YuZZEWruWzB8x6B6GiZ4D
8863642,1786960581129,64798351920,64618356498,5F6aRdsBHajN2NhZHBTB6ibBFu7YuZZEWruWzB8x6B6GiZ4D,5F6aRdsBHajN2NhZHBTB6ibBFu7YuZZEWruWzB8x6B6GiZ4D
8864002,1786964902364,64798351920,64618356498,5F6aRdsBHajN2NhZHBTB6ibBFu7YuZZEWruWzB8x6B6GiZ4D,5F6aRdsBHajN2NhZHBTB6ibBFu7YuZZEWruWzB8x6B6GiZ4D
8864362,1786969223598,64798351920,64618356498,5F6aRdsBHajN2NhZHBTB6ibBFu7YuZZEWruWzB8x6B6GiZ4D,5F6aRdsBHajN2NhZHBTB6ibBFu7YuZZEWruWzB8x6B6GiZ4D
8864722,1786973544833,64798351920,64618356498,5F6aRdsBHajN2NhZHBTB6ibBFu7YuZZEWruWzB8x6B6GiZ4D,5F6aRdsBHajN2NhZHBTB6ibBFu7YuZZEWruWzB8x6B6GiZ4D
8865082,1786977866067,64798351920,64618356498,5F6aRdsBHajN2NhZHBTB6ibBFu7YuZZEWruWzB8x6B6GiZ4D,5F6aRdsBHajN2NhZHBTB6ibBFu7YuZZEWruWzB8x6B6GiZ4D
8865442,1786982187302,64798351920,64618356498,5F6aRdsBHajN2NhZHBTB6ibBFu7YuZZEWruWzB8x6B6GiZ4D,5F6aRdsBHajN2NhZHBTB6ibBFu7YuZZEWruWzB8x6B6GiZ4D
8865802,1786986508536,64798351920,64618356498,5F6aRdsBHajN2NhZHBTB6ibBFu7YuZZEWruWzB8x6B6GiZ4D,5F6aRdsBHajN2NhZHBTB6ibBFu7YuZZEWruWzB8x6B6GiZ4D
8866162,1786990829771,64798351920,64618356498,5F6aRdsBHajN2NhZHBTB6ibBFu7YuZZEWruWzB8x6B6GiZ4D,5F6aRdsBHajN2NhZHBTB6ibBFu7YuZZEWruWzB8x6B6GiZ4D
8866522,1786995151005,64798351920,64618356498,5F6aRdsBHajN2NhZHBTB6ibBFu7YuZZEWruWzB8x6B6GiZ4D,5F6aRdsBHajN2NhZHBTB6ibBFu7YuZZEWruWzB8x6B6GiZ4D
8866882,1786999472239,64798351920,64618356498,5F6aRdsBHajN2NhZHBTB6ibBFu7YuZZEWruWzB8x6B6GiZ4D,5F6aRdsBHajN2NhZHBTB6ibBFu7YuZZEWruWzB8x6B6GiZ4D
8867242,1787003793474,64798351920,64618356498,5F6aRdsBHajN2NhZHBTB6ibBFu7YuZZEWruWzB8x6B6GiZ4D,5F6aRdsBHajN2NhZHBTB6ibBFu7YuZZEWruWzB8x6B6GiZ4D
8867602,1787008114708,64798351920,64618356498,5F6aRdsBHajN2NhZHBTB6ibBFu7YuZZEWruWzB8x6B6GiZ4D,5F6aRdsBHajN2NhZHBTB6ibBFu7YuZZEWruWzB8x6B6GiZ4D
8867962,1787012435943,64798351920,64618356498,5F6aRdsBHajN2NhZHBTB6ibBFu7YuZZEWruWzB8x6B6GiZ4D,5F6aRdsBHajN2NhZHBTB6ibBFu7YuZZEWruWzB8x6B6GiZ4D
8868322,1787016757177,64798351920,64618356498,5F6aRdsBHajN2NhZHBTB6ibBFu7YuZZEWruWzB8x6B6GiZ4D,5F6aRdsBHajN2NhZHBTB6ibBFu7YuZZEWruWzB8x6B6GiZ4D
8868682,1787021078412,64798351920,64618356498,5F6aRdsBHajN2NhZHBTB6ibBFu7YuZZEWruWzB8x6B6GiZ4D,5F6aRdsBHajN2NhZHBTB6ibBFu7YuZZEWruWzB8x6B6GiZ4D
8869042,1787025399646,64798351920,64618356498,5F6aRdsBHajN2NhZHBTB6ibBFu7YuZZEWruWzB8x6B6GiZ4D,5F6aRdsBHajN2NhZHBTB6ibBFu7YuZZEWruWzB8x6B6GiZ4D
8869402,1787029720881,64798351920,64618356498,5F6aRdsBHajN2NhZHBTB6ibBFu7YuZZEWruWzB8x6B6GiZ4D,5F6aRdsBHajN2NhZHBTB6ibBFu7YuZZEWruWzB8x6B6GiZ4D
8869762,1787034042115,64798351920,64618356498,5F6aRdsBHajN2NhZHBTB6ibBFu7YuZZEWruWzB8x6B6GiZ4D,5F6aRdsBHajN2NhZHBTB6ibBFu7YuZZEWruWzB8x6B6GiZ4D
8870122,1787038363349,64798351920,64618356498,5F6aRdsBHajN2NhZHBTB6ibBFu7YuZZEWruWzB8x6B6GiZ4D,5F6aRdsBHajN2NhZHBTB6ibBFu7YuZZEWruWzB8x6B6GiZ4D
8870482,1787042684584,64798351920,64618356498,5F6aRdsBHajN2NhZHBTB6ibBFu7YuZZEWruWzB8x6B6GiZ4D,5F6aRdsBHajN2NhZHBTB6ibBFu7YuZZEWruWzB8x6B6GiZ4D
8870842,1787047005818,64798351920,64618356498,5F6aRdsBHajN2NhZHBTB6ibBFu7YuZZEWruWzB8x6B6GiZ4D,5F6aRdsBHajN2NhZHBTB6ibBFu7YuZZEWruWzB8x6B6GiZ4D
8871202,1787051327053,64798351920,64618356498,5F6aRdsBHajN2NhZHBTB6ibBFu7YuZZEWruWzB8x6B6GiZ4D,5F6aRdsBHajN2NhZHBTB6ibBFu7YuZZEWruWzB8x6B6GiZ4D
8871562,1787055648287,64798351920,64618356498,5F6aRdsBHajN2NhZHBTB6ibBFu7YuZZEWruWzB8x6B6GiZ4D,5F6aRdsBHajN2NhZHBTB6ibBFu7YuZZEWruWzB8x6B6GiZ4D
8871922,1787059969522,64798351920,64618356498,5F6aRdsBHajN2NhZHBTB6ibBFu7YuZZEWruWzB8x6B6GiZ4D,5F6aRdsBHajN2NhZHBTB6ibBFu7YuZZEWruWzB8x6B6GiZ4D
8872282,1787064290756,64798351920,64618356498,5F6aRdsBHajN2NhZHBTB6ibBFu7YuZZEWruWzB8x6B6GiZ4D,5F6aRdsBHajN2NhZHBTB6ibBFu7YuZZEWruWzB8x6B6GiZ4D
8872642,1787068611991,64798351920,64618356498,5F6aRdsBHajN2NhZHBTB6ibBFu7YuZZEWruWzB8x6B6GiZ4D,5F6aRdsBHajN2NhZHBTB6ibBFu7YuZZEWruWzB8x6B6GiZ4D
8873002,1787072933225,64798351920,64618356498,5F6aRdsBHajN2NhZHBTB6ibBFu7YuZZEWruWzB8x6B6GiZ4D,5F6aRdsBHajN2NhZHBTB6ibBFu7YuZZEWruWzB8x6B6GiZ4D
8873362,1787077254459,64798351920,64618356498,5F6aRdsBHajN2NhZHBTB6ibBFu7YuZZEWruWzB8x6B6GiZ4D,5F6aRdsBHajN2NhZHBTB6ibBFu7YuZZEWruWzB8x6B6GiZ4D
8873722,1787081575694,64798351920,64618356498,5F6aRdsBHajN2NhZHBTB6ibBFu7YuZZEWruWzB8x6B6GiZ4D,5F6aRdsBHajN2NhZHBTB6ibBFu7YuZZEWruWzB8x6B6GiZ4D
8874082,1787085896928,64798351920,64618356498,5F6aRdsBHajN2NhZHBTB6ibBFu7YuZZEWruWzB8x6B6GiZ4D,5F6aRdsBHajN2NhZHBTB6ibBFu7YuZZEWruWzB8x6B6GiZ4D
8874442,1787090218163,64798351920,64618356498,5F6aRdsBHajN2NhZHBTB6ibBFu7YuZZEWruWzB8x6B6GiZ4D,5F6aRdsBHajN2NhZHBTB6ibBFu7YuZZEWruWzB8x6B6GiZ4D
8874802,1787094539397,64798351920,64618356498,5F6aRdsBHajN2NhZHBTB6ibBFu7YuZZEWruWzB8x6B6GiZ4D,5F6aRdsBHajN2NhZHBTB6ibBFu7YuZZEWruWzB8x6B6GiZ4D
8875162,1787098860632,64798351920,64618356498,5F6aRdsBHajN2NhZHBTB6ibBFu7YuZZEWruWzB8x6B6GiZ4D,5F6aRdsBHajN2NhZHBTB6ibBFu7YuZZEWruWzB8x6B6GiZ4D
8875522,1787103181866,64798351920,64618356498,5F6aRdsBHajN2NhZHBTB6ibBFu7YuZZEWruWzB8x6B6GiZ4D,5F6aRdsBHajN2NhZHBTB6ibBFu7YuZZEWruWzB8x6B6GiZ4D
8875882,1787107503100,64798351920,64618356498,5F6aRdsBHajN2NhZHBTB6ibBFu7YuZZEWruWzB8x6B6GiZ4D,5F6aRdsBHajN2NhZHBTB6ibBFu7YuZZEWruWzB8x6B6GiZ4D
8876242,1787111824335,64798351920,64618356498,5F6aRdsBHajN2NhZHBTB6ibBFu7YuZZEWruWzB8x6B6GiZ4D,5F6aRdsBHajN2NhZHBTB6ibBFu7YuZZEWruWzB8x6B6GiZ4D
8876602,1787116145569,64798351920,64618356498,5F6aRdsBHajN2NhZHBTB6ibBFu7YuZZEWruWzB8x6B6GiZ4D,5F6aRdsBHajN2NhZHBTB6ibBFu7YuZZEWruWzB8x6B6GiZ4D
8876962,1787120466804,64798351920,64618356498,5F6aRdsBHajN2NhZHBTB6ibBFu7YuZZEWruWzB8x6B6GiZ4D,5F6aRdsBHajN2NhZHBTB6ibBFu7YuZZEWruWzB8x6B6GiZ4D
8877322,1787124788038,64798351920,64618356498,5F6aRdsBHajN2NhZHBTB6ibBFu7YuZZEWruWzB8x6B6GiZ4D,5F6aRdsBHajN2NhZHBTB6ibBFu7YuZZEWruWzB8x6B6GiZ4D
8877682,1787129109273,64798351920,64618356498,5F6aRdsBHajN2NhZHBTB6ibBFu7YuZZEWruWzB8x6B6GiZ4D,5F6aRdsBHajN2NhZHBTB6ibBFu7YuZZEWruWzB8x6B6GiZ4D
8878042,1787133430507,64798351920,64618356498,5F6aRdsBHajN2NhZHBTB6ibBFu7YuZZEWruWzB8x6B6GiZ4D,5F6aRdsBHajN2NhZHBTB6ibBFu7YuZZEWruWzB8x6B6GiZ4D
8878402,1787137751742,64798351920,64618356498,5F6aRdsBHajN2NhZHBTB6ibBFu7YuZZEWruWzB8x6B6GiZ4D,5F6aRdsBHajN2NhZHBTB6ibBFu7YuZZEWruWzB8x6B6GiZ4D
8878762,1787142072976,64798351920,64618356498,5F6aRdsBHajN2NhZHBTB6ibBFu7YuZZEWruWzB8x6B6GiZ4D,5F6aRdsBHajN2NhZHBTB6ibBFu7YuZZEWruWzB8x6B6GiZ4D
8879122,1787146394210,64798351920,64618356498,5F6aRdsBHajN2NhZHBTB6ibBFu7YuZZEWruWzB8x6B6GiZ4D,5F6aRdsBHajN2NhZHBTB6ibBFu7YuZZEWruWzB8x6B6GiZ4D
8879482,1787150715445,64798351920,64618356498,5F6aRdsBHajN2NhZHBTB6ibBFu7YuZZEWruWzB8x6B6GiZ4D,5F6aRdsBHajN2NhZHBTB6ibBFu7YuZZEWruWzB8x6B6GiZ4D
8879842,1787155036679,64798351920,64618356498,5F6aRdsBHajN2NhZHBTB6ibBFu7YuZZEWruWzB8x6B6GiZ4D,5F6aRdsBHajN2NhZHBTB6ibBFu7YuZZEWruWzB8x6B6GiZ4D
8880202,1787159357914,64798351920,64618356498,5F6aRdsBHajN2NhZHBTB6ibBFu7YuZZEWruWzB8x6B6GiZ4D,5F6aRdsBHajN2NhZHBTB6ibBFu7YuZZEWruWzB8x6B6GiZ4D
8880562,1787163679148,64798351920,64618356498,5F6aRdsBHajN2NhZHBTB6ibBFu7YuZZEWruWzB8x6B6GiZ4D,5F6aRdsBHajN2NhZHBTB6ibBFu7YuZZEWruWzB8x6B6GiZ4D
8880922,1787168000383,64798351920,64618356498,5F6aRdsBHajN2NhZHBTB6ibBFu7YuZZEWruWzB8x6B6GiZ4D,5F6aRdsBHajN2NhZHBTB6ibBFu7YuZZEWruWzB8x6B6GiZ4D
8881282,1787172321617,64798351920,64618356498,5F6aRdsBHajN2NhZHBTB6ibBFu7YuZZEWruWzB8x6B6GiZ4D,5F6aRdsBHajN2NhZHBTB6ibBFu7YuZZEWruWzB8x6B6GiZ4D
8881642,1787176642852,64798351920,64618356498,5F6aRdsBHajN2NhZHBTB6ibBFu7YuZZEWruWzB8x6B6GiZ4D,5F6aRdsBHajN2NhZHBTB6ibBFu7YuZZEWruWzB8x6B6GiZ4D
8882002,1787180964086,64798351920,64618356498,5F6aRdsBHajN2NhZHBTB6ibBFu7YuZZEWruWzB8x6B6GiZ4D,5F6aRdsBHajN2NhZHBTB6ibBFu7YuZZEWruWzB8x6B6GiZ4D
8882362,1787185285320,64798351920,64618356498,5F6aRdsBHajN2NhZHBTB6ibBFu7YuZZEWruWzB8x6B6GiZ4D,5F6aRdsBHajN2NhZHBTB6ibBFu7YuZZEWruWzB8x6B6GiZ4D
8882722,1787189606555,64798351920,64618356498,5F6aRdsBHajN2NhZHBTB6ibBFu7YuZZEWruWzB8x6B6GiZ4D,5F6aRdsBHajN2NhZHBTB6ibBFu7YuZZEWruWzB8x6B6GiZ4D
8883082,1787193927789,64798351920,64618356498,5F6aRdsBHajN2NhZHBTB6ibBFu7YuZZEWruWzB8x6B6GiZ4D,5F6aRdsBHajN2NhZHBTB6ibBFu7YuZZEWruWzB8x6B6GiZ4D
8883442,1787198249024,64798351920,64618356498,5F6aRdsBHajN2NhZHBTB6ibBFu7YuZZEWruWzB8x6B6GiZ4D,5F6aRdsBHajN2NhZHBTB6ibBFu7YuZZEWruWzB8x6B6GiZ4D
8883802,1787202570258,64798351920,64618356498,5F6aRdsBHajN2NhZHBTB6ibBFu7YuZZEWruWzB8x6B6GiZ4D,5F6aRdsBHajN2NhZHBTB6ibBFu7YuZZEWruWzB8x6B6GiZ4D
8884162,1787206891493,64798351920,64618356498,5F6aRdsBHajN2NhZHBTB6ibBFu7YuZZEWruWzB8x6B6GiZ4D,5F6aRdsBHajN2NhZHBTB6ibBFu7YuZZEWruWzB8x6B6GiZ4D
8884522,1787211212727,64798351920,64618356498,5F6aRdsBHajN2NhZHBTB6ibBFu7YuZZEWruWzB8x6B6GiZ4D,5F6aRdsBHajN2NhZHBTB6ibBFu7YuZZEWruWzB8x6B6GiZ4D
8884882,1787215533962,64798351920,64618356498,5F6aRdsBHajN2NhZHBTB6ibBFu7YuZZEWruWzB8x6B6GiZ4D,5F6aRdsBHajN2NhZHBTB6ibBFu7YuZZEWruWzB8x6B6GiZ4D
8885242,1787219855196,64798351920,64618356498,5F6aRdsBHajN2NhZHBTB6ibBFu7YuZZEWruWzB8x6B6GiZ4D,5F6aRdsBHajN2NhZHBTB6ibBFu7YuZZEWruWzB8x6B6GiZ4D
8885602,1787224176430,64798351920,64618356498,5F6aRdsBHajN2NhZHBTB6ibBFu7YuZZEWruWzB8x6B6GiZ4D,5F6aRdsBHajN2NhZHBTB6ibBFu7YuZZEWruWzB8x6B6GiZ4D
8885962,1787228497665,64798351920,64618356498,5F6aRdsBHajN2NhZHBTB6ibBFu7YuZZEWruWzB8x6B6GiZ4D,5F6aRdsBHajN2NhZHBTB6ibBFu7YuZZEWruWzB8x6B6GiZ4D
8886322,1787232818899,64798351920,64618356498,5F6aRdsBHajN2NhZHBTB6ibBFu7YuZZEWruWzB8x6B6GiZ4D,5F6aRdsBHajN2NhZHBTB6ibBFu7YuZZEWruWzB8x6B6GiZ4D
8886682,1787237140134,64798351920,64618356498,5F6aRdsBHajN2NhZHBTB6ibBFu7YuZZEWruWzB8x6B6GiZ4D,5F6aRdsBHajN2NhZHBTB6ibBFu7YuZZEWruWzB8x6B6GiZ4D
8887042,1787241461368,64798351920,64618356498,5F6aRdsBHajN2NhZHBTB6ibBFu7YuZZEWruWzB8x6B6GiZ4D,5F6aRdsBHajN2NhZHBTB6ibBFu7YuZZEWruWzB8x6B6GiZ4D
8887402,1787245782603,64798351920,64618356498,5F6aRdsBHajN2NhZHBTB6ibBFu7YuZZEWruWzB8x6B6GiZ4D,5F6aRdsBHajN2NhZHBTB6ibBFu7YuZZEWruWzB8x6B6GiZ4D
8887762,1787250103837,64798351920,64618356498,5F6aRdsBHajN2NhZHBTB6ibBFu7YuZZEWruWzB8x6B6GiZ4D,5F6aRdsBHajN2NhZHBTB6ibBFu7YuZZEWruWzB8x6B6GiZ4D
8888122,1787254425071,64798351920,64618356498,5F6aRdsBHajN2NhZHBTB6ibBFu7YuZZEWruWzB8x6B6GiZ4D,5F6aRdsBHajN2NhZHBTB6ibBFu7YuZZEWruWzB8x6B6GiZ4D
8888482,1787258746306,64798351920,64618356498,5F6aRdsBHajN2NhZHBTB6ibBFu7YuZZEWruWzB8x6B6GiZ4D,5F6aRdsBHajN2NhZHBTB6ibBFu7YuZZEWruWzB8x6B6GiZ4D
8888842,1787263067540,64798351920,64618356498,5F6aRdsBHajN2NhZHBTB6ibBFu7YuZZEWruWzB8x6B6GiZ4D,5F6aRdsBHajN2NhZHBTB6ibBFu7YuZZEWruWzB8x6B6GiZ4D
8889202,1787267388775,64798351920,64618356498,5F6aRdsBHajN2NhZHBTB6ibBFu7YuZZEWruWzB8x6B6GiZ4D,5F6aRdsBHajN2NhZHBTB6ibBFu7YuZZEWruWzB8x6B6GiZ4D
8889562,1787271710009,64798351920,64618356498,5F6aRdsBHajN2NhZHBTB6ibBFu7YuZZEWruWzB8x6B6GiZ4D,5F6aRdsBHajN2NhZHBTB6ibBFu7YuZZEWruWzB8x6B6GiZ4D
8889922,1787276031244,64798351920,64618356498,5F6aRdsBHajN2NhZHBTB6ibBFu7YuZZEWruWzB8x6B6GiZ4D,5F6aRdsBHajN2NhZHBTB6ibBFu7YuZZEWruWzB8x6B6GiZ4D
8890282,1787280352478,64798351920,64618356498,5F6aRdsBHajN2NhZHBTB6ibBFu7YuZZEWruWzB8x6B6GiZ4D,5F6aRdsBHajN2NhZHBTB6ibBFu7YuZZEWruWzB8x6B6GiZ4D
8890642,1787284673713,64798351920,64618356498,5F6aRdsBHajN2NhZHBTB6ibBFu7YuZZEWruWzB8x6B6GiZ4D,5F6aRdsBHajN2NhZHBTB6ibBFu7YuZZEWruWzB8x6B6GiZ4D
8891002,1787288994947,64798351920,64618356498,5F6aRdsBHajN2NhZHBTB6ibBFu7YuZZEWruWzB8x6B6GiZ4D,5F6aRdsBHajN2NhZHBTB6ibBFu7YuZZEWruWzB8x6B6GiZ4D
8891362,1787293316181,64798351920,64618356498,5F6aRdsBHajN2NhZHBTB6ibBFu7YuZZEWruWzB8x6B6GiZ4D,5F6aRdsBHajN2NhZHBTB6ibBFu7YuZZEWruWzB8x6B6GiZ4D
8891722,1787297637416,64798351920,64618356498,5F6aRdsBHajN2NhZHBTB6ibBFu7YuZZEWruWzB8x6B6GiZ4D,5F6aRdsBHajN2NhZHBTB6ibBFu7YuZZEWruWzB8x6B6GiZ4D
8892082,1787301958650,64798351920,64618356498,5F6aRdsBHajN2NhZHBTB6ibBFu7YuZZEWruWzB8x6B6GiZ4D,5F6aRdsBHajN2NhZHBTB6ibBFu7YuZZEWruWzB8x6B6GiZ4D
8892442,1787306279885,64798351920,64618356498,5F6aRdsBHajN2NhZHBTB6ibBFu7YuZZEWruWzB8x6B6GiZ4D,5F6aRdsBHajN2NhZHBTB6ibBFu7YuZZEWruWzB8x6B6GiZ4D
8892802,1787310601119,64798351920,64618356498,5F6aRdsBHajN2NhZHBTB6ibBFu7YuZZEWruWzB8x6B6GiZ4D,5F6aRdsBHajN2NhZHBTB6ibBFu7YuZZEWruWzB8x6B6GiZ4D
8893162,1787314922354,64798351920,64618356498,5F6aRdsBHajN2NhZHBTB6ibBFu7YuZZEWruWzB8x6B6GiZ4D,5F6aRdsBHajN2NhZHBTB6ibBFu7YuZZEWruWzB8x6B6GiZ4D
8893522,1787319243588,64798351920,64618356498,5F6aRdsBHajN2NhZHBTB6ibBFu7YuZZEWruWzB8x6B6GiZ4D,5F6aRdsBHajN2NhZHBTB6ibBFu7YuZZEWruWzB8x6B6GiZ4D
8893882,1787323564823,64798351920,64618356498,5F6aRdsBHajN2NhZHBTB6ibBFu7YuZZEWruWzB8x6B6GiZ4D,5F6aRdsBHajN2NhZHBTB6ibBFu7YuZZEWruWzB8x6B6GiZ4D
8894242,1787327886057,64798351920,64618356498,5F6aRdsBHajN2NhZHBTB6ibBFu7YuZZEWruWzB8x6B6GiZ4D,5F6aRdsBHajN2NhZHBTB6ibBFu7YuZZEWruWzB8x6B6GiZ4D
8894602,1787332207291,64798351920,64618356498,5F6aRdsBHajN2NhZHBTB6ibBFu7YuZZEWruWzB8x6B6GiZ4D,5F6aRdsBHajN2NhZHBTB6ibBFu7YuZZEWruWzB8x6B6GiZ4D
8894962,1787336528526,64798351920,64618356498,5F6aRdsBHajN2NhZHBTB6ibBFu7YuZZEWruWzB8x6B6GiZ4D,5F6aRdsBHajN2NhZHBTB6ibBFu7YuZZEWruWzB8x6B6GiZ4D
8895322,1787340849760,64798351920,64618356498,5F6aRdsBHajN2NhZHBTB6ibBFu7YuZZEWruWzB8x6B6GiZ4D,5F6aRdsBHajN2NhZHBTB6ibBFu7YuZZEWruWzB8x6B6GiZ4D
8895682,1787345170995,64798351920,64618356498,5F6aRdsBHajN2NhZHBTB6ibBFu7YuZZEWruWzB8x6B6GiZ4D,5F6aRdsBHajN2NhZHBTB6ibBFu7YuZZEWruWzB8x6B6GiZ4D
8896042,1787349492229,64798351920,64618356498,5F6aRdsBHajN2NhZHBTB6ibBFu7YuZZEWruWzB8x6B6GiZ4D,5F6aRdsBHajN2NhZHBTB6ibBFu7YuZZEWruWzB8x6B6GiZ4D
8896402,1787353813464,64798351920,64618356498,5F6aRdsBHajN2NhZHBTB6ibBFu7YuZZEWruWzB8x6B6GiZ4D,5F6aRdsBHajN2NhZHBTB6ibBFu7YuZZEWruWzB8x6B6GiZ4D
8896762,1787358134698,64798351920,64618356498,5F6aRdsBHajN2NhZHBTB6ibBFu7YuZZEWruWzB8x6B6GiZ4D,5F6aRdsBHajN2NhZHBTB6ibBFu7YuZZEWruWzB8x6B6GiZ4D
8897122,1787362455933,64798351920,64618356498,5F6aRdsBHajN2NhZHBTB6ibBFu7YuZZEWruWzB8x6B6GiZ4D,5F6aRdsBHajN2NhZHBTB6ibBFu7YuZZEWruWzB8x6B6GiZ4D
8897482,1787366777167,64798351920,64618356498,5F6aRdsBHajN2NhZHBTB6ibBFu7YuZZEWruWzB8x6B6GiZ4D,5F6aRdsBHajN2NhZHBTB6ibBFu7YuZZEWruWzB8x6B6GiZ4D
8897842,1787371098401,64798351920,64618356498,5F6aRdsBHajN2NhZHBTB6ibBFu7YuZZEWruWzB8x6B6GiZ4D,5F6aRdsBHajN2NhZHBTB6ibBFu7YuZZEWruWzB8x6B6GiZ4D
8898202,1787375419636,64798351920,64618356498,5F6aRdsBHajN2NhZHBTB6ibBFu7YuZZEWruWzB8x6B6GiZ4D,5F6aRdsBHajN2NhZHBTB6ibBFu7YuZZEWruWzB8x6B6GiZ4D
8898562,1787379740870,64798351920,64618356498,5F6aRdsBHajN2NhZHBTB6ibBFu7YuZZEWruWzB8x6B6GiZ4D,5F6aRdsBHajN2NhZHBTB6ibBFu7YuZZEWruWzB8x6B6GiZ4D
8898922,1787384062105,64798351920,64618356498,5F6aRdsBHajN2NhZHBTB6ibBFu7YuZZEWruWzB8x6B6GiZ4D,5F6aRdsBHajN2NhZHBTB6ibBFu7YuZZEWruWzB8x6B6GiZ4D
8899282,1787388383339,64798351920,64618356498,5F6aRdsBHajN2NhZHBTB6ibBFu7YuZZEWruWzB8x6B6GiZ4D,5F6aRdsBHajN2NhZHBTB6ibBFu7YuZZEWruWzB8x6B6GiZ4D
8899642,1787392704574,64798351920,64618356498,5F6aRdsBHajN2NhZHBTB6ibBFu7YuZZEWruWzB8x6B6GiZ4D,5F6aRdsBHajN2NhZHBTB6ibBFu7YuZZEWruWzB8x6B6GiZ4D
8900002,1787397025808,64798351920,64618356498,5F6aRdsBHajN2NhZHBTB6ibBFu7YuZZEWruWzB8x6B6GiZ4D,5F6aRdsBHajN2NhZHBTB6ibBFu7YuZZEWruWzB8x6B6GiZ4D
8900362,1787401347042,64798351920,64618356498,5F6aRdsBHajN2NhZHBTB6ibBFu7YuZZEWruWzB8x6B6GiZ4D,5F6aRdsBHajN2NhZHBTB6ibBFu7YuZZEWruWzB8x6B6GiZ4D
8900722,1787405668277,64798351920,64618356498,5F6aRdsBHajN2NhZHBTB6ibBFu7YuZZEWruWzB8x6B6GiZ4D,5F6aRdsBHajN2NhZHBTB6ibBFu7YuZZEWruWzB8x6B6GiZ4D
8901082,1787409989511,64798351920,64618356498,5F6aRdsBHajN2NhZHBTB6ibBFu7YuZZEWruWzB8x6B6GiZ4D,5F6aRdsBHajN2NhZHBTB6ibBFu7YuZZEWruWzB8x6B6GiZ4D
8901442,1787414310746,64798351920,64618356498,5F6aRdsBHajN2NhZHBTB6ibBFu7YuZZEWruWzB8x6B6GiZ4D,5F6aRdsBHajN2NhZHBTB6ibBFu7YuZZEWruWzB8x6B6GiZ4D
8901802,1787418631980,64798351920,64618356498,5F6aRdsBHajN2NhZHBTB6ibBFu7YuZZEWruWzB8x6B6GiZ4D,5F6aRdsBHajN2NhZHBTB6ibBFu7YuZZEWruWzB8x6B6GiZ4D
8902162,1787422953215,64798351920,64618356498,5F6aRdsBHajN2NhZHBTB6ibBFu7YuZZEWruWzB8x6B6GiZ4D,5F6aRdsBHajN2NhZHBTB6ibBFu7YuZZEWruWzB8x6B6GiZ4D
8902522,1787427274449,64798351920,64618356498,5F6aRdsBHajN2NhZHBTB6ibBFu7YuZZEWruWzB8x6B6GiZ4D,5F6aRdsBHajN2NhZHBTB6ibBFu7YuZZEWruWzB8x6B6GiZ4D
8902882,1787431595684,64798351920,64618356498,5F6aRdsBHajN2NhZHBTB6ibBFu7YuZZEWruWzB8x6B6GiZ4D,5F6aRdsBHajN2NhZHBTB6ibBFu7YuZZEWruWzB8x6B6GiZ4D
8903242,1787435916918,64798351920,64618356498,5F6aRdsBHajN2NhZHBTB6ibBFu7YuZZEWruWzB8x6B6GiZ4D,5F6aRdsBHajN2NhZHBTB6ibBFu7YuZZEWruWzB8x6B6GiZ4D
8903602,1787440238152,64798351920,64618356498,5F6aRdsBHajN2NhZHBTB6ibBFu7YuZZEWruWzB8x6B6GiZ4D,5F6aRdsBHajN2NhZHBTB6ibBFu7YuZZEWruWzB8x6B6GiZ4D
8903962,1787444559387,64798351920,64618356498,5F6aRdsBHajN2NhZHBTB6ibBFu7YuZZEWruWzB8x6B6GiZ4D,5F6aRdsBHajN2NhZHBTB6ibBFu7YuZZEWruWzB8x6B6GiZ4D
8904322,1787448880621,64798351920,64618356498,5F6aRdsBHajN2NhZHBTB6ibBFu7YuZZEWruWzB8x6B6GiZ4D,5F6aRdsBHajN2NhZHBTB6ibBFu7YuZZEWruWzB8x6B6GiZ4D
8904682,1787453201856,64798351920,64618356498,5F6aRdsBHajN2NhZHBTB6ibBFu7YuZZEWruWzB8x6B6GiZ4D,5F6aRdsBHajN2NhZHBTB6ibBFu7YuZZEWruWzB8x6B6GiZ4D
8905042,1787457523090,64798351920,64618356498,5F6aRdsBHajN2NhZHBTB6ibBFu7YuZZEWruWzB8x6B6GiZ4D,5F6aRdsBHajN2NhZHBTB6ibBFu7YuZZEWruWzB8x6B6GiZ4D
8905402,1787461844325,64798351920,64618356498,5F6aRdsBHajN2NhZHBTB6ibBFu7YuZZEWruWzB8x6B6GiZ4D,5F6aRdsBHajN2NhZHBTB6ibBFu7YuZZEWruWzB8x6B6GiZ4D
8905762,1787466165559,64798351920,64618356498,5F6aRdsBHajN2NhZHBTB6ibBFu7YuZZEWruWzB8x6B6GiZ4D,5F6aRdsBHajN2NhZHBTB6ibBFu7YuZZEWruWzB8x6B6GiZ4D
8906122,1787470486794,64798351920,64618356498,5F6aRdsBHajN2NhZHBTB6ibBFu7YuZZEWruWzB8x6B6GiZ4D,5F6aRdsBHajN2NhZHBTB6ibBFu7YuZZEWruWzB8x6B6GiZ4D
8906482,1787474808028,64798351920,64618356498,5F6aRdsBHajN2NhZHBTB6ibBFu7YuZZEWruWzB8x6B6GiZ4D,5F6aRdsBHajN2NhZHBTB6ibBFu7YuZZEWruWzB8x6B6GiZ4D
8906842,1787479129262,64798351920,64618356498,5F6aRdsBHajN2NhZHBTB6ibBFu7YuZZEWruWzB8x6B6GiZ4D,5F6aRdsBHajN2NhZHBTB6ibBFu7YuZZEWruWzB8x6B6GiZ4D
8907202,1787483450497,64798351920,64618356498,5F6aRdsBHajN2NhZHBTB6ibBFu7YuZZEWruWzB8x6B6GiZ4D,5F6aRdsBHajN2NhZHBTB6ibBFu7YuZZEWruWzB8x6B6GiZ4D
8907562,1787487771731,64798351920,64618356498,5F6aRdsBHajN2NhZHBTB6ibBFu7YuZZEWruWzB8x6B6GiZ4D,5F6aRdsBHajN2NhZHBTB6ibBFu7YuZZEWruWzB8x6B6GiZ4D
8907922,1787492092966,64798351920,64618356498,5F6aRdsBHajN2NhZHBTB6ibBFu7YuZZEWruWzB8x6B6GiZ4D,5F6aRdsBHajN2NhZHBTB6ibBFu7YuZZEWruWzB8x6B6GiZ4D
8908282,1787496414200,64798351920,64618356498,5F6aRdsBHajN2NhZHBTB6ibBFu7YuZZEWruWzB8x6B6GiZ4D,5F6aRdsBHajN2NhZHBTB6ibBFu7YuZZEWruWzB8x6B6GiZ4D
8908642,1787500735435,64798351920,64618356498,5F6aRdsBHajN2NhZHBTB6ibBFu7YuZZEWruWzB8x6B6GiZ4D,5F6aRdsBHajN2NhZHBTB6ibBFu7YuZZEWruWzB8x6B6GiZ4D
8909002,1787505056669,64798351920,64618356498,5F6aRdsBHajN2NhZHBTB6ibBFu7YuZZEWruWzB8x6B6GiZ4D,5F6aRdsBHajN2NhZHBTB6ibBFu7YuZZEWruWzB8x6B6GiZ4D
8909362,1787509377904,64798351920,64618356498,5F6aRdsBHajN2NhZHBTB6ibBFu7YuZZEWruWzB8x6B6GiZ4D,5F6aRdsBHajN2NhZHBTB6ibBFu7YuZZEWruWzB8x6B6GiZ4D
8909722,1787513699138,64798351920,64618356498,5F6aRdsBHajN2NhZHBTB6ibBFu7YuZZEWruWzB8x6B6GiZ4D,5F6aRdsBHajN2NhZHBTB6ibBFu7YuZZEWruWzB8x6B6GiZ4D
8910082,1787518020372,64798351920,64618356498,5F6aRdsBHajN2NhZHBTB6ibBFu7YuZZEWruWzB8x6B6GiZ4D,5F6aRdsBHajN2NhZHBTB6ibBFu7YuZZEWruWzB8x6B6GiZ4D
8910442,1787522341607,64798351920,64618356498,5F6aRdsBHajN2NhZHBTB6ibBFu7YuZZEWruWzB8x6B6GiZ4D,5F6aRdsBHajN2NhZHBTB6ibBFu7YuZZEWruWzB8x6B6GiZ4D
8910802,1787526662841,64798351920,64618356498,5F6aRdsBHajN2NhZHBTB6ibBFu7YuZZEWruWzB8x6B6GiZ4D,5F6aRdsBHajN2NhZHBTB6ibBFu7YuZZEWruWzB8x6B6GiZ4D
8911162,1787530984076,64798351920,64618356498,5F6aRdsBHajN2NhZHBTB6ibBFu7YuZZEWruWzB8x6B6GiZ4D,5F6aRdsBHajN2NhZHBTB6ibBFu7YuZZEWruWzB8x6B6GiZ4D
8911522,1787535305310,64798351920,64618356498,5F6aRdsBHajN2NhZHBTB6ibBFu7YuZZEWruWzB8x6B6GiZ4D,5F6aRdsBHajN2NhZHBTB6ibBFu7YuZZEWruWzB8x6B6GiZ4D
8911882,1787539626545,64798351920,64618356498,5F6aRdsBHajN2NhZHBTB6ibBFu7YuZZEWruWzB8x6B6GiZ4D,5F6aRdsBHajN2NhZHBTB6ibBFu7YuZZEWruWzB8x6B6GiZ4D
8912242,1787543947779,64798351920,64618356498,5F6aRdsBHajN2NhZHBTB6ibBFu7YuZZEWruWzB8x6B6GiZ4D,5F6aRdsBHajN2NhZHBTB6ibBFu7YuZZEWruWzB8x6B6GiZ4D
8912602,1787548269014,64798351920,64618356498,5F6aRdsBHajN2NhZHBTB6ibBFu7YuZZEWruWzB8x6B6GiZ4D,5F6aRdsBHajN2NhZHBTB6ibBFu7YuZZEWruWzB8x6B6GiZ4D
8912962,1787552590248,64798351920,64618356498,5F6aRdsBHajN2NhZHBTB6ibBFu7YuZZEWruWzB8x6B6GiZ4D,5F6aRdsBHajN2NhZHBTB6ibBFu7YuZZEWruWzB8x6B6GiZ4D
8913322,1787556911482,64798351920,64618356498,5F6aRdsBHajN2NhZHBTB6ibBFu7YuZZEWruWzB8x6B6GiZ4D,5F6aRdsBHajN2NhZHBTB6ibBFu7YuZZEWruWzB8x6B6GiZ4D
8913682,1787561232717,64798351920,64618356498,5F6aRdsBHajN2NhZHBTB6ibBFu7YuZZEWruWzB8x6B6GiZ4D,5F6aRdsBHajN2NhZHBTB6ibBFu7YuZZEWruWzB8x6B6GiZ4D
8914042,1787565553951,64798351920,64618356498,5F6aRdsBHajN2NhZHBTB6ibBFu7YuZZEWruWzB8x6B6GiZ4D,5F6aRdsBHajN2NhZHBTB6ibBFu7YuZZEWruWzB8x6B6GiZ4D
8914402,1787569875186,64798351920,64618356498,5F6aRdsBHajN2NhZHBTB6ibBFu7YuZZEWruWzB8x6B6GiZ4D,5F6aRdsBHajN2NhZHBTB6ibBFu7YuZZEWruWzB8x6B6GiZ4D
8914762,1787574196420,64798351920,64618356498,5F6aRdsBHajN2NhZHBTB6ibBFu7YuZZEWruWzB8x6B6GiZ4D,5F6aRdsBHajN2NhZHBTB6ibBFu7YuZZEWruWzB8x6B6GiZ4D
8915122,1787578517655,64798351920,64618356498,5F6aRdsBHajN2NhZHBTB6ibBFu7YuZZEWruWzB8x6B6GiZ4D,5F6aRdsBHajN2NhZHBTB6ibBFu7YuZZEWruWzB8x6B6GiZ4D
8915482,1787582838889,64798351920,64618356498,5F6aRdsBHajN2NhZHBTB6ibBFu7YuZZEWruWzB8x6B6GiZ4D,5F6aRdsBHajN2NhZHBTB6ibBFu7YuZZEWruWzB8x6B6GiZ4D
8915842,1787587160123,64798351920,64618356498,5F6aRdsBHajN2NhZHBTB6ibBFu7YuZZEWruWzB8x6B6GiZ4D,5F6aRdsBHajN2NhZHBTB6ibBFu7YuZZEWruWzB8x6B6GiZ4D
8916202,1787591481358,64798351920,64618356498,5F6aRdsBHajN2NhZHBTB6ibBFu7YuZZEWruWzB8x6B6GiZ4D,5F6aRdsBHajN2NhZHBTB6ibBFu7YuZZEWruWzB8x6B6GiZ4D
8916562,1787595802592,64798351920,64618356498,5F6aRdsBHajN2NhZHBTB6ibBFu7YuZZEWruWzB8x6B6GiZ4D,5F6aRdsBHajN2NhZHBTB6ibBFu7YuZZEWruWzB8x6B6GiZ4D
8916922,1787600123827,64798351920,64618356498,5F6aRdsBHajN2NhZHBTB6ibBFu7YuZZEWruWzB8x6B6GiZ4D,5F6aRdsBHajN2NhZHBTB6ibBFu7YuZZEWruWzB8x6B6GiZ4D
8917282,1787604445061,64798351920,64618356498,5F6aRdsBHajN2NhZHBTB6ibBFu7YuZZEWruWzB8x6B6GiZ4D,5F6aRdsBHajN2NhZHBTB6ibBFu7YuZZEWruWzB8x6B6GiZ4D
8917642,1787608766296,64798351920,64618356498,5F6aRdsBHajN2NhZHBTB6ibBFu7YuZZEWruWzB8x6B6GiZ4D,5F6aRdsBHajN2NhZHBTB6ibBFu7YuZZEWruWzB8x6B6GiZ4D
8918002,1787613087530,64798351920,64618356498,5F6aRdsBHajN2NhZHBTB6ibBFu7YuZZEWruWzB8x6B6GiZ4D,5F6aRdsBHajN2NhZHBTB6ibBFu7YuZZEWruWzB8x6B6GiZ4D
8918362,1787617408765,64798351920,64618356498,5F6aRdsBHajN2NhZHBTB6ibBFu7YuZZEWruWzB8x6B6GiZ4D,5F6aRdsBHajN2NhZHBTB6ibBFu7YuZZEWruWzB8x6B6GiZ4D
8918722,1787621729999,64798351920,64618356498,5F6aRdsBHajN2NhZHBTB6ibBFu7YuZZEWruWzB8x6B6GiZ4D,5F6aRdsBHajN2NhZHBTB6ibBFu7YuZZEWruWzB8x6B6GiZ4D
8919082,1787626051233,64798351920,64618356498,5F6aRdsBHajN2NhZHBTB6ibBFu7YuZZEWruWzB8x6B6GiZ4D,5F6aRdsBHajN2NhZHBTB6ibBFu7YuZZEWruWzB8x6B6GiZ4D
8919442,1787630372468,64798351920,64618356498,5F6aRdsBHajN2NhZHBTB6ibBFu7YuZZEWruWzB8x6B6GiZ4D,5F6aRdsBHajN2NhZHBTB6ibBFu7YuZZEWruWzB8x6B6GiZ4D
8919802,1787634693702,64798351920,64618356498,5F6aRdsBHajN2NhZHBTB6ibBFu7YuZZEWruWzB8x6B6GiZ4D,5F6aRdsBHajN2NhZHBTB6ibBFu7YuZZEWruWzB8x6B6GiZ4D
8920162,1787639014937,64798351920,64618356498,5F6aRdsBHajN2NhZHBTB6ibBFu7YuZZEWruWzB8x6B6GiZ4D,5F6aRdsBHajN2NhZHBTB6ibBFu7YuZZEWruWzB8x6B6GiZ4D
8920522,1787643336171,64798351920,64618356498,5F6aRdsBHajN2NhZHBTB6ibBFu7YuZZEWruWzB8x6B6GiZ4D,5F6aRdsBHajN2NhZHBTB6ibBFu7YuZZEWruWzB8x6B6GiZ4D
8920882,1787647657406,64798351920,64618356498,5F6aRdsBHajN2NhZHBTB6ibBFu7YuZZEWruWzB8x6B6GiZ4D,5F6aRdsBHajN2NhZHBTB6ibBFu7YuZZEWruWzB8x6B6GiZ4D
8921242,1787651978640,64798351920,64618356498,5F6aRdsBHajN2NhZHBTB6ibBFu7YuZZEWruWzB8x6B6GiZ4D,5F6aRdsBHajN2NhZHBTB6ibBFu7YuZZEWruWzB8x6B6GiZ4D
8921602,1787656299875,64798351920,64618356498,5F6aRdsBHajN2NhZHBTB6ibBFu7YuZZEWruWzB8x6B6GiZ4D,5F6aRdsBHajN2NhZHBTB6ibBFu7YuZZEWruWzB8x6B6GiZ4D
8921962,1787660621109,64798351920,64618356498,5F6aRdsBHajN2NhZHBTB6ibBFu7YuZZEWruWzB8x6B6GiZ4D,5F6aRdsBHajN2NhZHBTB6ibBFu7YuZZEWruWzB8x6B6GiZ4D
8922322,1787664942343,64798351920,64618356498,5F6aRdsBHajN2NhZHBTB6ibBFu7YuZZEWruWzB8x6B6GiZ4D,5F6aRdsBHajN2NhZHBTB6ibBFu7YuZZEWruWzB8x6B6GiZ4D
8922682,1787669263578,64798351920,64618356498,5F6aRdsBHajN2NhZHBTB6ibBFu7YuZZEWruWzB8x6B6GiZ4D,5F6aRdsBHajN2NhZHBTB6ibBFu7YuZZEWruWzB8x6B6GiZ4D
8923042,1787673584812,64798351920,64618356498,5F6aRdsBHajN2NhZHBTB6ibBFu7YuZZEWruWzB8x6B6GiZ4D,5F6aRdsBHajN2NhZHBTB6ibBFu7YuZZEWruWzB8x6B6GiZ4D
8923402,1787677906047,64798351920,64618356498,5F6aRdsBHajN2NhZHBTB6ibBFu7YuZZEWruWzB8x6B6GiZ4D,5F6aRdsBHajN2NhZHBTB6ibBFu7YuZZEWruWzB8x6B6GiZ4D
8923762,1787682227281,64798351920,64618356498,5F6aRdsBHajN2NhZHBTB6ibBFu7YuZZEWruWzB8x6B6GiZ4D,5F6aRdsBHajN2NhZHBTB6ibBFu7YuZZEWruWzB8x6B6GiZ4D
8924122,1787686548516,64798351920,64618356498,5F6aRdsBHajN2NhZHBTB6ibBFu7YuZZEWruWzB8x6B6GiZ4D,5F6aRdsBHajN2NhZHBTB6ibBFu7YuZZEWruWzB8x6B6GiZ4D
8924482,1787690869750,64798351920,64618356498,5F6aRdsBHajN2NhZHBTB6ibBFu7YuZZEWruWzB8x6B6GiZ4D,5F6aRdsBHajN2NhZHBTB6ibBFu7YuZZEWruWzB8x6B6GiZ4D
8924842,1787695190985,64798351920,64618356498,5F6aRdsBHajN2NhZHBTB6ibBFu7YuZZEWruWzB8x6B6GiZ4D,5F6aRdsBHajN2NhZHBTB6ibBFu7YuZZEWruWzB8x6B6GiZ4D
8925202,1787699512219,64798351920,64618356498,5F6aRdsBHajN2NhZHBTB6ibBFu7YuZZEWruWzB8x6B6GiZ4D,5F6aRdsBHajN2NhZHBTB6ibBFu7YuZZEWruWzB8x6B6GiZ4D
8925562,1787703833453,64798351920,64618356498,5F6aRdsBHajN2NhZHBTB6ibBFu7YuZZEWruWzB8x6B6GiZ4D,5F6aRdsBHajN2NhZHBTB6ibBFu7YuZZEWruWzB8x6B6GiZ4D
8925922,1787708154688,64798351920,64618356498,5F6aRdsBHajN2NhZHBTB6ibBFu7YuZZEWruWzB8x6B6GiZ4D,5F6aRdsBHajN2NhZHBTB6ibBFu7YuZZEWruWzB8x6B6GiZ4D
8926282,1787712475922,64798351920,64618356498,5F6aRdsBHajN2NhZHBTB6ibBFu7YuZZEWruWzB8x6B6GiZ4D,5F6aRdsBHajN2NhZHBTB6ibBFu7YuZZEWruWzB8x6B6GiZ4D
8926642,1787716797157,64798351920,64618356498,5F6aRdsBHajN2NhZHBTB6ibBFu7YuZZEWruWzB8x6B6GiZ4D,5F6aRdsBHajN2NhZHBTB6ibBFu7YuZZEWruWzB8x6B6GiZ4D
8927002,1787721118391,64798351920,64618356498,5F6aRdsBHajN2NhZHBTB6ibBFu7YuZZEWruWzB8x6B6GiZ4D,5F6aRdsBHajN2NhZHBTB6ibBFu7YuZZEWruWzB8x6B6GiZ4D
8927362,1787725439626,64798351920,64618356498,5F6aRdsBHajN2NhZHBTB6ibBFu7YuZZEWruWzB8x6B6GiZ4D,5F6aRdsBHajN2NhZHBTB6ibBFu7YuZZEWruWzB8x6B6GiZ4D
8927722,1787729760860,64798351920,64618356498,5F6aRdsBHajN2NhZHBTB6ibBFu7YuZZEWruWzB8x6B6GiZ4D,5F6aRdsBHajN2NhZHBTB6ibBFu7YuZZEWruWzB8x6B6GiZ4D
8928082,1787734082094,64798351920,64618356498,5F6aRdsBHajN2NhZHBTB6ibBFu7YuZZEWruWzB8x6B6GiZ4D,5F6aRdsBHajN2NhZHBTB6ibBFu7YuZZEWruWzB8x6B6GiZ4D
8928442,1787738403329,64798351920,64618356498,5F6aRdsBHajN2NhZHBTB6ibBFu7YuZZEWruWzB8x6B6GiZ4D,5F6aRdsBHajN2NhZHBTB6ibBFu7YuZZEWruWzB8x6B6GiZ4D
8928802,1787742724563,64798351920,64618356498,5F6aRdsBHajN2NhZHBTB6ibBFu7YuZZEWruWzB8x6B6GiZ4D,5F6aRdsBHajN2NhZHBTB6ibBFu7YuZZEWruWzB8x6B6GiZ4D
8929162,1787747045798,64798351920,64618356498,5F6aRdsBHajN2NhZHBTB6ibBFu7YuZZEWruWzB8x6B6GiZ4D,5F6aRdsBHajN2NhZHBTB6ibBFu7YuZZEWruWzB8x6B6GiZ4D
8929522,1787751367032,64798351920,64618356498,5F6aRdsBHajN2NhZHBTB6ibBFu7YuZZEWruWzB8x6B6GiZ4D,5F6aRdsBHajN2NhZHBTB6ibBFu7YuZZEWruWzB8x6B6GiZ4D
8929882,1787755688267,64798351920,64618356498,5F6aRdsBHajN2NhZHBTB6ibBFu7YuZZEWruWzB8x6B6GiZ4D,5F6aRdsBHajN2NhZHBTB6ibBFu7YuZZEWruWzB8x6B6GiZ4D
8930242,1787760009501,64798351920,64618356498,5F6aRdsBHajN2NhZHBTB6ibBFu7YuZZEWruWzB8x6B6GiZ4D,5F6aRdsBHajN2NhZHBTB6ibBFu7YuZZEWruWzB8x6B6GiZ4D
8930602,1787764330736,64798351920,64618356498,5F6aRdsBHajN2NhZHBTB6ibBFu7YuZZEWruWzB8x6B6GiZ4D,5F6aRdsBHajN2NhZHBTB6ibBFu7YuZZEWruWzB8x6B6GiZ4D
8930962,1787768651970,64798351920,64618356498,5F6aRdsBHajN2NhZHBTB6ibBFu7YuZZEWruWzB8x6B6GiZ4D,5F6aRdsBHajN2NhZHBTB6ibBFu7YuZZEWruWzB8x6B6GiZ4D
8931322,1787772973204,64798351920,64618356498,5F6aRdsBHajN2NhZHBTB6ibBFu7YuZZEWruWzB8x6B6GiZ4D,5F6aRdsBHajN2NhZHBTB6ibBFu7YuZZEWruWzB8x6B6GiZ4D
8931682,1787777294439,64798351920,64618356498,5F6aRdsBHajN2NhZHBTB6ibBFu7YuZZEWruWzB8x6B6GiZ4D,5F6aRdsBHajN2NhZHBTB6ibBFu7YuZZEWruWzB8x6B6GiZ4D
8932042,1787781615673,64798351920,64618356498,5F6aRdsBHajN2NhZHBTB6ibBFu7YuZZEWruWzB8x6B6GiZ4D,5F6aRdsBHajN2NhZHBTB6ibBFu7YuZZEWruWzB8x6B6GiZ4D
8932402,1787785936908,64798351920,64618356498,5F6aRdsBHajN2NhZHBTB6ibBFu7YuZZEWruWzB8x6B6GiZ4D,5F6aRdsBHajN2NhZHBTB6ibBFu7YuZZEWruWzB8x6B6GiZ4D
8932762,1787790258142,64798351920,64618356498,5F6aRdsBHajN2NhZHBTB6ibBFu7YuZZEWruWzB8x6B6GiZ4D,5F6aRdsBHajN2NhZHBTB6ibBFu7YuZZEWruWzB8x6B6GiZ4D
8933122,1787794579377,64798351920,64618356498,5F6aRdsBHajN2NhZHBTB6ibBFu7YuZZEWruWzB8x6B6GiZ4D,5F6aRdsBHajN2NhZHBTB6ibBFu7YuZZEWruWzB8x6B6GiZ4D
8933482,1787798900611,64798351920,64618356498,5F6aRdsBHajN2NhZHBTB6ibBFu7YuZZEWruWzB8x6B6GiZ4D,5F6aRdsBHajN2NhZHBTB6ibBFu7YuZZEWruWzB8x6B6GiZ4D
8933842,1787803221846,64798351920,64618356498,5F6aRdsBHajN2NhZHBTB6ibBFu7YuZZEWruWzB8x6B6GiZ4D,5F6aRdsBHajN2NhZHBTB6ibBFu7YuZZEWruWzB8x6B6GiZ4D
8934202,1787807543080,64798351920,64618356498,5F6aRdsBHajN2NhZHBTB6ibBFu7YuZZEWruWzB8x6B6GiZ4D,5F6aRdsBHajN2NhZHBTB6ibBFu7YuZZEWruWzB8x6B6GiZ4D
8934562,1787811864314,64798351920,64618356498,5F6aRdsBHajN2NhZHBTB6ibBFu7YuZZEWruWzB8x6B6GiZ4D,5F6aRdsBHajN2NhZHBTB6ibBFu7YuZZEWruWzB8x6B6GiZ4D
8934922,1787816185549,64798351920,64618356498,5F6aRdsBHajN2NhZHBTB6ibBFu7YuZZEWruWzB8x6B6GiZ4D,5F6aRdsBHajN2NhZHBTB6ibBFu7YuZZEWruWzB8x6B6GiZ4D
8935282,1787820506783,64798351920,64618356498,5F6aRdsBHajN2NhZHBTB6ibBFu7YuZZEWruWzB8x6B6GiZ4D,5F6aRdsBHajN2NhZHBTB6ibBFu7YuZZEWruWzB8x6B6GiZ4D
8935642,1787824828018,64798351920,64618356498,5F6aRdsBHajN2NhZHBTB6ibBFu7YuZZEWruWzB8x6B6GiZ4D,5F6aRdsBHajN2NhZHBTB6ibBFu7YuZZEWruWzB8x6B6GiZ4D
8936002,1787829149252,64798351920,64618356498,5F6aRdsBHajN2NhZHBTB6ibBFu7YuZZEWruWzB8x6B6GiZ4D,5F6aRdsBHajN2NhZHBTB6ibBFu7YuZZEWruWzB8x6B6GiZ4D
8936362,1787833470487,64798351920,64618356498,5F6aRdsBHajN2NhZHBTB6ibBFu7YuZZEWruWzB8x6B6GiZ4D,5F6aRdsBHajN2NhZHBTB6ibBFu7YuZZEWruWzB8x6B6GiZ4D
8936722,1787837791721,64798351920,64618356498,5F6aRdsBHajN2NhZHBTB6ibBFu7YuZZEWruWzB8x6B6GiZ4D,5F6aRdsBHajN2NhZHBTB6ibBFu7YuZZEWruWzB8x6B6GiZ4D
8937082,1787842112956,64798351920,64618356498,5F6aRdsBHajN2NhZHBTB6ibBFu7YuZZEWruWzB8x6B6GiZ4D,5F6aRdsBHajN2NhZHBTB6ibBFu7YuZZEWruWzB8x6B6GiZ4D
8937442,1787846434190,64798351920,64618356498,5F6aRdsBHajN2NhZHBTB6ibBFu7YuZZEWruWzB8x6B6GiZ4D,5F6aRdsBHajN2NhZHBTB6ibBFu7YuZZEWruWzB8x6B6GiZ4D
8937802,1787850755424,64798351920,64618356498,5F6aRdsBHajN2NhZHBTB6ibBFu7YuZZEWruWzB8x6B6GiZ4D,5F6aRdsBHajN2NhZHBTB6ibBFu7YuZZEWruWzB8x6B6GiZ4D
8938162,1787855076659,64798351920,64618356498,5F6aRdsBHajN2NhZHBTB6ibBFu7YuZZEWruWzB8x6B6GiZ4D,5F6aRdsBHajN2NhZHBTB6ibBFu7YuZZEWruWzB8x6B6GiZ4D
8938522,1787859397893,64798351920,64618356498,5F6aRdsBHajN2NhZHBTB6ibBFu7YuZZEWruWzB8x6B6GiZ4D,5F6aRdsBHajN2NhZHBTB6ibBFu7YuZZEWruWzB8x6B6GiZ4D
8938882,1787863719128,64798351920,64618356498,5F6aRdsBHajN2NhZHBTB6ibBFu7YuZZEWruWzB8x6B6GiZ4D,5F6aRdsBHajN2NhZHBTB6ibBFu7YuZZEWruWzB8x6B6GiZ4D
8939242,1787868040362,64798351920,64618356498,5F6aRdsBHajN2NhZHBTB6ibBFu7YuZZEWruWzB8x6B6GiZ4D,5F6aRdsBHajN2NhZHBTB6ibBFu7YuZZEWruWzB8x6B6GiZ4D
8939602,1787872361597,64798351920,64618356498,5F6aRdsBHajN2NhZHBTB6ibBFu7YuZZEWruWzB8x6B6GiZ4D,5F6aRdsBHajN2NhZHBTB6ibBFu7YuZZEWruWzB8x6B6GiZ4D
8939962,1787876682831,64798351920,64618356498,5F6aRdsBHajN2NhZHBTB6ibBFu7YuZZEWruWzB8x6B6GiZ4D,5F6aRdsBHajN2NhZHBTB6ibBFu7YuZZEWruWzB8x6B6GiZ4D
8940322,1787881004065,64798351920,64618356498,5F6aRdsBHajN2NhZHBTB6ibBFu7YuZZEWruWzB8x6B6GiZ4D,5F6aRdsBHajN2NhZHBTB6ibBFu7YuZZEWruWzB8x6B6GiZ4D
8940682,1787885325300,64798351920,64618356498,5F6aRdsBHajN2NhZHBTB6ibBFu7YuZZEWruWzB8x6B6GiZ4D,5F6aRdsBHajN2NhZHBTB6ibBFu7YuZZEWruWzB8x6B6GiZ4D
8941042,1787889646534,64798351920,64618356498,5F6aRdsBHajN2NhZHBTB6ibBFu7YuZZEWruWzB8x6B6GiZ4D,5F6aRdsBHajN2NhZHBTB6ibBFu7YuZZEWruWzB8x6B6GiZ4D
8941402,1787893967769,64798351920,64618356498,5F6aRdsBHajN2NhZHBTB6ibBFu7YuZZEWruWzB8x6B6GiZ4D,5F6aRdsBHajN2NhZHBTB6ibBFu7YuZZEWruWzB8x6B6GiZ4D
8941762,1787898289003,64798351920,64618356498,5F6aRdsBHajN2NhZHBTB6ibBFu7YuZZEWruWzB8x6B6GiZ4D,5F6aRdsBHajN2NhZHBTB6ibBFu7YuZZEWruWzB8x6B6GiZ4D
8942122,1787902610238,64798351920,64618356498,5F6aRdsBHajN2NhZHBTB6ibBFu7YuZZEWruWzB8x6B6GiZ4D,5F6aRdsBHajN2NhZHBTB6ibBFu7YuZZEWruWzB8x6B6GiZ4D
8942482,1787906931472,64798351920,64618356498,5F6aRdsBHajN2NhZHBTB6ibBFu7YuZZEWruWzB8x6B6GiZ4D,5F6aRdsBHajN2NhZHBTB6ibBFu7YuZZEWruWzB8x6B6GiZ4D
8942842,1787911252707,64798351920,64618356498,5F6aRdsBHajN2NhZHBTB6ibBFu7YuZZEWruWzB8x6B6GiZ4D,5F6aRdsBHajN2NhZHBTB6ibBFu7YuZZEWruWzB8x6B6GiZ4D
8943202,1787915573941,64798351920,64618356498,5F6aRdsBHajN2NhZHBTB6ibBFu7YuZZEWruWzB8x6B6GiZ4D,5F6aRdsBHajN2NhZHBTB6ibBFu7YuZZEWruWzB8x6B6GiZ4D
8943562,1787919895175,64798351920,64618356498,5F6aRdsBHajN2NhZHBTB6ibBFu7YuZZEWruWzB8x6B6GiZ4D,5F6aRdsBHajN2NhZHBTB6ibBFu7YuZZEWruWzB8x6B6GiZ4D
8943922,1787924216410,64798351920,64618356498,5F6aRdsBHajN2NhZHBTB6ibBFu7YuZZEWruWzB8x6B6GiZ4D,5F6aRdsBHajN2NhZHBTB6ibBFu7YuZZEWruWzB8x6B6GiZ4D
8944282,1787928537644,64798351920,64618356498,5F6aRdsBHajN2NhZHBTB6ibBFu7YuZZEWruWzB8x6B6GiZ4D,5F6aRdsBHajN2NhZHBTB6ibBFu7YuZZEWruWzB8x6B6GiZ4D
8944642,1787932858879,64798351920,64618356498,5F6aRdsBHajN2NhZHBTB6ibBFu7YuZZEWruWzB8x6B6GiZ4D,5F6aRdsBHajN2NhZHBTB6ibBFu7YuZZEWruWzB8x6B6GiZ4D
8945002,1787937180113,64798351920,64618356498,5F6aRdsBHajN2NhZHBTB6ibBFu7YuZZEWruWzB8x6B6GiZ4D,5F6aRdsBHajN2NhZHBTB6ibBFu7YuZZEWruWzB8x6B6GiZ4D
8945362,1787941501348,64798351920,64618356498,5F6aRdsBHajN2NhZHBTB6ibBFu7YuZZEWruWzB8x6B6GiZ4D,5F6aRdsBHajN2NhZHBTB6ibBFu7YuZZEWruWzB8x6B6GiZ4D
8945722,1787945822582,64798351920,64618356498,5F6aRdsBHajN2NhZHBTB6ibBFu7YuZZEWruWzB8x6B6GiZ4D,5F6aRdsBHajN2NhZHBTB6ibBFu7YuZZEWruWzB8x6B6GiZ4D
8946082,1787950143817,64798351920,64618356498,5F6aRdsBHajN2NhZHBTB6ibBFu7YuZZEWruWzB8x6B6GiZ4D,5F6aRdsBHajN2NhZHBTB6ibBFu7YuZZEWruWzB8x6B6GiZ4D
8946442,1787954465051,64798351920,64618356498,5F6aRdsBHajN2NhZHBTB6ibBFu7YuZZEWruWzB8x6B6GiZ4D,5F6aRdsBHajN2NhZHBTB6ibBFu7YuZZEWruWzB8x6B6GiZ4D
8946802,1787958786285,64798351920,64618356498,5F6aRdsBHajN2NhZHBTB6ibBFu7YuZZEWruWzB8x6B6GiZ4D,5F6aRdsBHajN2NhZHBTB6ibBFu7YuZZEWruWzB8x6B6GiZ4D
8947162,1787963107520,64798351920,64618356498,5F6aRdsBHajN2NhZHBTB6ibBFu7YuZZEWruWzB8x6B6GiZ4D,5F6aRdsBHajN2NhZHBTB6ibBFu7YuZZEWruWzB8x6B6GiZ4D
8947522,1787967428754,64798351920,64618356498,5F6aRdsBHajN2NhZHBTB6ibBFu7YuZZEWruWzB8x6B6GiZ4D,5F6aRdsBHajN2NhZHBTB6ibBFu7YuZZEWruWzB8x6B6GiZ4D
8947882,1787971749989,64798351920,64618356498,5F6aRdsBHajN2NhZHBTB6ibBFu7YuZZEWruWzB8x6B6GiZ4D,5F6aRdsBHajN2NhZHBTB6ibBFu7YuZZEWruWzB8x6B6GiZ4D
8948242,1787976071223,64798351920,64618356498,5F6aRdsBHajN2NhZHBTB6ibBFu7YuZZEWruWzB8x6B6GiZ4D,5F6aRdsBHajN2NhZHBTB6ibBFu7YuZZEWruWzB8x6B6GiZ4D
8948602,1787980392458,64798351920,64618356498,5F6aRdsBHajN2NhZHBTB6ibBFu7YuZZEWruWzB8x6B6GiZ4D,5F6aRdsBHajN2NhZHBTB6ibBFu7YuZZEWruWzB8x6B6GiZ4D
8948962,1787984713692,64798351920,64618356498,5F6aRdsBHajN2NhZHBTB6ibBFu7YuZZEWruWzB8x6B6GiZ4D,5F6aRdsBHajN2NhZHBTB6ibBFu7YuZZEWruWzB8x6B6GiZ4D
8949322,1787989034927,64798351920,64618356498,5F6aRdsBHajN2NhZHBTB6ibBFu7YuZZEWruWzB8x6B6GiZ4D,5F6aRdsBHajN2NhZHBTB6ibBFu7YuZZEWruWzB8x6B6GiZ4D
8949682,1787993356161,64798351920,64618356498,5F6aRdsBHajN2NhZHBTB6ibBFu7YuZZEWruWzB8x6B6GiZ4D,5F6aRdsBHajN2NhZHBTB6ibBFu7YuZZEWruWzB8x6B6GiZ4D
8950042,1787997677395,64798351920,64618356498,5F6aRdsBHajN2NhZHBTB6ibBFu7YuZZEWruWzB8x6B6GiZ4D,5F6aRdsBHajN2NhZHBTB6ibBFu7YuZZEWruWzB8x6B6GiZ4D
8950402,1788001998630,64798351920,64618356498,5F6aRdsBHajN2NhZHBTB6ibBFu7YuZZEWruWzB8x6B6GiZ4D,5F6aRdsBHajN2NhZHBTB6ibBFu7YuZZEWruWzB8x6B6GiZ4D
8950762,1788006319864,64798351920,64618356498,5F6aRdsBHajN2NhZHBTB6ibBFu7YuZZEWruWzB8x6B6GiZ4D,5F6aRdsBHajN2NhZHBTB6ibBFu7YuZZEWruWzB8x6B6GiZ4D
8951122,1788010641099,64798351920,64618356498,5F6aRdsBHajN2NhZHBTB6ibBFu7YuZZEWruWzB8x6B6GiZ4D,5F6aRdsBHajN2NhZHBTB6ibBFu7YuZZEWruWzB8x6B6GiZ4D
8951482,1788014962333,64798351920,64618356498,5F6aRdsBHajN2NhZHBTB6ibBFu7YuZZEWruWzB8x6B6GiZ4D,5F6aRdsBHajN2NhZHBTB6ibBFu7YuZZEWruWzB8x6B6GiZ4D
8951842,1788019283568,64798351920,64618356498,5F6aRdsBHajN2NhZHBTB6ibBFu7YuZZEWruWzB8x6B6GiZ4D,5F6aRdsBHajN2NhZHBTB6ibBFu7YuZZEWruWzB8x6B6GiZ4D
8952202,1788023604802,64798351920,64618356498,5F6aRdsBHajN2NhZHBTB6ibBFu7YuZZEWruWzB8x6B6GiZ4D,5F6aRdsBHajN2NhZHBTB6ibBFu7YuZZEWruWzB8x6B6GiZ4D
8952562,1788027926037,64798351920,64618356498,5F6aRdsBHajN2NhZHBTB6ibBFu7YuZZEWruWzB8x6B6GiZ4D,5F6aRdsBHajN2NhZHBTB6ibBFu7YuZZEWruWzB8x6B6GiZ4D
8952922,1788032247271,64798351920,64618356498,5F6aRdsBHajN2NhZHBTB6ibBFu7YuZZEWruWzB8x6B6GiZ4D,5F6aRdsBHajN2NhZHBTB6ibBFu7YuZZEWruWzB8x6B6GiZ4D
8953282,1788036568505,64798351920,64618356498,5F6aRdsBHajN2NhZHBTB6ibBFu7YuZZEWruWzB8x6B6GiZ4D,5F6aRdsBHajN2NhZHBTB6ibBFu7YuZZEWruWzB8x6B6GiZ4D
8953642,1788040889740,64798351920,64618356498,5F6aRdsBHajN2NhZHBTB6ibBFu7YuZZEWruWzB8x6B6GiZ4D,5F6aRdsBHajN2NhZHBTB6ibBFu7YuZZEWruWzB8x6B6GiZ4D
8954002,1788045210974,64798351920,64618356498,5F6aRdsBHajN2NhZHBTB6ibBFu7YuZZEWruWzB8x6B6GiZ4D,5F6aRdsBHajN2NhZHBTB6ibBFu7YuZZEWruWzB8x6B6GiZ4D
8954362,1788049532209,64798351920,64618356498,5F6aRdsBHajN2NhZHBTB6ibBFu7YuZZEWruWzB8x6B6GiZ4D,5F6aRdsBHajN2NhZHBTB6ibBFu7YuZZEWruWzB8x6B6GiZ4D
8954722,1788053853443,64798351920,64618356498,5F6aRdsBHajN2NhZHBTB6ibBFu7YuZZEWruWzB8x6B6GiZ4D,5F6aRdsBHajN2NhZHBTB6ibBFu7YuZZEWruWzB8x6B6GiZ4D
8955082,1788058174678,64798351920,64618356498,5F6aRdsBHajN2NhZHBTB6ibBFu7YuZZEWruWzB8x6B6GiZ4D,5F6aRdsBHajN2NhZHBTB6ibBFu7YuZZEWruWzB8x6B6GiZ4D
8955442,1788062495912,64798351920,64618356498,5F6aRdsBHajN2NhZHBTB6ibBFu7YuZZEWruWzB8x6B6GiZ4D,5F6aRdsBHajN2NhZHBTB6ibBFu7YuZZEWruWzB8x6B6GiZ4D
8955802,1788066817146,64798351920,64618356498,5F6aRdsBHajN2NhZHBTB6ibBFu7YuZZEWruWzB8x6B6GiZ4D,5F6aRdsBHajN2NhZHBTB6ibBFu7YuZZEWruWzB8x6B6GiZ4D
8956162,1788071138381,64798351920,64618356498,5F6aRdsBHajN2NhZHBTB6ibBFu7YuZZEWruWzB8x6B6GiZ4D,5F6aRdsBHajN2NhZHBTB6ibBFu7YuZZEWruWzB8x6B6GiZ4D
8956522,1788075459615,64798351920,64618356498,5F6aRdsBHajN2NhZHBTB6ibBFu7YuZZEWruWzB8x6B6GiZ4D,5F6aRdsBHajN2NhZHBTB6ibBFu7YuZZEWruWzB8x6B6GiZ4D
8956882,1788079780850,64798351920,64618356498,5F6aRdsBHajN2NhZHBTB6ibBFu7YuZZEWruWzB8x6B6GiZ4D,5F6aRdsBHajN2NhZHBTB6ibBFu7YuZZEWruWzB8x6B6GiZ4D
8957242,1788084102084,64798351920,64618356498,5F6aRdsBHajN2NhZHBTB6ibBFu7YuZZEWruWzB8x6B6GiZ4D,5F6aRdsBHajN2NhZHBTB6ibBFu7YuZZEWruWzB8x6B6GiZ4D
8957602,1788088423319,64798351920,64618356498,5F6aRdsBHajN2NhZHBTB6ibBFu7YuZZEWruWzB8x6B6GiZ4D,5F6aRdsBHajN2NhZHBTB6ibBFu7YuZZEWruWzB8x6B6GiZ4D
8957962,1788092744553,64798351920,64618356498,5F6aRdsBHajN2NhZHBTB6ibBFu7YuZZEWruWzB8x6B6GiZ4D,5F6aRdsBHajN2NhZHBTB6ibBFu7YuZZEWruWzB8x6B6GiZ4D
8958322,1788097065788,64798351920,64618356498,5F6aRdsBHajN2NhZHBTB6ibBFu7YuZZEWruWzB8x6B6GiZ4D,5F6aRdsBHajN2NhZHBTB6ibBFu7YuZZEWruWzB8x6B6GiZ4D
8958682,1788101387022,64798351920,64618356498,5F6aRdsBHajN2NhZHBTB6ibBFu7YuZZEWruWzB8x6B6GiZ4D,5F6aRdsBHajN2NhZHBTB6ibBFu7YuZZEWruWzB8x6B6GiZ4D
8959042,1788105708256,64798351920,64618356498,5F6aRdsBHajN2NhZHBTB6ibBFu7YuZZEWruWzB8x6B6GiZ4D,5F6aRdsBHajN2NhZHBTB6ibBFu7YuZZEWruWzB8x6B6GiZ4D
8959402,1788110029491,64798351920,64618356498,5F6aRdsBHajN2NhZHBTB6ibBFu7YuZZEWruWzB8x6B6GiZ4D,5F6aRdsBHajN2NhZHBTB6ibBFu7YuZZEWruWzB8x6B6GiZ4D
8959762,1788114350725,64798351920,64618356498,5F6aRdsBHajN2NhZHBTB6ibBFu7YuZZEWruWzB8x6B6GiZ4D,5F6aRdsBHajN2NhZHBTB6ibBFu7YuZZEWruWzB8x6B6GiZ4D
8960122,1788118671960,64798351920,64618356498,5F6aRdsBHajN2NhZHBTB6ibBFu7YuZZEWruWzB8x6B6GiZ4D,5F6aRdsBHajN2NhZHBTB6ibBFu7YuZZEWruWzB8x6B6GiZ4D
8960482,1788122993194,64798351920,64618356498,5F6aRdsBHajN2NhZHBTB6ibBFu7YuZZEWruWzB8x6B6GiZ4D,5F6aRdsBHajN2NhZHBTB6ibBFu7YuZZEWruWzB8x6B6GiZ4D
8960842,1788127314429,64798351920,64618356498,5F6aRdsBHajN2NhZHBTB6ibBFu7YuZZEWruWzB8x6B6GiZ4D,5F6aRdsBHajN2NhZHBTB6ibBFu7YuZZEWruWzB8x6B6GiZ4D
8961202,1788131635663,64798351920,64618356498,5F6aRdsBHajN2NhZHBTB6ibBFu7YuZZEWruWzB8x6B6GiZ4D,5F6aRdsBHajN2NhZHBTB6ibBFu7YuZZEWruWzB8x6B6GiZ4D
8961562,1788135956898,64798351920,64618356498,5F6aRdsBHajN2NhZHBTB6ibBFu7YuZZEWruWzB8x6B6GiZ4D,5F6aRdsBHajN2NhZHBTB6ibBFu7YuZZEWruWzB8x6B6GiZ4D
8961922,1788140278132,64798351920,64618356498,5F6aRdsBHajN2NhZHBTB6ibBFu7YuZZEWruWzB8x6B6GiZ4D,5F6aRdsBHajN2NhZHBTB6ibBFu7YuZZEWruWzB8x6B6GiZ4D
8962282,1788144599366,64798351920,64618356498,5F6aRdsBHajN2NhZHBTB6ibBFu7YuZZEWruWzB8x6B6GiZ4D,5F6aRdsBHajN2NhZHBTB6ibBFu7YuZZEWruWzB8x6B6GiZ4D
8962642,1788148920601,64798351920,64618356498,5F6aRdsBHajN2NhZHBTB6ibBFu7YuZZEWruWzB8x6B6GiZ4D,5F6aRdsBHajN2NhZHBTB6ibBFu7YuZZEWruWzB8x6B6GiZ4D
8963002,1788153241835,64798351920,64618356498,5F6aRdsBHajN2NhZHBTB6ibBFu7YuZZEWruWzB8x6B6GiZ4D,5F6aRdsBHajN2NhZHBTB6ibBFu7YuZZEWruWzB8x6B6GiZ4D
8963362,1788157563070,64798351920,64618356498,5F6aRdsBHajN2NhZHBTB6ibBFu7YuZZEWruWzB8x6B6GiZ4D,5F6aRdsBHajN2NhZHBTB6ibBFu7YuZZEWruWzB8x6B6GiZ4D
8963722,1788161884304,64798351920,64618356498,5F6aRdsBHajN2NhZHBTB6ibBFu7YuZZEWruWzB8x6B6GiZ4D,5F6aRdsBHajN2NhZHBTB6ibBFu7YuZZEWruWzB8x6B6GiZ4D
8964082,1788166205539,64798351920,64618356498,5F6aRdsBHajN2NhZHBTB6ibBFu7YuZZEWruWzB8x6B6GiZ4D,5F6aRdsBHajN2NhZHBTB6ibBFu7YuZZEWruWzB8x6B6GiZ4D
8964442,1788170526773,64798351920,64618356498,5F6aRdsBHajN2NhZHBTB6ibBFu7YuZZEWruWzB8x6B6GiZ4D,5F6aRdsBHajN2NhZHBTB6ibBFu7YuZZEWruWzB8x6B6GiZ4D
8964802,1788174848008,64798351920,64618356498,5F6aRdsBHajN2NhZHBTB6ibBFu7YuZZEWruWzB8x6B6GiZ4D,5F6aRdsBHajN2NhZHBTB6ibBFu7YuZZEWruWzB8x6B6GiZ4D
8965162,1788179169242,64798351920,64618356498,5F6aRdsBHajN2NhZHBTB6ibBFu7YuZZEWruWzB8x6B6GiZ4D,5F6aRdsBHajN2NhZHBTB6ibBFu7YuZZEWruWzB8x6B6GiZ4D
8965522,1788183490476,64798351920,64618356498,5F6aRdsBHajN2NhZHBTB6ibBFu7YuZZEWruWzB8x6B6GiZ4D,5F6aRdsBHajN2NhZHBTB6ibBFu7YuZZEWruWzB8x6B6GiZ4D
8965882,1788187811711,64798351920,64618356498,5F6aRdsBHajN2NhZHBTB6ibBFu7YuZZEWruWzB8x6B6GiZ4D,5F6aRdsBHajN2NhZHBTB6ibBFu7YuZZEWruWzB8x6B6GiZ4D
8966242,1788192132945,64798351920,64618356498,5F6aRdsBHajN2NhZHBTB6ibBFu7YuZZEWruWzB8x6B6GiZ4D,5F6aRdsBHajN2NhZHBTB6ibBFu7YuZZEWruWzB8x6B6GiZ4D
8966602,1788196454180,64798351920,64618356498,5F6aRdsBHajN2NhZHBTB6ibBFu7YuZZEWruWzB8x6B6GiZ4D,5F6aRdsBHajN2NhZHBTB6ibBFu7YuZZEWruWzB8x6B6GiZ4D
8966962,1788200775414,64798351920,64618356498,5F6aRdsBHajN2NhZHBTB6ibBFu7YuZZEWruWzB8x6B6GiZ4D,5F6aRdsBHajN2NhZHBTB6ibBFu7YuZZEWruWzB8x6B6GiZ4D
8967322,1788205096649,64798351920,64618356498,5F6aRdsBHajN2NhZHBTB6ibBFu7YuZZEWruWzB8x6B6GiZ4D,5F6aRdsBHajN2NhZHBTB6ibBFu7YuZZEWruWzB8x6B6GiZ4D
8967682,1788209417883,64798351920,64618356498,5F6aRdsBHajN2NhZHBTB6ibBFu7YuZZEWruWzB8x6B6GiZ4D,5F6aRdsBHajN2NhZHBTB6ibBFu7YuZZEWruWzB8x6B6GiZ4D
8968042,1788213739117,64798351920,64618356498,5F6aRdsBHajN2NhZHBTB6ibBFu7YuZZEWruWzB8x6B6GiZ4D,5F6aRdsBHajN2NhZHBTB6ibBFu7YuZZEWruWzB8x6B6GiZ4D
8968402,1788218060352,64798351920,64618356498,5F6aRdsBHajN2NhZHBTB6ibBFu7YuZZEWruWzB8x6B6GiZ4D,5F6aRdsBHajN2NhZHBTB6ibBFu7YuZZEWruWzB8x6B6GiZ4D
8968762,1788222381586,64798351920,64618356498,5F6aRdsBHajN2NhZHBTB6ibBFu7YuZZEWruWzB8x6B6GiZ4D,5F6aRdsBHajN2NhZHBTB6ibBFu7YuZZEWruWzB8x6B6GiZ4D
8969122,1788226702821,64798351920,64618356498,5F6aRdsBHajN2NhZHBTB6ibBFu7YuZZEWruWzB8x6B6GiZ4D,5F6aRdsBHajN2NhZHBTB6ibBFu7YuZZEWruWzB8x6B6GiZ4D
8969482,1788231024055,64798351920,64618356498,5F6aRdsBHajN2NhZHBTB6ibBFu7YuZZEWruWzB8x6B6GiZ4D,5F6aRdsBHajN2NhZHBTB6ibBFu7YuZZEWruWzB8x6B6GiZ4D
8969842,1788235345290,64798351920,64618356498,5F6aRdsBHajN2NhZHBTB6ibBFu7YuZZEWruWzB8x6B6GiZ4D,5F6aRdsBHajN2NhZHBTB6ibBFu7YuZZEWruWzB8x6B6GiZ4D
8970202,1788239666524,64798351920,64618356498,5F6aRdsBHajN2NhZHBTB6ibBFu7YuZZEWruWzB8x6B6GiZ4D,5F6aRdsBHajN2NhZHBTB6ibBFu7YuZZEWruWzB8x6B6GiZ4D
8970562,1788243987759,64798351920,64618356498,5F6aRdsBHajN2NhZHBTB6ibBFu7YuZZEWruWzB8x6B6GiZ4D,5F6aRdsBHajN2NhZHBTB6ibBFu7YuZZEWruWzB8x6B6GiZ4D
8970922,1788248308993,64798351920,64618356498,5F6aRdsBHajN2NhZHBTB6ibBFu7YuZZEWruWzB8x6B6GiZ4D,5F6aRdsBHajN2NhZHBTB6ibBFu7YuZZEWruWzB8x6B6GiZ4D
8971282,1788252630227,64798351920,64618356498,5F6aRdsBHajN2NhZHBTB6ibBFu7YuZZEWruWzB8x6B6GiZ4D,5F6aRdsBHajN2NhZHBTB6ibBFu7YuZZEWruWzB8x6B6GiZ4D
8971642,1788256951462,64798351920,64618356498,5F6aRdsBHajN2NhZHBTB6ibBFu7YuZZEWruWzB8x6B6GiZ4D,5F6aRdsBHajN2NhZHBTB6ibBFu7YuZZEWruWzB8x6B6GiZ4D
8972002,1788261272696,64798351920,64618356498,5F6aRdsBHajN2NhZHBTB6ibBFu7YuZZEWruWzB8x6B6GiZ4D,5F6aRdsBHajN2NhZHBTB6ibBFu7YuZZEWruWzB8x6B6GiZ4D
8972362,1788265593931,64798351920,64618356498,5F6aRdsBHajN2NhZHBTB6ibBFu7YuZZEWruWzB8x6B6GiZ4D,5F6aRdsBHajN2NhZHBTB6ibBFu7YuZZEWruWzB8x6B6GiZ4D
8972722,1788269915165,64798351920,64618356498,5F6aRdsBHajN2NhZHBTB6ibBFu7YuZZEWruWzB8x6B6GiZ4D,5F6aRdsBHajN2NhZHBTB6ibBFu7YuZZEWruWzB8x6B6GiZ4D
8973082,1788274236400,64798351920,64618356498,5F6aRdsBHajN2NhZHBTB6ibBFu7YuZZEWruWzB8x6B6GiZ4D,5F6aRdsBHajN2NhZHBTB6ibBFu7YuZZEWruWzB8x6B6GiZ4D
8973442,1788278557634,64798351920,64618356498,5F6aRdsBHajN2NhZHBTB6ibBFu7YuZZEWruWzB8x6B6GiZ4D,5F6aRdsBHajN2NhZHBTB6ibBFu7YuZZEWruWzB8x6B6GiZ4D
8973802,1788282878869,64798351920,64618356498,5F6aRdsBHajN2NhZHBTB6ibBFu7YuZZEWruWzB8x6B6GiZ4D,5F6aRdsBHajN2NhZHBTB6ibBFu7YuZZEWruWzB8x6B6GiZ4D
8974162,1788287200103,64798351920,64618356498,5F6aRdsBHajN2NhZHBTB6ibBFu7YuZZEWruWzB8x6B6GiZ4D,5F6aRdsBHajN2NhZHBTB6ibBFu7YuZZEWruWzB8x6B6GiZ4D
8974522,1788291521337,64798351920,64618356498,5F6aRdsBHajN2NhZHBTB6ibBFu7YuZZEWruWzB8x6B6GiZ4D,5F6aRdsBHajN2NhZHBTB6ibBFu7YuZZEWruWzB8x6B6GiZ4D
8974882,1788295842572,64798351920,64618356498,5F6aRdsBHajN2NhZHBTB6ibBFu7YuZZEWruWzB8x6B6GiZ4D,5F6aRdsBHajN2NhZHBTB6ibBFu7YuZZEWruWzB8x6B6GiZ4D
8975242,1788300163806,64798351920,64618356498,5F6aRdsBHajN2NhZHBTB6ibBFu7YuZZEWruWzB8x6B6GiZ4D,5F6aRdsBHajN2NhZHBTB6ibBFu7YuZZEWruWzB8x6B6GiZ4D
8975602,1788304485041,64798351920,64618356498,5F6aRdsBHajN2NhZHBTB6ibBFu7YuZZEWruWzB8x6B6GiZ4D,5F6aRdsBHajN2NhZHBTB6ibBFu7YuZZEWruWzB8x6B6GiZ4D
8975962,1788308806275,64798351920,64618356498,5F6aRdsBHajN2NhZHBTB6ibBFu7YuZZEWruWzB8x6B6GiZ4D,5F6aRdsBHajN2NhZHBTB6ibBFu7YuZZEWruWzB8x6B6GiZ4D
8976322,1788313127510,64798351920,64618356498,5F6aRdsBHajN2NhZHBTB6ibBFu7YuZZEWruWzB8x6B6GiZ4D,5F6aRdsBHajN2NhZHBTB6ibBFu7YuZZEWruWzB8x6B6GiZ4D
8976682,1788317448744,64798351920,64618356498,5F6aRdsBHajN2NhZHBTB6ibBFu7YuZZEWruWzB8x6B6GiZ4D,5F6aRdsBHajN2NhZHBTB6ibBFu7YuZZEWruWzB8x6B6GiZ4D
8977042,1788321769979,64798351920,64618356498,5F6aRdsBHajN2NhZHBTB6ibBFu7YuZZEWruWzB8x6B6GiZ4D,5F6aRdsBHajN2NhZHBTB6ibBFu7YuZZEWruWzB8x6B6GiZ4D
8977402,1788326091213,64798351920,64618356498,5F6aRdsBHajN2NhZHBTB6ibBFu7YuZZEWruWzB8x6B6GiZ4D,5F6aRdsBHajN2NhZHBTB6ibBFu7YuZZEWruWzB8x6B6GiZ4D
8977762,1788330412447,64798351920,64618356498,5F6aRdsBHajN2NhZHBTB6ibBFu7YuZZEWruWzB8x6B6GiZ4D,5F6aRdsBHajN2NhZHBTB6ibBFu7YuZZEWruWzB8x6B6GiZ4D
8978122,1788334733682,64798351920,64618356498,5F6aRdsBHajN2NhZHBTB6ibBFu7YuZZEWruWzB8x6B6GiZ4D,5F6aRdsBHajN2NhZHBTB6ibBFu7YuZZEWruWzB8x6B6GiZ4D
8978482,1788339054916,64798351920,64618356498,5F6aRdsBHajN2NhZHBTB6ibBFu7YuZZEWruWzB8x6B6GiZ4D,5F6aRdsBHajN2NhZHBTB6ibBFu7YuZZEWruWzB8x6B6GiZ4D
8978842,1788343376151,64798351920,64618356498,5F6aRdsBHajN2NhZHBTB6ibBFu7YuZZEWruWzB8x6B6GiZ4D,5F6aRdsBHajN2NhZHBTB6ibBFu7YuZZEWruWzB8x6B6GiZ4D
8979202,1788347697385,64798351920,64618356498,5F6aRdsBHajN2NhZHBTB6ibBFu7YuZZEWruWzB8x6B6GiZ4D,5F6aRdsBHajN2NhZHBTB6ibBFu7YuZZEWruWzB8x6B6GiZ4D
8979562,1788352018620,64798351920,64618356498,5F6aRdsBHajN2NhZHBTB6ibBFu7YuZZEWruWzB8x6B6GiZ4D,5F6aRdsBHajN2NhZHBTB6ibBFu7YuZZEWruWzB8x6B6GiZ4D
8979922,1788356339854,64798351920,64618356498,5F6aRdsBHajN2NhZHBTB6ibBFu7YuZZEWruWzB8x6B6GiZ4D,5F6aRdsBHajN2NhZHBTB6ibBFu7YuZZEWruWzB8x6B6GiZ4D
8980282,1788360661088,64798351920,64618356498,5F6aRdsBHajN2NhZHBTB6ibBFu7YuZZEWruWzB8x6B6GiZ4D,5F6aRdsBHajN2NhZHBTB6ibBFu7YuZZEWruWzB8x6B6GiZ4D
8980642,1788364982323,64798351920,64618356498,5F6aRdsBHajN2NhZHBTB6ibBFu7YuZZEWruWzB8x6B6GiZ4D,5F6aRdsBHajN2NhZHBTB6ibBFu7YuZZEWruWzB8x6B6GiZ4D
8981002,1788369303557,64798351920,64618356498,5F6aRdsBHajN2NhZHBTB6ibBFu7YuZZEWruWzB8x6B6GiZ4D,5F6aRdsBHajN2NhZHBTB6ibBFu7YuZZEWruWzB8x6B6GiZ4D
8981362,1788373624792,64798351920,64618356498,5F6aRdsBHajN2NhZHBTB6ibBFu7YuZZEWruWzB8x6B6GiZ4D,5F6aRdsBHajN2NhZHBTB6ibBFu7YuZZEWruWzB8x6B6GiZ4D
8981722,1788377946026,64798351920,64618356498,5F6aRdsBHajN2NhZHBTB6ibBFu7YuZZEWruWzB8x6B6GiZ4D,5F6aRdsBHajN2NhZHBTB6ibBFu7YuZZEWruWzB8x6B6GiZ4D
8982082,1788382267261,64798351920,64618356498,5F6aRdsBHajN2NhZHBTB6ibBFu7YuZZEWruWzB8x6B6GiZ4D,5F6aRdsBHajN2NhZHBTB6ibBFu7YuZZEWruWzB8x6B6GiZ4D
8982442,1788386588495,64798351920,64618356498,5F6aRdsBHajN2NhZHBTB6ibBFu7YuZZEWruWzB8x6B6GiZ4D,5F6aRdsBHajN2NhZHBTB6ibBFu7YuZZEWruWzB8x6B6GiZ4D
8982802,1788390909730,64798351920,64618356498,5F6aRdsBHajN2NhZHBTB6ibBFu7YuZZEWruWzB8x6B6GiZ4D,5F6aRdsBHajN2NhZHBTB6ibBFu7YuZZEWruWzB8x6B6GiZ4D
8983162,1788395230964,64798351920,64618356498,5F6aRdsBHajN2NhZHBTB6ibBFu7YuZZEWruWzB8x6B6GiZ4D,5F6aRdsBHajN2NhZHBTB6ibBFu7YuZZEWruWzB8x6B6GiZ4D
8983522,1788399552198,64798351920,64618356498,5F6aRdsBHajN2NhZHBTB6ibBFu7YuZZEWruWzB8x6B6GiZ4D,5F6aRdsBHajN2NhZHBTB6ibBFu7YuZZEWruWzB8x6B6GiZ4D
8983882,1788403873433,64798351920,64618356498,5F6aRdsBHajN2NhZHBTB6ibBFu7YuZZEWruWzB8x6B6GiZ4D,5F6aRdsBHajN2NhZHBTB6ibBFu7YuZZEWruWzB8x6B6GiZ4D
8984242,1788408194667,64798351920,64618356498,5F6aRdsBHajN2NhZHBTB6ibBFu7YuZZEWruWzB8x6B6GiZ4D,5F6aRdsBHajN2NhZHBTB6ibBFu7YuZZEWruWzB8x6B6GiZ4D
8984602,1788412515902,64798351920,64618356498,5F6aRdsBHajN2NhZHBTB6ibBFu7YuZZEWruWzB8x6B6GiZ4D,5F6aRdsBHajN2NhZHBTB6ibBFu7YuZZEWruWzB8x6B6GiZ4D
8984962,1788416837136,64798351920,64618356498,5F6aRdsBHajN2NhZHBTB6ibBFu7YuZZEWruWzB8x6B6GiZ4D,5F6aRdsBHajN2NhZHBTB6ibBFu7YuZZEWruWzB8x6B6GiZ4D
8985322,1788421158371,64798351920,64618356498,5F6aRdsBHajN2NhZHBTB6ibBFu7YuZZEWruWzB8x6B6GiZ4D,5F6aRdsBHajN2NhZHBTB6ibBFu7YuZZEWruWzB8x6B6GiZ4D
8985682,1788425479605,64798351920,64618356498,5F6aRdsBHajN2NhZHBTB6ibBFu7YuZZEWruWzB8x6B6GiZ4D,5F6aRdsBHajN2NhZHBTB6ibBFu7YuZZEWruWzB8x6B6GiZ4D
8986042,1788429800840,64798351920,64618356498,5F6aRdsBHajN2NhZHBTB6ibBFu7YuZZEWruWzB8x6B6GiZ4D,5F6aRdsBHajN2NhZHBTB6ibBFu7YuZZEWruWzB8x6B6GiZ4D
8986402,1788434122074,64798351920,64618356498,5F6aRdsBHajN2NhZHBTB6ibBFu7YuZZEWruWzB8x6B6GiZ4D,5F6aRdsBHajN2NhZHBTB6ibBFu7YuZZEWruWzB8x6B6GiZ4D
8986762,1788438443308,64798351920,64618356498,5F6aRdsBHajN2NhZHBTB6ibBFu7YuZZEWruWzB8x6B6GiZ4D,5F6aRdsBHajN2NhZHBTB6ibBFu7YuZZEWruWzB8x6B6GiZ4D
8987122,1788442764543,64798351920,64618356498,5F6aRdsBHajN2NhZHBTB6ibBFu7YuZZEWruWzB8x6B6GiZ4D,5F6aRdsBHajN2NhZHBTB6ibBFu7YuZZEWruWzB8x6B6GiZ4D
8987482,1788447085777,64798351920,64618356498,5F6aRdsBHajN2NhZHBTB6ibBFu7YuZZEWruWzB8x6B6GiZ4D,5F6aRdsBHajN2NhZHBTB6ibBFu7YuZZEWruWzB8x6B6GiZ4D
8987842,1788451407012,64798351920,64618356498,5F6aRdsBHajN2NhZHBTB6ibBFu7YuZZEWruWzB8x6B6GiZ4D,5F6aRdsBHajN2NhZHBTB6ibBFu7YuZZEWruWzB8x6B6GiZ4D
8988202,1788455728246,64798351920,64618356498,5F6aRdsBHajN2NhZHBTB6ibBFu7YuZZEWruWzB8x6B6GiZ4D,5F6aRdsBHajN2NhZHBTB6ibBFu7YuZZEWruWzB8x6B6GiZ4D
8988562,1788460049481,64798351920,64618356498,5F6aRdsBHajN2NhZHBTB6ibBFu7YuZZEWruWzB8x6B6GiZ4D,5F6aRdsBHajN2NhZHBTB6ibBFu7YuZZEWruWzB8x6B6GiZ4D
8988922,1788464370715,64798351920,64618356498,5F6aRdsBHajN2NhZHBTB6ibBFu7YuZZEWruWzB8x6B6GiZ4D,5F6aRdsBHajN2NhZHBTB6ibBFu7YuZZEWruWzB8x6B6GiZ4D
8989282,1788468691950,64798351920,64618356498,5F6aRdsBHajN2NhZHBTB6ibBFu7YuZZEWruWzB8x6B6GiZ4D,5F6aRdsBHajN2NhZHBTB6ibBFu7YuZZEWruWzB8x6B6GiZ4D
8989642,1788473013184,64798351920,64618356498,5F6aRdsBHajN2NhZHBTB6ibBFu7YuZZEWruWzB8x6B6GiZ4D,5F6aRdsBHajN2NhZHBTB6ibBFu7YuZZEWruWzB8x6B6GiZ4D
8990002,1788477334418,64798351920,64618356498,5F6aRdsBHajN2NhZHBTB6ibBFu7YuZZEWruWzB8x6B6GiZ4D,5F6aRdsBHajN2NhZHBTB6ibBFu7YuZZEWruWzB8x6B6GiZ4D
8990362,1788481655653,64798351920,64618356498,5F6aRdsBHajN2NhZHBTB6ibBFu7YuZZEWruWzB8x6B6GiZ4D,5F6aRdsBHajN2NhZHBTB6ibBFu7YuZZEWruWzB8x6B6GiZ4D
8990722,1788485976887,64798351920,64618356498,5F6aRdsBHajN2NhZHBTB6ibBFu7YuZZEWruWzB8x6B6GiZ4D,5F6aRdsBHajN2NhZHBTB6ibBFu7YuZZEWruWzB8x6B6GiZ4D
8991082,1788490298122,64798351920,64618356498,5F6aRdsBHajN2NhZHBTB6ibBFu7YuZZEWruWzB8x6B6GiZ4D,5F6aRdsBHajN2NhZHBTB6ibBFu7YuZZEWruWzB8x6B6GiZ4D
8991442,1788494619356,64798351920,64618356498,5F6aRdsBHajN2NhZHBTB6ibBFu7YuZZEWruWzB8x6B6GiZ4D,5F6aRdsBHajN2NhZHBTB6ibBFu7YuZZEWruWzB8x6B6GiZ4D
8991802,1788498940591,64798351920,64618356498,5F6aRdsBHajN2NhZHBTB6ibBFu7YuZZEWruWzB8x6B6GiZ4D,5F6aRdsBHajN2NhZHBTB6ibBFu7YuZZEWruWzB8x6B6GiZ4D
8992162,1788503261825,64798351920,64618356498,5F6aRdsBHajN2NhZHBTB6ibBFu7YuZZEWruWzB8x6B6GiZ4D,5F6aRdsBHajN2NhZHBTB6ibBFu7YuZZEWruWzB8x6B6GiZ4D
8992522,1788507583060,64798351920,64618356498,5F6aRdsBHajN2NhZHBTB6ibBFu7YuZZEWruWzB8x6B6GiZ4D,5F6aRdsBHajN2NhZHBTB6ibBFu7YuZZEWruWzB8x6B6GiZ4D
8992882,1788511904294,64798351920,64618356498,5F6aRdsBHajN2NhZHBTB6ibBFu7YuZZEWruWzB8x6B6GiZ4D,5F6aRdsBHajN2NhZHBTB6ibBFu7YuZZEWruWzB8x6B6GiZ4D
8993242,1788516225528,64798351920,64618356498,5F6aRdsBHajN2NhZHBTB6ibBFu7YuZZEWruWzB8x6B6GiZ4D,5F6aRdsBHajN2NhZHBTB6ibBFu7YuZZEWruWzB8x6B6GiZ4D
8993602,1788520546763,64798351920,64618356498,5F6aRdsBHajN2NhZHBTB6ibBFu7YuZZEWruWzB8x6B6GiZ4D,5F6aRdsBHajN2NhZHBTB6ibBFu7YuZZEWruWzB8x6B6GiZ4D
8993962,1788524867997,64798351920,64618356498,5F6aRdsBHajN2NhZHBTB6ibBFu7YuZZEWruWzB8x6B6GiZ4D,5F6aRdsBHajN2NhZHBTB6ibBFu7YuZZEWruWzB8x6B6GiZ4D
8994322,1788529189232,64798351920,64618356498,5F6aRdsBHajN2NhZHBTB6ibBFu7YuZZEWruWzB8x6B6GiZ4D,5F6aRdsBHajN2NhZHBTB6ibBFu7YuZZEWruWzB8x6B6GiZ4D
8994682,1788533510466,64798351920,64618356498,5F6aRdsBHajN2NhZHBTB6ibBFu7YuZZEWruWzB8x6B6GiZ4D,5F6aRdsBHajN2NhZHBTB6ibBFu7YuZZEWruWzB8x6B6GiZ4D
8995042,1788537831701,64798351920,64618356498,5F6aRdsBHajN2NhZHBTB6ibBFu7YuZZEWruWzB8x6B6GiZ4D,5F6aRdsBHajN2NhZHBTB6ibBFu7YuZZEWruWzB8x6B6GiZ4D
8995402,1788542152935,64798351920,64618356498,5F6aRdsBHajN2NhZHBTB6ibBFu7YuZZEWruWzB8x6B6GiZ4D,5F6aRdsBHajN2NhZHBTB6ibBFu7YuZZEWruWzB8x6B6GiZ4D
8995762,1788546474169,64798351920,64618356498,5F6aRdsBHajN2NhZHBTB6ibBFu7YuZZEWruWzB8x6B6GiZ4D,5F6aRdsBHajN2NhZHBTB6ibBFu7YuZZEWruWzB8x6B6GiZ4D
8996122,1788550795404,64798351920,64618356498,5F6aRdsBHajN2NhZHBTB6ibBFu7YuZZEWruWzB8x6B6GiZ4D,5F6aRdsBHajN2NhZHBTB6ibBFu7YuZZEWruWzB8x6B6GiZ4D
8996482,1788555116638,64798351920,64618356498,5F6aRdsBHajN2NhZHBTB6ibBFu7YuZZEWruWzB8x6B6GiZ4D,5F6aRdsBHajN2NhZHBTB6ibBFu7YuZZEWruWzB8x6B6GiZ4D
8996842,1788559437873,64798351920,64618356498,5F6aRdsBHajN2NhZHBTB6ibBFu7YuZZEWruWzB8x6B6GiZ4D,5F6aRdsBHajN2NhZHBTB6ibBFu7YuZZEWruWzB8x6B6GiZ4D
8997202,1788563759107,64798351920,64618356498,5F6aRdsBHajN2NhZHBTB6ibBFu7YuZZEWruWzB8x6B6GiZ4D,5F6aRdsBHajN2NhZHBTB6ibBFu7YuZZEWruWzB8x6B6GiZ4D
8997562,1788568080342,64798351920,64618356498,5F6aRdsBHajN2NhZHBTB6ibBFu7YuZZEWruWzB8x6B6GiZ4D,5F6aRdsBHajN2NhZHBTB6ibBFu7YuZZEWruWzB8x6B6GiZ4D
8997922,1788572401576,64798351920,64618356498,5F6aRdsBHajN2NhZHBTB6ibBFu7YuZZEWruWzB8x6B6GiZ4D,5F6aRdsBHajN2NhZHBTB6ibBFu7YuZZEWruWzB8x6B6GiZ4D
8998282,1788576722811,64798351920,64618356498,5F6aRdsBHajN2NhZHBTB6ibBFu7YuZZEWruWzB8x6B6GiZ4D,5F6aRdsBHajN2NhZHBTB6ibBFu7YuZZEWruWzB8x6B6GiZ4D
8998642,1788581044045,64798351920,64618356498,5F6aRdsBHajN2NhZHBTB6ibBFu7YuZZEWruWzB8x6B6GiZ4D,5F6aRdsBHajN2NhZHBTB6ibBFu7YuZZEWruWzB8x6B6GiZ4D
8999002,1788585365279,64798351920,64618356498,5F6aRdsBHajN2NhZHBTB6ibBFu7YuZZEWruWzB8x6B6GiZ4D,5F6aRdsBHajN2NhZHBTB6ibBFu7YuZZEWruWzB8x6B6GiZ4D
8999362,1788589686514,64798351920,64618356498,5F6aRdsBHajN2NhZHBTB6ibBFu7YuZZEWruWzB8x6B6GiZ4D,5F6aRdsBHajN2NhZHBTB6ibBFu7YuZZEWruWzB8x6B6GiZ4D
8999722,1788594007748,64798351920,64618356498,5F6aRdsBHajN2NhZHBTB6ibBFu7YuZZEWruWzB8x6B6GiZ4D,5F6aRdsBHajN2NhZHBTB6ibBFu7YuZZEWruWzB8x6B6GiZ4D
9000082,1788598328983,64798351920,64618356498,5F6aRdsBHajN2NhZHBTB6ibBFu7YuZZEWruWzB8x6B6GiZ4D,5F6aRdsBHajN2NhZHBTB6ibBFu7YuZZEWruWzB8x6B6GiZ4D
9000442,1788602650217,64798351920,64618356498,5F6aRdsBHajN2NhZHBTB6ibBFu7YuZZEWruWzB8x6B6GiZ4D,5F6aRdsBHajN2NhZHBTB6ibBFu7YuZZEWruWzB8x6B6GiZ4D
9000802,1788606971452,64798351920,64618356498,5F6aRdsBHajN2NhZHBTB6ibBFu7YuZZEWruWzB8x6B6GiZ4D,5F6aRdsBHajN2NhZHBTB6ibBFu7YuZZEWruWzB8x6B6GiZ4D
9001162,1788611292686,64798351920,64618356498,5F6aRdsBHajN2NhZHBTB6ibBFu7YuZZEWruWzB8x6B6GiZ4D,5F6aRdsBHajN2NhZHBTB6ibBFu7YuZZEWruWzB8x6B6GiZ4D
9001522,1788615613921,64798351920,64618356498,5F6aRdsBHajN2NhZHBTB6ibBFu7YuZZEWruWzB8x6B6GiZ4D,5F6aRdsBHajN2NhZHBTB6ibBFu7YuZZEWruWzB8x6B6GiZ4D
9001882,1788619935155,64798351920,64618356498,5F6aRdsBHajN2NhZHBTB6ibBFu7YuZZEWruWzB8x6B6GiZ4D,5F6aRdsBHajN2NhZHBTB6ibBFu7YuZZEWruWzB8x6B6GiZ4D
9002242,1788624256389,64798351920,64618356498,5F6aRdsBHajN2NhZHBTB6ibBFu7YuZZEWruWzB8x6B6GiZ4D,5F6aRdsBHajN2NhZHBTB6ibBFu7YuZZEWruWzB8x6B6GiZ4D
9002602,1788628577624,64798351920,64618356498,5F6aRdsBHajN2NhZHBTB6ibBFu7YuZZEWruWzB8x6B6GiZ4D,5F6aRdsBHajN2NhZHBTB6ibBFu7YuZZEWruWzB8x6B6GiZ4D
9002962,1788632898858,64798351920,64618356498,5F6aRdsBHajN2NhZHBTB6ibBFu7YuZZEWruWzB8x6B6GiZ4D,5F6aRdsBHajN2NhZHBTB6ibBFu7YuZZEWruWzB8x6B6GiZ4D
9003322,1788637220093,64798351920,64618356498,5F6aRdsBHajN2NhZHBTB6ibBFu7YuZZEWruWzB8x6B6GiZ4D,5F6aRdsBHajN2NhZHBTB6ibBFu7YuZZEWruWzB8x6B6GiZ4D
9003682,1788641541327,64798351920,64618356498,5F6aRdsBHajN2NhZHBTB6ibBFu7YuZZEWruWzB8x6B6GiZ4D,5F6aRdsBHajN2NhZHBTB6ibBFu7YuZZEWruWzB8x6B6GiZ4D
9004042,1788645862562,64798351920,64618356498,5F6aRdsBHajN2NhZHBTB6ibBFu7YuZZEWruWzB8x6B6GiZ4D,5F6aRdsBHajN2NhZHBTB6ibBFu7YuZZEWruWzB8x6B6GiZ4D
9004402,1788650183796,64798351920,64618356498,5F6aRdsBHajN2NhZHBTB6ibBFu7YuZZEWruWzB8x6B6GiZ4D,5F6aRdsBHajN2NhZHBTB6ibBFu7YuZZEWruWzB8x6B6GiZ4D
9004762,1788654505031,64798351920,64618356498,5F6aRdsBHajN2NhZHBTB6ibBFu7YuZZEWruWzB8x6B6GiZ4D,5F6aRdsBHajN2NhZHBTB6ibBFu7YuZZEWruWzB8x6B6GiZ4D
9005122,1788658826265,64798351920,64618356498,5F6aRdsBHajN2NhZHBTB6ibBFu7YuZZEWruWzB8x6B6GiZ4D,5F6aRdsBHajN2NhZHBTB6ibBFu7YuZZEWruWzB8x6B6GiZ4D
9005482,1788663147499,64798351920,64618356498,5F6aRdsBHajN2NhZHBTB6ibBFu7YuZZEWruWzB8x6B6GiZ4D,5F6aRdsBHajN2NhZHBTB6ibBFu7YuZZEWruWzB8x6B6GiZ4D
9005842,1788667468734,64798351920,64618356498,5F6aRdsBHajN2NhZHBTB6ibBFu7YuZZEWruWzB8x6B6GiZ4D,5F6aRdsBHajN2NhZHBTB6ibBFu7YuZZEWruWzB8x6B6GiZ4D
9006202,1788671789968,64798351920,64618356498,5F6aRdsBHajN2NhZHBTB6ibBFu7YuZZEWruWzB8x6B6GiZ4D,5F6aRdsBHajN2NhZHBTB6ibBFu7YuZZEWruWzB8x6B6GiZ4D
9006562,1788676111203,64798351920,64618356498,5F6aRdsBHajN2NhZHBTB6ibBFu7YuZZEWruWzB8x6B6GiZ4D,5F6aRdsBHajN2NhZHBTB6ibBFu7YuZZEWruWzB8x6B6GiZ4D
9006922,1788680432437,64798351920,64618356498,5F6aRdsBHajN2NhZHBTB6ibBFu7YuZZEWruWzB8x6B6GiZ4D,5F6aRdsBHajN2NhZHBTB6ibBFu7YuZZEWruWzB8x6B6GiZ4D
9007282,1788684753672,64798351920,64618356498,5F6aRdsBHajN2NhZHBTB6ibBFu7YuZZEWruWzB8x6B6GiZ4D,5F6aRdsBHajN2NhZHBTB6ibBFu7YuZZEWruWzB8x6B6GiZ4D
9007642,1788689074906,64798351920,64618356498,5F6aRdsBHajN2NhZHBTB6ibBFu7YuZZEWruWzB8x6B6GiZ4D,5F6aRdsBHajN2NhZHBTB6ibBFu7YuZZEWruWzB8x6B6GiZ4D
9008002,1788693396140,64798351920,64618356498,5F6aRdsBHajN2NhZHBTB6ibBFu7YuZZEWruWzB8x6B6GiZ4D,5F6aRdsBHajN2NhZHBTB6ibBFu7YuZZEWruWzB8x6B6GiZ4D
9008362,1788697717375,64798351920,64618356498,5F6aRdsBHajN2NhZHBTB6ibBFu7YuZZEWruWzB8x6B6GiZ4D,5F6aRdsBHajN2NhZHBTB6ibBFu7YuZZEWruWzB8x6B6GiZ4D
9008722,1788702038609,64798351920,64618356498,5F6aRdsBHajN2NhZHBTB6ibBFu7YuZZEWruWzB8x6B6GiZ4D,5F6aRdsBHajN2NhZHBTB6ibBFu7YuZZEWruWzB8x6B6GiZ4D
9009082,1788706359844,64798351920,64618356498,5F6aRdsBHajN2NhZHBTB6ibBFu7YuZZEWruWzB8x6B6GiZ4D,5F6aRdsBHajN2NhZHBTB6ibBFu7YuZZEWruWzB8x6B6GiZ4D
9009442,1788710681078,64798351920,64618356498,5F6aRdsBHajN2NhZHBTB6ibBFu7YuZZEWruWzB8x6B6GiZ4D,5F6aRdsBHajN2NhZHBTB6ibBFu7YuZZEWruWzB8x6B6GiZ4D
9009802,1788715002313,64798351920,64618356498,5F6aRdsBHajN2NhZHBTB6ibBFu7YuZZEWruWzB8x6B6GiZ4D,5F6aRdsBHajN2NhZHBTB6ibBFu7YuZZEWruWzB8x6B6GiZ4D
9010162,1788719323547,64798351920,64618356498,5F6aRdsBHajN2NhZHBTB6ibBFu7YuZZEWruWzB8x6B6GiZ4D,5F6aRdsBHajN2NhZHBTB6ibBFu7YuZZEWruWzB8x6B6GiZ4D
9010522,1788723644782,64798351920,64618356498,5F6aRdsBHajN2NhZHBTB6ibBFu7YuZZEWruWzB8x6B6GiZ4D,5F6aRdsBHajN2NhZHBTB6ibBFu7YuZZEWruWzB8x6B6GiZ4D
9010882,1788727966016,64798351920,64618356498,5F6aRdsBHajN2NhZHBTB6ibBFu7YuZZEWruWzB8x6B6GiZ4D,5F6aRdsBHajN2NhZHBTB6ibBFu7YuZZEWruWzB8x6B6GiZ4D
9011242,1788732287250,64798351920,64618356498,5F6aRdsBHajN2NhZHBTB6ibBFu7YuZZEWruWzB8x6B6GiZ4D,5F6aRdsBHajN2NhZHBTB6ibBFu7YuZZEWruWzB8x6B6GiZ4D
9011602,1788736608485,64798351920,64618356498,5F6aRdsBHajN2NhZHBTB6ibBFu7YuZZEWruWzB8x6B6GiZ4D,5F6aRdsBHajN2NhZHBTB6ibBFu7YuZZEWruWzB8x6B6GiZ4D
9011962,1788740929719,64798351920,64618356498,5F6aRdsBHajN2NhZHBTB6ibBFu7YuZZEWruWzB8x6B6GiZ4D,5F6aRdsBHajN2NhZHBTB6ibBFu7YuZZEWruWzB8x6B6GiZ4D
9012322,1788745250954,64798351920,64618356498,5F6aRdsBHajN2NhZHBTB6ibBFu7YuZZEWruWzB8x6B6GiZ4D,5F6aRdsBHajN2NhZHBTB6ibBFu7YuZZEWruWzB8x6B6GiZ4D
9012682,1788749572188,64798351920,64618356498,5F6aRdsBHajN2NhZHBTB6ibBFu7YuZZEWruWzB8x6B6GiZ4D,5F6aRdsBHajN2NhZHBTB6ibBFu7YuZZEWruWzB8x6B6GiZ4D
9013042,1788753893423,64798351920,64618356498,5F6aRdsBHajN2NhZHBTB6ibBFu7YuZZEWruWzB8x6B6GiZ4D,5F6aRdsBHajN2NhZHBTB6ibBFu7YuZZEWruWzB8x6B6GiZ4D
9013402,1788758214657,64798351920,64618356498,5F6aRdsBHajN2NhZHBTB6ibBFu7YuZZEWruWzB8x6B6GiZ4D,5F6aRdsBHajN2NhZHBTB6ibBFu7YuZZEWruWzB8x6B6GiZ4D
9013762,1788762535892,64798351920,64618356498,5F6aRdsBHajN2NhZHBTB6ibBFu7YuZZEWruWzB8x6B6GiZ4D,5F6aRdsBHajN2NhZHBTB6ibBFu7YuZZEWruWzB8x6B6GiZ4D
9014122,1788766857126,64798351920,64618356498,5F6aRdsBHajN2NhZHBTB6ibBFu7YuZZEWruWzB8x6B6GiZ4D,5F6aRdsBHajN2NhZHBTB6ibBFu7YuZZEWruWzB8x6B6GiZ4D
9014482,1788771178360,64798351920,64618356498,5F6aRdsBHajN2NhZHBTB6ibBFu7YuZZEWruWzB8x6B6GiZ4D,5F6aRdsBHajN2NhZHBTB6ibBFu7YuZZEWruWzB8x6B6GiZ4D
9014842,1788775499595,64798351920,64618356498,5F6aRdsBHajN2NhZHBTB6ibBFu7YuZZEWruWzB8x6B6GiZ4D,5F6aRdsBHajN2NhZHBTB6ibBFu7YuZZEWruWzB8x6B6GiZ4D
